Session Information:,,,,Device Information:,,,,Oarlock Information:,,,,Oarlock Settings:

Name:,JustGo-7270M,,,Name:,SpdCoach 2669346,,,Firmware:,---,,,Boat ID:,---
Start Time:,07/20/2026 17:37:08,,,Model:,---,,,,,,,Seat Number:,---
Type:,Just Go,,,Serial:,,,,,,,,Port Starboard:,---
System of Units:,Meters/Split500,,,Firmware Version:,---,,,,,,,Oar Length:,---
Speed Input:,GPS,,,Profile Version:,---,,,,,,,Inboard Length:,---
,,,,Hardware Version:,---,,,,,,,,
,,,,LiNK Version:,2.1.68,,,,,,,,


Session Summary:

Total Intervals,Total Distance (GPS),Total Distance (IMP),Total Elapsed Time,Avg Split (GPS),Avg Speed (GPS),Avg Split (IMP),Avg Speed (IMP),Avg Stroke Rate,Total Strokes,Distance/Stroke (GPS),Distance/Stroke (IMP),Avg Heart Rate,Avg Power,Avg Catch,Avg Slip,Avg Finish,Avg Wash,Avg Force Avg,Avg Work,Avg Force Max,Avg Max Force Angle,Start GPS Lat.,Start GPS Lon.
(Interval),(Meters),(Meters),(HH:MM:SS.tenths),(/500),(M/S),(/500),(M/S),(SPM),(Strokes),(Meters),(Meters),(BPM),(Watts),(Degrees),(Degrees),(Degrees),(Degrees),(Newtons),(Joules),(Newtons),(Degrees),(Degrees),(Degrees)
1,7270.9,0.0,00:38:06.3,00:02:37.2,3.18,00:00:00.0,0.00,21.0,756,9.6,0.0,---,---,---,---,---,---,---,---,---,---,40.1758225,-82.8704100


Interval Summaries:

Interval,Total Distance (GPS),Total Distance (IMP),Total Elapsed Time,Avg Split (GPS),Avg Speed (GPS),Avg Split (IMP),Avg Speed (IMP),Avg Stroke Rate,Total Strokes,Distance/Stroke (GPS),Distance/Stroke (IMP),Avg Heart Rate,Avg Power,Avg Catch,Avg Slip,Avg Finish,Avg Wash,Avg Force Avg,Avg Work,Avg Force Max,Avg Max Force Angle,Start GPS Lat.,Start GPS Lon.
(Interval),(Meters),(Meters),(HH:MM:SS.tenths),(/500),(M/S),(/500),(M/S),(SPM),(Strokes),(Meters),(Meters),(BPM),(Watts),(Degrees),(Degrees),(Degrees),(Degrees),(Newtons),(Joules),(Newtons),(Degrees),(Degrees),(Degrees)
1,7270.9,0.0,00:38:06.3,00:02:37.2,3.18,00:00:00.0,0.00,21.0,756,9.6,0.0,---,---,---,---,---,---,---,---,---,---,40.1758225,-82.8704100



Per-Stroke Data:

Interval,Distance (GPS),Distance (IMP),Elapsed Time,Split (GPS),Speed (GPS),Split (IMP),Speed (IMP),Stroke Rate,Total Strokes,Distance/Stroke (GPS),Distance/Stroke (IMP),Heart Rate,Power,Catch,Slip,Finish,Wash,Force Avg,Work,Force Max,Max Force Angle,GPS Lat.,GPS Lon.
(Interval),(Meters),(Meters),(HH:MM:SS.tenths),(/500),(M/S),(/500),(M/S),(SPM),(Strokes),(Meters),(Meters),(BPM),(Watts),(Degrees),(Degrees),(Degrees),(Degrees),(Newtons),(Joules),(Newtons),(Degrees),(Degrees),(Degrees)
1,1.4,0.0,00:00:06.3,00:08:05.4,1.03,00:00:00.0,0.00,9.5,1,1.4,0.0,---,---,---,---,---,---,---,---,---,---,40.1758225,-82.8704100
1,1.7,0.0,00:00:09.1,00:37:52.7,0.22,00:00:00.0,0.00,18.5,2,0.3,0.0,---,---,---,---,---,---,---,---,---,---,40.1758207,-82.8704080
1,5.7,0.0,00:00:12.1,00:21:55.7,0.38,00:00:00.0,0.00,28.0,3,4.0,0.0,---,---,---,---,---,---,---,---,---,---,40.1757842,-82.8704121
1,7.4,0.0,00:00:13.1,00:07:11.0,1.16,00:00:00.0,0.00,31.5,4,1.7,0.0,---,---,---,---,---,---,---,---,---,---,40.1757690,-82.8704131
1,15.8,0.0,00:00:16.5,00:04:05.0,2.04,00:00:00.0,0.00,18.0,5,8.5,0.0,---,---,---,---,---,---,---,---,---,---,40.1756929,-82.8704166
1,25.4,0.0,00:00:19.7,00:03:13.0,2.59,00:00:00.0,0.00,19.5,6,9.6,0.0,---,---,---,---,---,---,---,---,---,---,40.1756069,-82.8704217
1,33.9,0.0,00:00:22.5,00:02:49.4,2.95,00:00:00.0,0.00,20.0,7,8.5,0.0,---,---,---,---,---,---,---,---,---,---,40.1755305,-82.8704229
1,44.0,0.0,00:00:25.7,00:02:41.8,3.09,00:00:00.0,0.00,20.0,8,10.1,0.0,---,---,---,---,---,---,---,---,---,---,40.1754400,-82.8704295
1,52.4,0.0,00:00:28.5,00:02:41.8,3.09,00:00:00.0,0.00,21.0,9,8.4,0.0,---,---,---,---,---,---,---,---,---,---,40.1753647,-82.8704334
1,62.0,0.0,00:00:31.5,00:02:41.8,3.09,00:00:00.0,0.00,20.0,10,9.6,0.0,---,---,---,---,---,---,---,---,---,---,40.1752787,-82.8704371
1,70.4,0.0,00:00:34.3,00:02:40.7,3.11,00:00:00.0,0.00,20.5,11,8.4,0.0,---,---,---,---,---,---,---,---,---,---,40.1752033,-82.8704431
1,80.0,0.0,00:00:37.3,00:02:45.0,3.03,00:00:00.0,0.00,20.5,12,9.6,0.0,---,---,---,---,---,---,---,---,---,---,40.1751174,-82.8704508
1,89.0,0.0,00:00:40.3,00:02:43.9,3.05,00:00:00.0,0.00,20.5,13,9.0,0.0,---,---,---,---,---,---,---,---,---,---,40.1750363,-82.8704583
1,98.6,0.0,00:00:43.3,00:02:41.8,3.09,00:00:00.0,0.00,19.5,14,9.6,0.0,---,---,---,---,---,---,---,---,---,---,40.1749503,-82.8704681
1,108.1,0.0,00:00:46.3,00:02:40.2,3.12,00:00:00.0,0.00,19.5,15,9.5,0.0,---,---,---,---,---,---,---,---,---,---,40.1748654,-82.8704811
1,117.8,0.0,00:00:49.5,00:02:41.8,3.09,00:00:00.0,0.00,19.5,16,9.6,0.0,---,---,---,---,---,---,---,---,---,---,40.1747796,-82.8704934
1,126.6,0.0,00:00:52.5,00:02:47.2,2.99,00:00:00.0,0.00,19.5,17,8.9,0.0,---,---,---,---,---,---,---,---,---,---,40.1747008,-82.8705068
1,135.7,0.0,00:00:55.5,00:02:48.3,2.97,00:00:00.0,0.00,20.0,18,9.1,0.0,---,---,---,---,---,---,---,---,---,---,40.1746206,-82.8705297
1,145.3,0.0,00:00:58.7,00:02:44.4,3.04,00:00:00.0,0.00,19.5,19,9.5,0.0,---,---,---,---,---,---,---,---,---,---,40.1745371,-82.8705550
1,154.0,0.0,00:01:01.5,00:02:42.8,3.07,00:00:00.0,0.00,20.5,20,8.7,0.0,---,---,---,---,---,---,---,---,---,---,40.1744623,-82.8705838
1,163.7,0.0,00:01:04.7,00:02:42.3,3.08,00:00:00.0,0.00,20.0,21,9.7,0.0,---,---,---,---,---,---,---,---,---,---,40.1743785,-82.8706155
1,173.1,0.0,00:01:07.7,00:02:39.2,3.14,00:00:00.0,0.00,19.5,22,9.5,0.0,---,---,---,---,---,---,---,---,---,---,40.1742970,-82.8706473
1,182.7,0.0,00:01:10.7,00:02:37.7,3.17,00:00:00.0,0.00,20.5,23,9.6,0.0,---,---,---,---,---,---,---,---,---,---,40.1742136,-82.8706755
1,192.0,0.0,00:01:13.5,00:02:36.2,3.20,00:00:00.0,0.00,20.5,24,9.3,0.0,---,---,---,---,---,---,---,---,---,---,40.1741329,-82.8707016
1,201.8,0.0,00:01:16.5,00:02:31.9,3.29,00:00:00.0,0.00,19.5,25,9.8,0.0,---,---,---,---,---,---,---,---,---,---,40.1740469,-82.8707254
1,212.2,0.0,00:01:19.5,00:02:28.3,3.37,00:00:00.0,0.00,20.5,26,10.5,0.0,---,---,---,---,---,---,---,---,---,---,40.1739552,-82.8707517
1,222.6,0.0,00:01:22.5,00:02:25.3,3.44,00:00:00.0,0.00,20.0,27,10.4,0.0,---,---,---,---,---,---,---,---,---,---,40.1738639,-82.8707767
1,232.5,0.0,00:01:25.3,00:02:22.4,3.51,00:00:00.0,0.00,21.0,28,9.9,0.0,---,---,---,---,---,---,---,---,---,---,40.1737767,-82.8707989
1,242.6,0.0,00:01:28.3,00:02:24.5,3.46,00:00:00.0,0.00,21.0,29,10.1,0.0,---,---,---,---,---,---,---,---,---,---,40.1736877,-82.8708245
1,252.6,0.0,00:01:31.1,00:02:22.4,3.51,00:00:00.0,0.00,20.5,30,9.9,0.0,---,---,---,---,---,---,---,---,---,---,40.1735999,-82.8708458
1,262.9,0.0,00:01:34.1,00:02:22.8,3.50,00:00:00.0,0.00,21.0,31,10.3,0.0,---,---,---,---,---,---,---,---,---,---,40.1735084,-82.8708662
1,273.4,0.0,00:01:37.1,00:02:27.0,3.40,00:00:00.0,0.00,20.0,32,10.5,0.0,---,---,---,---,---,---,---,---,---,---,40.1734159,-82.8708918
1,283.6,0.0,00:01:40.1,00:02:28.3,3.37,00:00:00.0,0.00,19.5,33,10.2,0.0,---,---,---,---,---,---,---,---,---,---,40.1733264,-82.8709164
1,293.8,0.0,00:01:43.1,00:02:27.9,3.38,00:00:00.0,0.00,20.5,34,10.2,0.0,---,---,---,---,---,---,---,---,---,---,40.1732376,-82.8709439
1,304.3,0.0,00:01:46.1,00:02:26.1,3.42,00:00:00.0,0.00,20.0,35,10.5,0.0,---,---,---,---,---,---,---,---,---,---,40.1731458,-82.8709713
1,314.6,0.0,00:01:49.1,00:02:25.7,3.43,00:00:00.0,0.00,20.5,36,10.4,0.0,---,---,---,---,---,---,---,---,---,---,40.1730547,-82.8709977
1,324.7,0.0,00:01:51.9,00:02:23.2,3.49,00:00:00.0,0.00,20.0,37,10.1,0.0,---,---,---,---,---,---,---,---,---,---,40.1729666,-82.8710258
1,335.8,0.0,00:01:55.1,00:02:22.8,3.50,00:00:00.0,0.00,19.5,38,11.1,0.0,---,---,---,---,---,---,---,---,---,---,40.1728692,-82.8710523
1,346.3,0.0,00:01:58.1,00:02:24.5,3.46,00:00:00.0,0.00,19.5,39,10.5,0.0,---,---,---,---,---,---,---,---,---,---,40.1727765,-82.8710778
1,357.3,0.0,00:02:01.3,00:02:24.5,3.46,00:00:00.0,0.00,19.5,40,11.0,0.0,---,---,---,---,---,---,---,---,---,---,40.1726803,-82.8711040
1,367.3,0.0,00:02:04.3,00:02:27.0,3.40,00:00:00.0,0.00,20.0,41,10.0,0.0,---,---,---,---,---,---,---,---,---,---,40.1725924,-82.8711301
1,377.1,0.0,00:02:07.3,00:02:28.3,3.37,00:00:00.0,0.00,20.0,42,9.8,0.0,---,---,---,---,---,---,---,---,---,---,40.1725068,-82.8711556
1,387.2,0.0,00:02:10.3,00:02:30.1,3.33,00:00:00.0,0.00,19.5,43,10.1,0.0,---,---,---,---,---,---,---,---,---,---,40.1724175,-82.8711772
1,397.2,0.0,00:02:13.3,00:02:30.1,3.33,00:00:00.0,0.00,20.5,44,10.0,0.0,---,---,---,---,---,---,---,---,---,---,40.1723294,-82.8712010
1,407.3,0.0,00:02:16.3,00:02:28.3,3.37,00:00:00.0,0.00,20.5,45,10.1,0.0,---,---,---,---,---,---,---,---,---,---,40.1722407,-82.8712241
1,417.5,0.0,00:02:19.3,00:02:30.1,3.33,00:00:00.0,0.00,19.5,46,10.2,0.0,---,---,---,---,---,---,---,---,---,---,40.1721508,-82.8712493
1,427.9,0.0,00:02:22.3,00:02:27.9,3.38,00:00:00.0,0.00,20.0,47,10.4,0.0,---,---,---,---,---,---,---,---,---,---,40.1720595,-82.8712728
1,438.1,0.0,00:02:25.3,00:02:24.0,3.47,00:00:00.0,0.00,20.5,48,10.2,0.0,---,---,---,---,---,---,---,---,---,---,40.1719693,-82.8712931
1,448.2,0.0,00:02:28.3,00:02:25.7,3.43,00:00:00.0,0.00,20.0,49,10.1,0.0,---,---,---,---,---,---,---,---,---,---,40.1718794,-82.8713096
1,457.9,0.0,00:02:31.3,00:02:29.2,3.35,00:00:00.0,0.00,20.0,50,9.7,0.0,---,---,---,---,---,---,---,---,---,---,40.1717924,-82.8713204
1,468.2,0.0,00:02:34.3,00:02:31.0,3.31,00:00:00.0,0.00,20.0,51,10.3,0.0,---,---,---,---,---,---,---,---,---,---,40.1717001,-82.8713257
1,478.4,0.0,00:02:37.3,00:02:29.2,3.35,00:00:00.0,0.00,19.5,52,10.2,0.0,---,---,---,---,---,---,---,---,---,---,40.1716088,-82.8713295
1,488.8,0.0,00:02:40.5,00:02:29.2,3.35,00:00:00.0,0.00,19.5,53,10.4,0.0,---,---,---,---,---,---,---,---,---,---,40.1715156,-82.8713414
1,498.8,0.0,00:02:43.5,00:02:32.4,3.28,00:00:00.0,0.00,19.5,54,10.0,0.0,---,---,---,---,---,---,---,---,---,---,40.1714265,-82.8713524
1,508.6,0.0,00:02:46.5,00:02:34.3,3.24,00:00:00.0,0.00,20.0,55,9.8,0.0,---,---,---,---,---,---,---,---,---,---,40.1713388,-82.8713662
1,518.9,0.0,00:02:49.7,00:02:34.7,3.23,00:00:00.0,0.00,19.5,56,10.3,0.0,---,---,---,---,---,---,---,---,---,---,40.1712465,-82.8713763
1,528.7,0.0,00:02:52.7,00:02:33.3,3.26,00:00:00.0,0.00,20.0,57,9.8,0.0,---,---,---,---,---,---,---,---,---,---,40.1711588,-82.8713844
1,538.5,0.0,00:02:55.7,00:02:34.7,3.23,00:00:00.0,0.00,20.0,58,9.8,0.0,---,---,---,---,---,---,---,---,---,---,40.1710713,-82.8713941
1,547.8,0.0,00:02:58.5,00:02:35.2,3.22,00:00:00.0,0.00,20.0,59,9.4,0.0,---,---,---,---,---,---,---,---,---,---,40.1709874,-82.8714038
1,558.5,0.0,00:03:01.7,00:02:30.1,3.33,00:00:00.0,0.00,20.0,60,10.7,0.0,---,---,---,---,---,---,---,---,---,---,40.1708925,-82.8714185
1,568.5,0.0,00:03:04.7,00:02:27.9,3.38,00:00:00.0,0.00,20.0,61,10.0,0.0,---,---,---,---,---,---,---,---,---,---,40.1708030,-82.8714308
1,578.7,0.0,00:03:07.7,00:02:28.3,3.37,00:00:00.0,0.00,20.0,62,10.2,0.0,---,---,---,---,---,---,---,---,---,---,40.1707122,-82.8714429
1,588.9,0.0,00:03:10.7,00:02:29.2,3.35,00:00:00.0,0.00,19.5,63,10.3,0.0,---,---,---,---,---,---,---,---,---,---,40.1706209,-82.8714586
1,599.5,0.0,00:03:14.1,00:02:29.6,3.34,00:00:00.0,0.00,19.5,64,10.6,0.0,---,---,---,---,---,---,---,---,---,---,40.1705266,-82.8714750
1,609.7,0.0,00:03:17.1,00:02:27.0,3.40,00:00:00.0,0.00,20.5,65,10.2,0.0,---,---,---,---,---,---,---,---,---,---,40.1704355,-82.8714896
1,618.5,0.0,00:03:19.7,00:02:31.5,3.30,00:00:00.0,0.00,20.0,66,8.8,0.0,---,---,---,---,---,---,---,---,---,---,40.1703570,-82.8715012
1,628.2,0.0,00:03:22.7,00:02:38.2,3.16,00:00:00.0,0.00,21.0,67,9.6,0.0,---,---,---,---,---,---,---,---,---,---,40.1702714,-82.8715192
1,638.1,0.0,00:03:25.7,00:02:35.2,3.22,00:00:00.0,0.00,19.5,68,9.9,0.0,---,---,---,---,---,---,---,---,---,---,40.1701832,-82.8715364
1,648.3,0.0,00:03:28.7,00:02:31.5,3.30,00:00:00.0,0.00,20.0,69,10.3,0.0,---,---,---,---,---,---,---,---,---,---,40.1700916,-82.8715496
1,658.5,0.0,00:03:31.7,00:02:30.6,3.32,00:00:00.0,0.00,20.5,70,10.1,0.0,---,---,---,---,---,---,---,---,---,---,40.1700016,-82.8715672
1,669.0,0.0,00:03:34.7,00:02:28.8,3.36,00:00:00.0,0.00,20.0,71,10.5,0.0,---,---,---,---,---,---,---,---,---,---,40.1699086,-82.8715890
1,679.3,0.0,00:03:37.7,00:02:25.7,3.43,00:00:00.0,0.00,20.0,72,10.3,0.0,---,---,---,---,---,---,---,---,---,---,40.1698173,-82.8716066
1,689.6,0.0,00:03:40.7,00:02:26.6,3.41,00:00:00.0,0.00,19.5,73,10.3,0.0,---,---,---,---,---,---,---,---,---,---,40.1697252,-82.8716198
1,699.8,0.0,00:03:43.7,00:02:27.9,3.38,00:00:00.0,0.00,20.0,74,10.2,0.0,---,---,---,---,---,---,---,---,---,---,40.1696340,-82.8716300
1,710.4,0.0,00:03:47.1,00:02:27.4,3.39,00:00:00.0,0.00,20.0,75,10.6,0.0,---,---,---,---,---,---,---,---,---,---,40.1695390,-82.8716401
1,720.1,0.0,00:03:50.1,00:02:30.1,3.33,00:00:00.0,0.00,20.0,76,9.7,0.0,---,---,---,---,---,---,---,---,---,---,40.1694523,-82.8716508
1,730.0,0.0,00:03:53.1,00:02:33.3,3.26,00:00:00.0,0.00,19.5,77,9.9,0.0,---,---,---,---,---,---,---,---,---,---,40.1693638,-82.8716608
1,739.4,0.0,00:03:56.1,00:02:34.3,3.24,00:00:00.0,0.00,19.5,78,9.4,0.0,---,---,---,---,---,---,---,---,---,---,40.1692798,-82.8716773
1,749.3,0.0,00:03:59.1,00:02:33.3,3.26,00:00:00.0,0.00,20.0,79,9.9,0.0,---,---,---,---,---,---,---,---,---,---,40.1691917,-82.8716948
1,759.4,0.0,00:04:02.1,00:02:31.0,3.31,00:00:00.0,0.00,20.0,80,10.0,0.0,---,---,---,---,---,---,---,---,---,---,40.1691026,-82.8717136
1,769.0,0.0,00:04:05.1,00:02:30.1,3.33,00:00:00.0,0.00,20.0,81,9.6,0.0,---,---,---,---,---,---,---,---,---,---,40.1690167,-82.8717268
1,778.7,0.0,00:04:08.1,00:02:30.6,3.32,00:00:00.0,0.00,20.0,82,9.7,0.0,---,---,---,---,---,---,---,---,---,---,40.1689305,-82.8717441
1,789.1,0.0,00:04:11.1,00:02:27.4,3.39,00:00:00.0,0.00,20.0,83,10.4,0.0,---,---,---,---,---,---,---,---,---,---,40.1688385,-82.8717616
1,799.0,0.0,00:04:14.1,00:02:26.6,3.41,00:00:00.0,0.00,19.5,84,9.9,0.0,---,---,---,---,---,---,---,---,---,---,40.1687506,-82.8717835
1,808.7,0.0,00:04:17.1,00:02:29.6,3.34,00:00:00.0,0.00,19.5,85,9.6,0.0,---,---,---,---,---,---,---,---,---,---,40.1686654,-82.8718065
1,819.2,0.0,00:04:20.3,00:02:31.5,3.30,00:00:00.0,0.00,19.5,86,10.5,0.0,---,---,---,---,---,---,---,---,---,---,40.1685737,-82.8718348
1,829.7,0.0,00:04:23.3,00:02:29.6,3.34,00:00:00.0,0.00,20.0,87,10.5,0.0,---,---,---,---,---,---,---,---,---,---,40.1684821,-82.8718664
1,839.9,0.0,00:04:26.4,00:02:27.9,3.38,00:00:00.0,0.00,19.5,88,10.1,0.0,---,---,---,---,---,---,---,---,---,---,40.1683950,-82.8719012
1,849.7,0.0,00:04:29.3,00:02:29.2,3.35,00:00:00.0,0.00,20.0,89,9.8,0.0,---,---,---,---,---,---,---,---,---,---,40.1683108,-82.8719351
1,860.5,0.0,00:04:32.5,00:02:29.6,3.34,00:00:00.0,0.00,19.0,90,10.8,0.0,---,---,---,---,---,---,---,---,---,---,40.1682175,-82.8719725
1,871.1,0.0,00:04:35.7,00:02:27.9,3.38,00:00:00.0,0.00,19.5,91,10.6,0.0,---,---,---,---,---,---,---,---,---,---,40.1681263,-82.8720078
1,881.2,0.0,00:04:38.7,00:02:27.9,3.38,00:00:00.0,0.00,20.0,92,10.0,0.0,---,---,---,---,---,---,---,---,---,---,40.1680407,-82.8720453
1,891.6,0.0,00:04:41.9,00:02:29.2,3.35,00:00:00.0,0.00,19.0,93,10.4,0.0,---,---,---,---,---,---,---,---,---,---,40.1679527,-82.8720869
1,901.5,0.0,00:04:44.9,00:02:29.6,3.34,00:00:00.0,0.00,19.5,94,9.9,0.0,---,---,---,---,---,---,---,---,---,---,40.1678692,-82.8721262
1,912.0,0.0,00:04:48.1,00:02:28.8,3.36,00:00:00.0,0.00,19.0,95,10.6,0.0,---,---,---,---,---,---,---,---,---,---,40.1677810,-82.8721721
1,922.5,0.0,00:04:51.3,00:02:30.6,3.32,00:00:00.0,0.00,19.0,96,10.4,0.0,---,---,---,---,---,---,---,---,---,---,40.1676933,-82.8722153
1,932.1,0.0,00:04:54.3,00:02:33.3,3.26,00:00:00.0,0.00,19.5,97,9.6,0.0,---,---,---,---,---,---,---,---,---,---,40.1676152,-82.8722643
1,941.6,0.0,00:04:57.3,00:02:36.2,3.20,00:00:00.0,0.00,19.5,98,9.5,0.0,---,---,---,---,---,---,---,---,---,---,40.1675362,-82.8723077
1,951.6,0.0,00:05:00.5,00:02:38.2,3.16,00:00:00.0,0.00,20.0,99,10.0,0.0,---,---,---,---,---,---,---,---,---,---,40.1674529,-82.8723495
1,961.3,0.0,00:05:03.5,00:02:36.7,3.19,00:00:00.0,0.00,19.5,100,9.7,0.0,---,---,---,---,---,---,---,---,---,---,40.1673705,-82.8723864
1,971.1,0.0,00:05:06.5,00:02:34.7,3.23,00:00:00.0,0.00,19.5,101,9.8,0.0,---,---,---,---,---,---,---,---,---,---,40.1672860,-82.8724194
1,980.4,0.0,00:05:09.5,00:02:38.2,3.16,00:00:00.0,0.00,20.0,102,9.3,0.0,---,---,---,---,---,---,---,---,---,---,40.1672068,-82.8724541
1,990.9,0.0,00:05:12.7,00:02:36.2,3.20,00:00:00.0,0.00,19.5,103,10.6,0.0,---,---,---,---,---,---,---,---,---,---,40.1671175,-82.8724961
1,1001.1,0.0,00:05:15.7,00:02:30.1,3.33,00:00:00.0,0.00,19.5,104,10.2,0.0,---,---,---,---,---,---,---,---,---,---,40.1670307,-82.8725339
1,1011.2,0.0,00:05:18.7,00:02:29.6,3.34,00:00:00.0,0.00,19.5,105,10.1,0.0,---,---,---,---,---,---,---,---,---,---,40.1669450,-82.8725719
1,1022.1,0.0,00:05:21.9,00:02:27.4,3.39,00:00:00.0,0.00,19.5,106,10.9,0.0,---,---,---,---,---,---,---,---,---,---,40.1668539,-82.8726186
1,1032.0,0.0,00:05:24.9,00:02:27.0,3.40,00:00:00.0,0.00,20.0,107,9.9,0.0,---,---,---,---,---,---,---,---,---,---,40.1667714,-82.8726624
1,1042.1,0.0,00:05:27.9,00:02:29.6,3.34,00:00:00.0,0.00,20.0,108,10.1,0.0,---,---,---,---,---,---,---,---,---,---,40.1666870,-82.8727067
1,1052.3,0.0,00:05:30.9,00:02:28.8,3.36,00:00:00.0,0.00,20.5,109,10.2,0.0,---,---,---,---,---,---,---,---,---,---,40.1666034,-82.8727569
1,1062.5,0.0,00:05:33.9,00:02:28.3,3.37,00:00:00.0,0.00,20.0,110,10.1,0.0,---,---,---,---,---,---,---,---,---,---,40.1665208,-82.8728065
1,1072.3,0.0,00:05:36.9,00:02:27.9,3.38,00:00:00.0,0.00,19.5,111,9.8,0.0,---,---,---,---,---,---,---,---,---,---,40.1664397,-82.8728529
1,1082.4,0.0,00:05:39.9,00:02:27.9,3.38,00:00:00.0,0.00,20.0,112,10.1,0.0,---,---,---,---,---,---,---,---,---,---,40.1663564,-82.8729007
1,1092.6,0.0,00:05:42.9,00:02:30.6,3.32,00:00:00.0,0.00,20.5,113,10.2,0.0,---,---,---,---,---,---,---,---,---,---,40.1662729,-82.8729492
1,1102.8,0.0,00:05:45.9,00:02:31.0,3.31,00:00:00.0,0.00,20.0,114,10.2,0.0,---,---,---,---,---,---,---,---,---,---,40.1661908,-82.8730034
1,1112.8,0.0,00:05:48.9,00:02:27.9,3.38,00:00:00.0,0.00,20.5,115,10.0,0.0,---,---,---,---,---,---,---,---,---,---,40.1661112,-82.8730570
1,1122.9,0.0,00:05:51.9,00:02:27.4,3.39,00:00:00.0,0.00,20.0,116,10.1,0.0,---,---,---,---,---,---,---,---,---,---,40.1660315,-82.8731125
1,1132.3,0.0,00:05:54.7,00:02:29.6,3.34,00:00:00.0,0.00,20.0,117,9.4,0.0,---,---,---,---,---,---,---,---,---,---,40.1659549,-82.8731597
1,1142.8,0.0,00:05:57.9,00:02:29.6,3.34,00:00:00.0,0.00,20.0,118,10.5,0.0,---,---,---,---,---,---,---,---,---,---,40.1658698,-82.8732130
1,1152.6,0.0,00:06:00.7,00:02:27.0,3.40,00:00:00.0,0.00,20.0,119,9.7,0.0,---,---,---,---,---,---,---,---,---,---,40.1657894,-82.8732589
1,1163.2,0.0,00:06:03.9,00:02:27.9,3.38,00:00:00.0,0.00,20.0,120,10.7,0.0,---,---,---,---,---,---,---,---,---,---,40.1657005,-82.8733051
1,1173.0,0.0,00:06:06.9,00:02:30.6,3.32,00:00:00.0,0.00,20.0,121,9.8,0.0,---,---,---,---,---,---,---,---,---,---,40.1656173,-82.8733430
1,1183.0,0.0,00:06:09.9,00:02:31.5,3.30,00:00:00.0,0.00,20.0,122,10.0,0.0,---,---,---,---,---,---,---,---,---,---,40.1655323,-82.8733808
1,1193.0,0.0,00:06:12.9,00:02:31.0,3.31,00:00:00.0,0.00,20.0,123,10.0,0.0,---,---,---,---,---,---,---,---,---,---,40.1654472,-82.8734170
1,1203.1,0.0,00:06:15.9,00:02:28.8,3.36,00:00:00.0,0.00,20.0,124,10.1,0.0,---,---,---,---,---,---,---,---,---,---,40.1653605,-82.8734516
1,1213.3,0.0,00:06:18.9,00:02:27.0,3.40,00:00:00.0,0.00,20.0,125,10.2,0.0,---,---,---,---,---,---,---,---,---,---,40.1652728,-82.8734857
1,1223.2,0.0,00:06:21.9,00:02:27.4,3.39,00:00:00.0,0.00,20.0,126,10.0,0.0,---,---,---,---,---,---,---,---,---,---,40.1651870,-82.8735203
1,1233.4,0.0,00:06:24.9,00:02:28.8,3.36,00:00:00.0,0.00,20.0,127,10.2,0.0,---,---,---,---,---,---,---,---,---,---,40.1650990,-82.8735526
1,1243.1,0.0,00:06:27.9,00:02:31.5,3.30,00:00:00.0,0.00,20.0,128,9.7,0.0,---,---,---,---,---,---,---,---,---,---,40.1650146,-82.8735818
1,1253.1,0.0,00:06:30.9,00:02:31.9,3.29,00:00:00.0,0.00,20.5,129,9.9,0.0,---,---,---,---,---,---,---,---,---,---,40.1649287,-82.8736133
1,1263.1,0.0,00:06:33.9,00:02:31.5,3.30,00:00:00.0,0.00,20.0,130,10.0,0.0,---,---,---,---,---,---,---,---,---,---,40.1648428,-82.8736491
1,1272.3,0.0,00:06:36.7,00:02:31.5,3.30,00:00:00.0,0.00,20.5,131,9.2,0.0,---,---,---,---,---,---,---,---,---,---,40.1647632,-82.8736780
1,1282.4,0.0,00:06:39.7,00:02:29.6,3.34,00:00:00.0,0.00,20.5,132,10.1,0.0,---,---,---,---,---,---,---,---,---,---,40.1646752,-82.8737064
1,1292.6,0.0,00:06:42.7,00:02:27.9,3.38,00:00:00.0,0.00,20.5,133,10.3,0.0,---,---,---,---,---,---,---,---,---,---,40.1645852,-82.8737305
1,1302.0,0.0,00:06:45.5,00:02:26.1,3.42,00:00:00.0,0.00,20.5,134,9.4,0.0,---,---,---,---,---,---,---,---,---,---,40.1645022,-82.8737527
1,1312.4,0.0,00:06:48.5,00:02:25.3,3.44,00:00:00.0,0.00,20.5,135,10.3,0.0,---,---,---,---,---,---,---,---,---,---,40.1644112,-82.8737768
1,1322.6,0.0,00:06:51.5,00:02:24.5,3.46,00:00:00.0,0.00,20.5,136,10.2,0.0,---,---,---,---,---,---,---,---,---,---,40.1643211,-82.8738010
1,1332.2,0.0,00:06:54.3,00:02:25.3,3.44,00:00:00.0,0.00,20.0,137,9.6,0.0,---,---,---,---,---,---,---,---,---,---,40.1642366,-82.8738229
1,1343.0,0.0,00:06:57.5,00:02:26.6,3.41,00:00:00.0,0.00,20.0,138,10.8,0.0,---,---,---,---,---,---,---,---,---,---,40.1641410,-82.8738447
1,1352.6,0.0,00:07:00.3,00:02:29.6,3.34,00:00:00.0,0.00,20.5,139,9.6,0.0,---,---,---,---,---,---,---,---,---,---,40.1640559,-82.8738618
1,1362.7,0.0,00:07:03.3,00:02:30.1,3.33,00:00:00.0,0.00,20.5,140,10.1,0.0,---,---,---,---,---,---,---,---,---,---,40.1639669,-82.8738822
1,1372.8,0.0,00:07:06.3,00:02:28.8,3.36,00:00:00.0,0.00,20.5,141,10.1,0.0,---,---,---,---,---,---,---,---,---,---,40.1638778,-82.8739081
1,1382.3,0.0,00:07:09.1,00:02:28.8,3.36,00:00:00.0,0.00,20.5,142,9.5,0.0,---,---,---,---,---,---,---,---,---,---,40.1637945,-82.8739320
1,1392.3,0.0,00:07:12.1,00:02:28.8,3.36,00:00:00.0,0.00,20.0,143,10.0,0.0,---,---,---,---,---,---,---,---,---,---,40.1637073,-82.8739591
1,1402.2,0.0,00:07:15.1,00:02:29.6,3.34,00:00:00.0,0.00,20.0,144,10.0,0.0,---,---,---,---,---,---,---,---,---,---,40.1636201,-82.8739846
1,1412.2,0.0,00:07:18.1,00:02:30.6,3.32,00:00:00.0,0.00,20.0,145,9.9,0.0,---,---,---,---,---,---,---,---,---,---,40.1635330,-82.8740101
1,1421.9,0.0,00:07:21.1,00:02:31.5,3.30,00:00:00.0,0.00,20.5,146,9.7,0.0,---,---,---,---,---,---,---,---,---,---,40.1634486,-82.8740385
1,1431.6,0.0,00:07:24.1,00:02:32.9,3.27,00:00:00.0,0.00,20.5,147,9.7,0.0,---,---,---,---,---,---,---,---,---,---,40.1633646,-82.8740687
1,1441.0,0.0,00:07:27.1,00:02:34.3,3.24,00:00:00.0,0.00,20.5,148,9.5,0.0,---,---,---,---,---,---,---,---,---,---,40.1632834,-82.8741018
1,1450.5,0.0,00:07:29.9,00:02:34.3,3.24,00:00:00.0,0.00,20.5,149,9.4,0.0,---,---,---,---,---,---,---,---,---,---,40.1632014,-82.8741310
1,1460.8,0.0,00:07:32.9,00:02:31.0,3.31,00:00:00.0,0.00,20.0,150,10.3,0.0,---,---,---,---,---,---,---,---,---,---,40.1631116,-82.8741607
1,1471.0,0.0,00:07:35.9,00:02:29.6,3.34,00:00:00.0,0.00,20.5,151,10.2,0.0,---,---,---,---,---,---,---,---,---,---,40.1630226,-82.8741909
1,1480.8,0.0,00:07:38.9,00:02:29.6,3.34,00:00:00.0,0.00,20.0,152,9.7,0.0,---,---,---,---,---,---,---,---,---,---,40.1629382,-82.8742212
1,1490.7,0.0,00:07:41.9,00:02:30.6,3.32,00:00:00.0,0.00,19.5,153,9.9,0.0,---,---,---,---,---,---,---,---,---,---,40.1628517,-82.8742503
1,1501.1,0.0,00:07:44.9,00:02:29.6,3.34,00:00:00.0,0.00,20.0,154,10.4,0.0,---,---,---,---,---,---,---,---,---,---,40.1627612,-82.8742801
1,1510.8,0.0,00:07:47.9,00:02:30.6,3.32,00:00:00.0,0.00,20.0,155,9.7,0.0,---,---,---,---,---,---,---,---,---,---,40.1626769,-82.8743085
1,1520.4,0.0,00:07:50.9,00:02:34.7,3.23,00:00:00.0,0.00,20.0,156,9.6,0.0,---,---,---,---,---,---,---,---,---,---,40.1625926,-82.8743318
1,1530.5,0.0,00:07:53.9,00:02:33.3,3.26,00:00:00.0,0.00,20.5,157,10.1,0.0,---,---,---,---,---,---,---,---,---,---,40.1625046,-82.8743614
1,1540.7,0.0,00:07:56.9,00:02:28.3,3.37,00:00:00.0,0.00,20.5,158,10.2,0.0,---,---,---,---,---,---,---,---,---,---,40.1624149,-82.8743861
1,1550.6,0.0,00:07:59.7,00:02:26.1,3.42,00:00:00.0,0.00,20.5,159,9.9,0.0,---,---,---,---,---,---,---,---,---,---,40.1623280,-82.8744092
1,1561.6,0.0,00:08:02.7,00:02:20.8,3.55,00:00:00.0,0.00,20.0,160,11.0,0.0,---,---,---,---,---,---,---,---,---,---,40.1622301,-82.8744313
1,1572.1,0.0,00:08:05.7,00:02:18.5,3.61,00:00:00.0,0.00,20.5,161,10.5,0.0,---,---,---,---,---,---,---,---,---,---,40.1621372,-82.8744484
1,1582.1,0.0,00:08:08.7,00:02:22.4,3.51,00:00:00.0,0.00,20.5,162,10.0,0.0,---,---,---,---,---,---,---,---,---,---,40.1620482,-82.8744607
1,1592.4,0.0,00:08:11.7,00:02:24.9,3.45,00:00:00.0,0.00,20.0,163,10.4,0.0,---,---,---,---,---,---,---,---,---,---,40.1619566,-82.8744817
1,1602.8,0.0,00:08:14.7,00:02:24.9,3.45,00:00:00.0,0.00,20.0,164,10.4,0.0,---,---,---,---,---,---,---,---,---,---,40.1618643,-82.8745012
1,1612.2,0.0,00:08:17.5,00:02:27.0,3.40,00:00:00.0,0.00,20.5,165,9.4,0.0,---,---,---,---,---,---,---,---,---,---,40.1617807,-82.8745164
1,1621.7,0.0,00:08:20.5,00:02:31.0,3.31,00:00:00.0,0.00,20.5,166,9.4,0.0,---,---,---,---,---,---,---,---,---,---,40.1616968,-82.8745330
1,1631.1,0.0,00:08:23.5,00:02:33.3,3.26,00:00:00.0,0.00,20.5,167,9.5,0.0,---,---,---,---,---,---,---,---,---,---,40.1616125,-82.8745457
1,1640.2,0.0,00:08:26.4,00:02:35.7,3.21,00:00:00.0,0.00,20.5,168,9.1,0.0,---,---,---,---,---,---,---,---,---,---,40.1615314,-82.8745560
1,1649.6,0.0,00:08:29.4,00:02:35.2,3.22,00:00:00.0,0.00,20.5,169,9.4,0.0,---,---,---,---,---,---,---,---,---,---,40.1614471,-82.8745669
1,1658.9,0.0,00:08:32.4,00:02:34.7,3.23,00:00:00.0,0.00,20.0,170,9.3,0.0,---,---,---,---,---,---,---,---,---,---,40.1613637,-82.8745756
1,1668.0,0.0,00:08:35.3,00:02:36.7,3.19,00:00:00.0,0.00,20.5,171,9.0,0.0,---,---,---,---,---,---,---,---,---,---,40.1612827,-82.8745843
1,1677.1,0.0,00:08:38.2,00:02:33.8,3.25,00:00:00.0,0.00,21.0,172,9.2,0.0,---,---,---,---,---,---,---,---,---,---,40.1612016,-82.8746037
1,1686.9,0.0,00:08:41.2,00:02:30.6,3.32,00:00:00.0,0.00,20.5,173,9.7,0.0,---,---,---,---,---,---,---,---,---,---,40.1611146,-82.8746144
1,1696.7,0.0,00:08:44.2,00:02:30.1,3.33,00:00:00.0,0.00,20.0,174,9.8,0.0,---,---,---,---,---,---,---,---,---,---,40.1610267,-82.8746266
1,1706.4,0.0,00:08:47.2,00:02:29.6,3.34,00:00:00.0,0.00,21.0,175,9.8,0.0,---,---,---,---,---,---,---,---,---,---,40.1609396,-82.8746368
1,1716.7,0.0,00:08:50.2,00:02:28.3,3.37,00:00:00.0,0.00,20.5,176,10.3,0.0,---,---,---,---,---,---,---,---,---,---,40.1608471,-82.8746450
1,1726.5,0.0,00:08:53.2,00:02:26.1,3.42,00:00:00.0,0.00,20.5,177,9.7,0.0,---,---,---,---,---,---,---,---,---,---,40.1607599,-82.8746520
1,1736.0,0.0,00:08:55.7,00:02:28.8,3.36,00:00:00.0,0.00,20.0,178,9.6,0.0,---,---,---,---,---,---,---,---,---,---,40.1606745,-82.8746639
1,1746.3,0.0,00:08:58.7,00:02:30.1,3.33,00:00:00.0,0.00,21.0,179,10.3,0.0,---,---,---,---,---,---,---,---,---,---,40.1605821,-82.8746723
1,1756.1,0.0,00:09:01.7,00:02:30.1,3.33,00:00:00.0,0.00,20.5,180,9.8,0.0,---,---,---,---,---,---,---,---,---,---,40.1604943,-82.8746800
1,1765.9,0.0,00:09:04.7,00:02:33.3,3.26,00:00:00.0,0.00,20.0,181,9.7,0.0,---,---,---,---,---,---,---,---,---,---,40.1604071,-82.8746887
1,1775.7,0.0,00:09:07.5,00:02:32.9,3.27,00:00:00.0,0.00,20.5,182,9.8,0.0,---,---,---,---,---,---,---,---,---,---,40.1603190,-82.8747013
1,1786.4,0.0,00:09:10.5,00:02:27.9,3.38,00:00:00.0,0.00,20.5,183,10.6,0.0,---,---,---,---,---,---,---,---,---,---,40.1602237,-82.8747082
1,1797.2,0.0,00:09:13.5,00:02:24.0,3.47,00:00:00.0,0.00,20.5,184,10.8,0.0,---,---,---,---,---,---,---,---,---,---,40.1601271,-82.8747196
1,1806.7,0.0,00:09:16.3,00:02:22.4,3.51,00:00:00.0,0.00,20.5,185,9.6,0.0,---,---,---,---,---,---,---,---,---,---,40.1600415,-82.8747257
1,1816.7,0.0,00:09:19.3,00:02:25.7,3.43,00:00:00.0,0.00,20.5,186,10.0,0.0,---,---,---,---,---,---,---,---,---,---,40.1599520,-82.8747340
1,1826.8,0.0,00:09:22.3,00:02:29.2,3.35,00:00:00.0,0.00,20.5,187,10.1,0.0,---,---,---,---,---,---,---,---,---,---,40.1598611,-82.8747418
1,1836.0,0.0,00:09:25.1,00:02:28.8,3.36,00:00:00.0,0.00,21.0,188,9.2,0.0,---,---,---,---,---,---,---,---,---,---,40.1597788,-82.8747451
1,1845.9,0.0,00:09:28.1,00:02:31.5,3.30,00:00:00.0,0.00,20.0,189,9.9,0.0,---,---,---,---,---,---,---,---,---,---,40.1596904,-82.8747580
1,1855.5,0.0,00:09:31.1,00:02:33.8,3.25,00:00:00.0,0.00,20.0,190,9.7,0.0,---,---,---,---,---,---,---,---,---,---,40.1596041,-82.8747697
1,1865.2,0.0,00:09:34.1,00:02:32.9,3.27,00:00:00.0,0.00,20.0,191,9.7,0.0,---,---,---,---,---,---,---,---,---,---,40.1595176,-82.8747823
1,1875.4,0.0,00:09:37.1,00:02:31.9,3.29,00:00:00.0,0.00,20.0,192,10.2,0.0,---,---,---,---,---,---,---,---,---,---,40.1594268,-82.8747976
1,1885.2,0.0,00:09:39.9,00:02:28.3,3.37,00:00:00.0,0.00,20.5,193,9.8,0.0,---,---,---,---,---,---,---,---,---,---,40.1593400,-82.8748162
1,1895.1,0.0,00:09:42.9,00:02:28.8,3.36,00:00:00.0,0.00,20.5,194,9.9,0.0,---,---,---,---,---,---,---,---,---,---,40.1592526,-82.8748398
1,1905.1,0.0,00:09:45.9,00:02:30.1,3.33,00:00:00.0,0.00,20.5,195,10.0,0.0,---,---,---,---,---,---,---,---,---,---,40.1591658,-82.8748678
1,1915.4,0.0,00:09:48.9,00:02:27.9,3.38,00:00:00.0,0.00,20.5,196,10.4,0.0,---,---,---,---,---,---,---,---,---,---,40.1590753,-82.8748964
1,1925.2,0.0,00:09:51.7,00:02:27.9,3.38,00:00:00.0,0.00,20.5,197,9.8,0.0,---,---,---,---,---,---,---,---,---,---,40.1589898,-82.8749226
1,1935.3,0.0,00:09:54.7,00:02:30.1,3.33,00:00:00.0,0.00,20.0,198,10.1,0.0,---,---,---,---,---,---,---,---,---,---,40.1589021,-82.8749511
1,1945.4,0.0,00:09:57.7,00:02:30.6,3.32,00:00:00.0,0.00,20.5,199,10.1,0.0,---,---,---,---,---,---,---,---,---,---,40.1588142,-82.8749822
1,1955.7,0.0,00:10:00.7,00:02:28.8,3.36,00:00:00.0,0.00,20.0,200,10.3,0.0,---,---,---,---,---,---,---,---,---,---,40.1587248,-82.8750134
1,1966.1,0.0,00:10:03.7,00:02:26.6,3.41,00:00:00.0,0.00,20.5,201,10.3,0.0,---,---,---,---,---,---,---,---,---,---,40.1586358,-82.8750482
1,1976.2,0.0,00:10:06.5,00:02:24.5,3.46,00:00:00.0,0.00,20.5,202,10.1,0.0,---,---,---,---,---,---,---,---,---,---,40.1585482,-82.8750798
1,1986.6,0.0,00:10:09.5,00:02:23.2,3.49,00:00:00.0,0.00,20.5,203,10.4,0.0,---,---,---,---,---,---,---,---,---,---,40.1584570,-82.8751082
1,1996.7,0.0,00:10:12.5,00:02:23.6,3.48,00:00:00.0,0.00,20.0,204,10.1,0.0,---,---,---,---,---,---,---,---,---,---,40.1583685,-82.8751357
1,2007.1,0.0,00:10:15.5,00:02:24.5,3.46,00:00:00.0,0.00,20.0,205,10.3,0.0,---,---,---,---,---,---,---,---,---,---,40.1582789,-82.8751666
1,2016.9,0.0,00:10:18.5,00:02:25.7,3.43,00:00:00.0,0.00,20.0,206,9.8,0.0,---,---,---,---,---,---,---,---,---,---,40.1581931,-82.8751931
1,2027.5,0.0,00:10:21.5,00:02:27.0,3.40,00:00:00.0,0.00,20.5,207,10.6,0.0,---,---,---,---,---,---,---,---,---,---,40.1581012,-82.8752252
1,2037.8,0.0,00:10:24.5,00:02:25.7,3.43,00:00:00.0,0.00,20.0,208,10.3,0.0,---,---,---,---,---,---,---,---,---,---,40.1580113,-82.8752538
1,2048.1,0.0,00:10:27.5,00:02:24.5,3.46,00:00:00.0,0.00,20.0,209,10.3,0.0,---,---,---,---,---,---,---,---,---,---,40.1579214,-82.8752838
1,2057.3,0.0,00:10:30.3,00:02:26.6,3.41,00:00:00.0,0.00,20.5,210,9.3,0.0,---,---,---,---,---,---,---,---,---,---,40.1578409,-82.8753080
1,2067.2,0.0,00:10:33.3,00:02:31.0,3.31,00:00:00.0,0.00,20.0,211,10.0,0.0,---,---,---,---,---,---,---,---,---,---,40.1577540,-82.8753361
1,2077.4,0.0,00:10:36.3,00:02:31.0,3.31,00:00:00.0,0.00,20.5,212,10.1,0.0,---,---,---,---,---,---,---,---,---,---,40.1576653,-82.8753614
1,2087.1,0.0,00:10:39.3,00:02:30.1,3.33,00:00:00.0,0.00,20.0,213,9.7,0.0,---,---,---,---,---,---,---,---,---,---,40.1575800,-82.8753870
1,2096.8,0.0,00:10:42.3,00:02:30.6,3.32,00:00:00.0,0.00,21.0,214,9.8,0.0,---,---,---,---,---,---,---,---,---,---,40.1574940,-82.8754065
1,2105.6,0.0,00:10:45.1,00:02:34.7,3.23,00:00:00.0,0.00,21.0,215,8.8,0.0,---,---,---,---,---,---,---,---,---,---,40.1574168,-82.8754275
1,2115.3,0.0,00:10:48.1,00:02:37.7,3.17,00:00:00.0,0.00,20.5,216,9.7,0.0,---,---,---,---,---,---,---,---,---,---,40.1573309,-82.8754492
1,2124.7,0.0,00:10:50.9,00:02:35.2,3.22,00:00:00.0,0.00,20.0,217,9.4,0.0,---,---,---,---,---,---,---,---,---,---,40.1572482,-82.8754713
1,2134.4,0.0,00:10:53.9,00:02:32.9,3.27,00:00:00.0,0.00,20.5,218,9.7,0.0,---,---,---,---,---,---,---,---,---,---,40.1571623,-82.8754891
1,2144.5,0.0,00:10:56.9,00:02:28.3,3.37,00:00:00.0,0.00,20.0,219,10.1,0.0,---,---,---,---,---,---,---,---,---,---,40.1570723,-82.8755068
1,2154.7,0.0,00:10:59.9,00:02:26.6,3.41,00:00:00.0,0.00,20.5,220,10.2,0.0,---,---,---,---,---,---,---,---,---,---,40.1569822,-82.8755258
1,2164.5,0.0,00:11:02.9,00:02:31.0,3.31,00:00:00.0,0.00,20.5,221,9.8,0.0,---,---,---,---,---,---,---,---,---,---,40.1568947,-82.8755418
1,2174.2,0.0,00:11:05.9,00:02:33.8,3.25,00:00:00.0,0.00,20.0,222,9.7,0.0,---,---,---,---,---,---,---,---,---,---,40.1568080,-82.8755551
1,2183.9,0.0,00:11:08.9,00:02:33.3,3.26,00:00:00.0,0.00,20.0,223,9.6,0.0,---,---,---,---,---,---,---,---,---,---,40.1567223,-82.8755683
1,2194.1,0.0,00:11:11.9,00:02:32.9,3.27,00:00:00.0,0.00,20.0,224,10.3,0.0,---,---,---,---,---,---,---,---,---,---,40.1566307,-82.8755845
1,2204.2,0.0,00:11:14.9,00:02:32.9,3.27,00:00:00.0,0.00,19.5,225,10.0,0.0,---,---,---,---,---,---,---,---,---,---,40.1565413,-82.8755982
1,2214.2,0.0,00:11:17.9,00:02:31.0,3.31,00:00:00.0,0.00,20.0,226,10.1,0.0,---,---,---,---,---,---,---,---,---,---,40.1564528,-82.8756225
1,2224.1,0.0,00:11:20.9,00:02:30.6,3.32,00:00:00.0,0.00,20.5,227,9.9,0.0,---,---,---,---,---,---,---,---,---,---,40.1563658,-82.8756481
1,2233.5,0.0,00:11:23.9,00:02:32.4,3.28,00:00:00.0,0.00,20.5,228,9.3,0.0,---,---,---,---,---,---,---,---,---,---,40.1562833,-82.8756677
1,2243.1,0.0,00:11:26.9,00:02:34.7,3.23,00:00:00.0,0.00,20.0,229,9.6,0.0,---,---,---,---,---,---,---,---,---,---,40.1561988,-82.8756888
1,2252.5,0.0,00:11:29.9,00:02:38.7,3.15,00:00:00.0,0.00,20.0,230,9.5,0.0,---,---,---,---,---,---,---,---,---,---,40.1561160,-82.8757139
1,2262.6,0.0,00:11:32.9,00:02:35.2,3.22,00:00:00.0,0.00,20.0,231,10.0,0.0,---,---,---,---,---,---,---,---,---,---,40.1560281,-82.8757407
1,2272.1,0.0,00:11:35.9,00:02:33.3,3.26,00:00:00.0,0.00,19.5,232,9.6,0.0,---,---,---,---,---,---,---,---,---,---,40.1559443,-82.8757645
1,2282.4,0.0,00:11:38.9,00:02:32.9,3.27,00:00:00.0,0.00,20.0,233,10.3,0.0,---,---,---,---,---,---,---,---,---,---,40.1558537,-82.8757865
1,2292.9,0.0,00:11:41.9,00:02:27.9,3.38,00:00:00.0,0.00,19.5,234,10.5,0.0,---,---,---,---,---,---,---,---,---,---,40.1557606,-82.8758049
1,2303.1,0.0,00:11:44.9,00:02:25.7,3.43,00:00:00.0,0.00,20.5,235,10.3,0.0,---,---,---,---,---,---,---,---,---,---,40.1556694,-82.8758242
1,2312.9,0.0,00:11:47.9,00:02:28.3,3.37,00:00:00.0,0.00,20.5,236,9.8,0.0,---,---,---,---,---,---,---,---,---,---,40.1555830,-82.8758460
1,2322.5,0.0,00:11:50.9,00:02:33.8,3.25,00:00:00.0,0.00,19.5,237,9.6,0.0,---,---,---,---,---,---,---,---,---,---,40.1554993,-82.8758726
1,2331.7,0.0,00:11:53.9,00:02:38.7,3.15,00:00:00.0,0.00,20.0,238,9.2,0.0,---,---,---,---,---,---,---,---,---,---,40.1554205,-82.8759038
1,2341.5,0.0,00:11:57.1,00:02:41.2,3.10,00:00:00.0,0.00,19.5,239,9.9,0.0,---,---,---,---,---,---,---,---,---,---,40.1553361,-82.8759384
1,2351.4,0.0,00:12:00.1,00:02:38.7,3.15,00:00:00.0,0.00,20.0,240,9.9,0.0,---,---,---,---,---,---,---,---,---,---,40.1552515,-82.8759738
1,2361.2,0.0,00:12:03.1,00:02:36.2,3.20,00:00:00.0,0.00,20.0,241,9.7,0.0,---,---,---,---,---,---,---,---,---,---,40.1551680,-82.8760080
1,2370.6,0.0,00:12:06.1,00:02:35.2,3.22,00:00:00.0,0.00,20.5,242,9.4,0.0,---,---,---,---,---,---,---,---,---,---,40.1550876,-82.8760410
1,2379.8,0.0,00:12:08.9,00:02:34.3,3.24,00:00:00.0,0.00,20.5,243,9.2,0.0,---,---,---,---,---,---,---,---,---,---,40.1550084,-82.8760730
1,2389.4,0.0,00:12:11.9,00:02:34.7,3.23,00:00:00.0,0.00,20.5,244,9.6,0.0,---,---,---,---,---,---,---,---,---,---,40.1549254,-82.8761026
1,2398.4,0.0,00:12:14.7,00:02:35.7,3.21,00:00:00.0,0.00,21.0,245,9.1,0.0,---,---,---,---,---,---,---,---,---,---,40.1548462,-82.8761282
1,2408.6,0.0,00:12:17.7,00:02:34.3,3.24,00:00:00.0,0.00,20.0,246,10.1,0.0,---,---,---,---,---,---,---,---,---,---,40.1547582,-82.8761591
1,2418.8,0.0,00:12:20.7,00:02:29.6,3.34,00:00:00.0,0.00,20.0,247,10.2,0.0,---,---,---,---,---,---,---,---,---,---,40.1546690,-82.8761851
1,2428.5,0.0,00:12:23.7,00:02:29.2,3.35,00:00:00.0,0.00,20.0,248,9.8,0.0,---,---,---,---,---,---,---,---,---,---,40.1545839,-82.8762128
1,2438.3,0.0,00:12:26.7,00:02:31.5,3.30,00:00:00.0,0.00,20.5,249,9.8,0.0,---,---,---,---,---,---,---,---,---,---,40.1544981,-82.8762394
1,2448.2,0.0,00:12:29.7,00:02:31.5,3.30,00:00:00.0,0.00,20.5,250,9.8,0.0,---,---,---,---,---,---,---,---,---,---,40.1544133,-82.8762723
1,2457.3,0.0,00:12:32.5,00:02:30.6,3.32,00:00:00.0,0.00,21.0,251,9.2,0.0,---,---,---,---,---,---,---,---,---,---,40.1543346,-82.8763036
1,2466.9,0.0,00:12:35.5,00:02:31.9,3.29,00:00:00.0,0.00,20.5,252,9.6,0.0,---,---,---,---,---,---,---,---,---,---,40.1542519,-82.8763356
1,2476.2,0.0,00:12:38.4,00:02:33.8,3.25,00:00:00.0,0.00,20.0,253,9.3,0.0,---,---,---,---,---,---,---,---,---,---,40.1541717,-82.8763640
1,2486.2,0.0,00:12:41.4,00:02:31.0,3.31,00:00:00.0,0.00,20.5,254,10.0,0.0,---,---,---,---,---,---,---,---,---,---,40.1540836,-82.8763896
1,2496.0,0.0,00:12:44.4,00:02:31.5,3.30,00:00:00.0,0.00,20.0,255,9.8,0.0,---,---,---,---,---,---,---,---,---,---,40.1539985,-82.8764194
1,2506.0,0.0,00:12:47.3,00:02:29.6,3.34,00:00:00.0,0.00,20.5,256,9.9,0.0,---,---,---,---,---,---,---,---,---,---,40.1539111,-82.8764442
1,2516.4,0.0,00:12:50.3,00:02:23.6,3.48,00:00:00.0,0.00,20.0,257,10.4,0.0,---,---,---,---,---,---,---,---,---,---,40.1538199,-82.8764693
1,2526.4,0.0,00:12:53.3,00:02:24.5,3.46,00:00:00.0,0.00,19.5,258,10.0,0.0,---,---,---,---,---,---,---,---,---,---,40.1537314,-82.8764890
1,2536.3,0.0,00:12:56.3,00:02:30.1,3.33,00:00:00.0,0.00,20.0,259,9.9,0.0,---,---,---,---,---,---,---,---,---,---,40.1536437,-82.8765090
1,2546.8,0.0,00:12:59.4,00:02:30.6,3.32,00:00:00.0,0.00,20.0,260,10.5,0.0,---,---,---,---,---,---,---,---,---,---,40.1535508,-82.8765308
1,2556.6,0.0,00:13:02.4,00:02:29.6,3.34,00:00:00.0,0.00,19.5,261,9.8,0.0,---,---,---,---,---,---,---,---,---,---,40.1534640,-82.8765534
1,2566.4,0.0,00:13:05.4,00:02:31.9,3.29,00:00:00.0,0.00,20.0,262,9.8,0.0,---,---,---,---,---,---,---,---,---,---,40.1533775,-82.8765737
1,2576.2,0.0,00:13:08.4,00:02:32.4,3.28,00:00:00.0,0.00,20.5,263,9.8,0.0,---,---,---,---,---,---,---,---,---,---,40.1532907,-82.8765939
1,2586.2,0.0,00:13:11.4,00:02:30.1,3.33,00:00:00.0,0.00,20.0,264,10.0,0.0,---,---,---,---,---,---,---,---,---,---,40.1532021,-82.8766141
1,2595.7,0.0,00:13:14.4,00:02:30.1,3.33,00:00:00.0,0.00,20.0,265,9.5,0.0,---,---,---,---,---,---,---,---,---,---,40.1531181,-82.8766318
1,2605.6,0.0,00:13:17.4,00:02:30.1,3.33,00:00:00.0,0.00,20.0,266,9.9,0.0,---,---,---,---,---,---,---,---,---,---,40.1530313,-82.8766544
1,2615.7,0.0,00:13:20.4,00:02:29.6,3.34,00:00:00.0,0.00,20.0,267,10.2,0.0,---,---,---,---,---,---,---,---,---,---,40.1529420,-82.8766804
1,2626.0,0.0,00:13:23.4,00:02:30.6,3.32,00:00:00.0,0.00,20.0,268,10.2,0.0,---,---,---,---,---,---,---,---,---,---,40.1528516,-82.8767024
1,2635.1,0.0,00:13:26.3,00:02:29.6,3.34,00:00:00.0,0.00,21.0,269,9.1,0.0,---,---,---,---,---,---,---,---,---,---,40.1527704,-82.8767153
1,2644.2,0.0,00:13:29.2,00:02:29.2,3.35,00:00:00.0,0.00,21.0,270,9.1,0.0,---,---,---,---,---,---,---,---,---,---,40.1526890,-82.8767256
1,2654.0,0.0,00:13:32.2,00:02:30.1,3.33,00:00:00.0,0.00,20.5,271,9.8,0.0,---,---,---,---,---,---,---,---,---,---,40.1526014,-82.8767380
1,2664.2,0.0,00:13:35.2,00:02:29.6,3.34,00:00:00.0,0.00,20.5,272,10.2,0.0,---,---,---,---,---,---,---,---,---,---,40.1525104,-82.8767547
1,2674.0,0.0,00:13:38.2,00:02:29.2,3.35,00:00:00.0,0.00,20.0,273,9.8,0.0,---,---,---,---,---,---,---,---,---,---,40.1524235,-82.8767715
1,2684.3,0.0,00:13:41.2,00:02:30.1,3.33,00:00:00.0,0.00,20.5,274,10.3,0.0,---,---,---,---,---,---,---,---,---,---,40.1523321,-82.8767902
1,2694.2,0.0,00:13:44.2,00:02:29.6,3.34,00:00:00.0,0.00,20.5,275,9.8,0.0,---,---,---,---,---,---,---,---,---,---,40.1522444,-82.8768057
1,2704.0,0.0,00:13:47.2,00:02:29.2,3.35,00:00:00.0,0.00,20.0,276,9.8,0.0,---,---,---,---,---,---,---,---,---,---,40.1521572,-82.8768222
1,2713.6,0.0,00:13:50.2,00:02:33.3,3.26,00:00:00.0,0.00,20.0,277,9.7,0.0,---,---,---,---,---,---,---,---,---,---,40.1520712,-82.8768388
1,2724.0,0.0,00:13:53.2,00:02:36.2,3.20,00:00:00.0,0.00,20.5,278,10.4,0.0,---,---,---,---,---,---,---,---,---,---,40.1519792,-82.8768571
1,2733.4,0.0,00:13:55.7,00:02:31.5,3.30,00:00:00.0,0.00,21.0,279,9.4,0.0,---,---,---,---,---,---,---,---,---,---,40.1518963,-82.8768760
1,2742.4,0.0,00:13:58.6,00:02:30.6,3.32,00:00:00.0,0.00,21.5,280,9.0,0.0,---,---,---,---,---,---,---,---,---,---,40.1518171,-82.8768965
1,2751.6,0.0,00:14:01.3,00:02:35.2,3.22,00:00:00.0,0.00,21.0,281,9.3,0.0,---,---,---,---,---,---,---,---,---,---,40.1517357,-82.8769205
1,2761.2,0.0,00:14:04.1,00:02:32.4,3.28,00:00:00.0,0.00,21.0,282,9.5,0.0,---,---,---,---,---,---,---,---,---,---,40.1516527,-82.8769475
1,2770.6,0.0,00:14:07.1,00:02:31.9,3.29,00:00:00.0,0.00,20.5,283,9.4,0.0,---,---,---,---,---,---,---,---,---,---,40.1515695,-82.8769661
1,2779.8,0.0,00:14:09.9,00:02:33.8,3.25,00:00:00.0,0.00,20.5,284,9.3,0.0,---,---,---,---,---,---,---,---,---,---,40.1514878,-82.8769857
1,2789.8,0.0,00:14:12.9,00:02:33.3,3.26,00:00:00.0,0.00,21.0,285,10.0,0.0,---,---,---,---,---,---,---,---,---,---,40.1513996,-82.8770066
1,2799.1,0.0,00:14:15.7,00:02:34.3,3.24,00:00:00.0,0.00,20.5,286,9.3,0.0,---,---,---,---,---,---,---,---,---,---,40.1513174,-82.8770270
1,2808.7,0.0,00:14:18.7,00:02:33.3,3.26,00:00:00.0,0.00,21.0,287,9.6,0.0,---,---,---,---,---,---,---,---,---,---,40.1512332,-82.8770516
1,2818.2,0.0,00:14:21.5,00:02:32.9,3.27,00:00:00.0,0.00,20.5,288,9.5,0.0,---,---,---,---,---,---,---,---,---,---,40.1511495,-82.8770722
1,2828.4,0.0,00:14:24.6,00:02:29.6,3.34,00:00:00.0,0.00,20.5,289,10.2,0.0,---,---,---,---,---,---,---,---,---,---,40.1510591,-82.8770905
1,2837.8,0.0,00:14:27.3,00:02:27.9,3.38,00:00:00.0,0.00,21.0,290,9.4,0.0,---,---,---,---,---,---,---,---,---,---,40.1509750,-82.8771059
1,2847.8,0.0,00:14:30.3,00:02:28.3,3.37,00:00:00.0,0.00,20.0,291,10.0,0.0,---,---,---,---,---,---,---,---,---,---,40.1508857,-82.8771218
1,2857.2,0.0,00:14:33.3,00:02:30.1,3.33,00:00:00.0,0.00,20.0,292,9.3,0.0,---,---,---,---,---,---,---,---,---,---,40.1508028,-82.8771360
1,2867.5,0.0,00:14:36.3,00:02:31.0,3.31,00:00:00.0,0.00,20.0,293,10.4,0.0,---,---,---,---,---,---,---,---,---,---,40.1507110,-82.8771573
1,2877.9,0.0,00:14:39.3,00:02:27.0,3.40,00:00:00.0,0.00,20.5,294,10.3,0.0,---,---,---,---,---,---,---,---,---,---,40.1506192,-82.8771752
1,2887.9,0.0,00:14:42.3,00:02:24.9,3.45,00:00:00.0,0.00,20.5,295,10.0,0.0,---,---,---,---,---,---,---,---,---,---,40.1505302,-82.8771938
1,2897.7,0.0,00:14:45.3,00:02:27.0,3.40,00:00:00.0,0.00,20.5,296,9.8,0.0,---,---,---,---,---,---,---,---,---,---,40.1504430,-82.8772117
1,2907.7,0.0,00:14:48.1,00:02:31.5,3.30,00:00:00.0,0.00,20.5,297,9.9,0.0,---,---,---,---,---,---,---,---,---,---,40.1503552,-82.8772334
1,2917.3,0.0,00:14:51.0,00:02:28.8,3.36,00:00:00.0,0.00,21.0,298,9.6,0.0,---,---,---,---,---,---,---,---,---,---,40.1502699,-82.8772499
1,2926.0,0.0,00:14:53.7,00:02:30.1,3.33,00:00:00.0,0.00,21.5,299,8.8,0.0,---,---,---,---,---,---,---,---,---,---,40.1501917,-82.8772614
1,2947.0,0.0,00:15:03.8,00:04:40.8,1.78,00:00:00.0,0.00,26.0,300,21.0,0.0,---,---,---,---,---,---,---,---,---,---,40.1497933,-82.8772015
1,2948.9,0.0,00:15:05.0,00:07:14.7,1.15,00:00:00.0,0.00,33.0,301,1.9,0.0,---,---,---,---,---,---,---,---,---,---,40.1497760,-82.8772055
1,2957.4,0.0,00:15:08.4,00:04:08.7,2.01,00:00:00.0,0.00,18.5,302,8.5,0.0,---,---,---,---,---,---,---,---,---,---,40.1497002,-82.8772166
1,2966.3,0.0,00:15:11.6,00:03:18.4,2.52,00:00:00.0,0.00,19.5,303,8.9,0.0,---,---,---,---,---,---,---,---,---,---,40.1496208,-82.8772314
1,2975.4,0.0,00:15:14.6,00:02:50.6,2.93,00:00:00.0,0.00,19.5,304,9.1,0.0,---,---,---,---,---,---,---,---,---,---,40.1495404,-82.8772490
1,2985.3,0.0,00:15:17.6,00:02:41.8,3.09,00:00:00.0,0.00,20.0,305,9.9,0.0,---,---,---,---,---,---,---,---,---,---,40.1494527,-82.8772677
1,2995.7,0.0,00:15:20.8,00:02:38.2,3.16,00:00:00.0,0.00,19.5,306,10.4,0.0,---,---,---,---,---,---,---,---,---,---,40.1493611,-82.8772923
1,3005.2,0.0,00:15:23.8,00:02:35.2,3.22,00:00:00.0,0.00,20.0,307,9.5,0.0,---,---,---,---,---,---,---,---,---,---,40.1492779,-82.8773149
1,3015.3,0.0,00:15:26.9,00:02:35.2,3.22,00:00:00.0,0.00,20.0,308,10.1,0.0,---,---,---,---,---,---,---,---,---,---,40.1491887,-82.8773368
1,3024.7,0.0,00:15:29.6,00:02:34.3,3.24,00:00:00.0,0.00,20.5,309,9.4,0.0,---,---,---,---,---,---,---,---,---,---,40.1491054,-82.8773549
1,3034.5,0.0,00:15:32.7,00:02:36.2,3.20,00:00:00.0,0.00,20.0,310,9.8,0.0,---,---,---,---,---,---,---,---,---,---,40.1490186,-82.8773756
1,3044.6,0.0,00:15:35.8,00:02:38.7,3.15,00:00:00.0,0.00,20.0,311,10.1,0.0,---,---,---,---,---,---,---,---,---,---,40.1489296,-82.8774003
1,3054.4,0.0,00:15:38.9,00:02:35.7,3.21,00:00:00.0,0.00,20.0,312,9.8,0.0,---,---,---,---,---,---,---,---,---,---,40.1488435,-82.8774235
1,3063.8,0.0,00:15:41.6,00:02:32.4,3.28,00:00:00.0,0.00,20.0,313,9.4,0.0,---,---,---,---,---,---,---,---,---,---,40.1487611,-82.8774464
1,3074.1,0.0,00:15:44.8,00:02:33.8,3.25,00:00:00.0,0.00,20.0,314,10.3,0.0,---,---,---,---,---,---,---,---,---,---,40.1486703,-82.8774713
1,3084.3,0.0,00:15:47.8,00:02:34.3,3.24,00:00:00.0,0.00,20.0,315,10.2,0.0,---,---,---,---,---,---,---,---,---,---,40.1485805,-82.8774954
1,3094.4,0.0,00:15:50.8,00:02:32.4,3.28,00:00:00.0,0.00,19.5,316,10.1,0.0,---,---,---,---,---,---,---,---,---,---,40.1484916,-82.8775190
1,3104.3,0.0,00:15:53.8,00:02:33.3,3.26,00:00:00.0,0.00,20.5,317,9.9,0.0,---,---,---,---,---,---,---,---,---,---,40.1484043,-82.8775421
1,3114.1,0.0,00:15:56.9,00:02:34.7,3.23,00:00:00.0,0.00,20.5,318,9.8,0.0,---,---,---,---,---,---,---,---,---,---,40.1483192,-82.8775695
1,3123.0,0.0,00:15:59.7,00:02:35.7,3.21,00:00:00.0,0.00,20.0,319,9.0,0.0,---,---,---,---,---,---,---,---,---,---,40.1482421,-82.8775996
1,3133.2,0.0,00:16:02.9,00:02:36.7,3.19,00:00:00.0,0.00,20.0,320,10.2,0.0,---,---,---,---,---,---,---,---,---,---,40.1481550,-82.8776364
1,3142.2,0.0,00:16:05.7,00:02:36.7,3.19,00:00:00.0,0.00,20.0,321,9.0,0.0,---,---,---,---,---,---,---,---,---,---,40.1480791,-82.8776734
1,3153.0,0.0,00:16:08.8,00:02:35.7,3.21,00:00:00.0,0.00,20.0,322,10.8,0.0,---,---,---,---,---,---,---,---,---,---,40.1479888,-82.8777199
1,3162.1,0.0,00:16:11.7,00:02:34.3,3.24,00:00:00.0,0.00,20.5,323,9.1,0.0,---,---,---,---,---,---,---,---,---,---,40.1479121,-82.8777570
1,3172.3,0.0,00:16:14.6,00:02:33.3,3.26,00:00:00.0,0.00,20.5,324,10.1,0.0,---,---,---,---,---,---,---,---,---,---,40.1478290,-82.8778056
1,3182.4,0.0,00:16:17.6,00:02:30.6,3.32,00:00:00.0,0.00,20.5,325,10.2,0.0,---,---,---,---,---,---,---,---,---,---,40.1477446,-82.8778512
1,3192.1,0.0,00:16:20.6,00:02:28.3,3.37,00:00:00.0,0.00,20.0,326,9.6,0.0,---,---,---,---,---,---,---,---,---,---,40.1476634,-82.8778900
1,3201.3,0.0,00:16:23.5,00:02:30.1,3.33,00:00:00.0,0.00,20.5,327,9.2,0.0,---,---,---,---,---,---,---,---,---,---,40.1475846,-82.8779247
1,3211.4,0.0,00:16:26.5,00:02:31.5,3.30,00:00:00.0,0.00,20.5,328,10.1,0.0,---,---,---,---,---,---,---,---,---,---,40.1474977,-82.8779582
1,3221.4,0.0,00:16:29.4,00:02:30.1,3.33,00:00:00.0,0.00,20.5,329,10.0,0.0,---,---,---,---,---,---,---,---,---,---,40.1474114,-82.8779898
1,3230.6,0.0,00:16:32.5,00:02:31.0,3.31,00:00:00.0,0.00,19.5,330,9.3,0.0,---,---,---,---,---,---,---,---,---,---,40.1473310,-82.8780174
1,3240.5,0.0,00:16:35.5,00:02:32.9,3.27,00:00:00.0,0.00,19.5,331,9.8,0.0,---,---,---,---,---,---,---,---,---,---,40.1472456,-82.8780464
1,3250.6,0.0,00:16:38.6,00:02:30.6,3.32,00:00:00.0,0.00,19.5,332,10.1,0.0,---,---,---,---,---,---,---,---,---,---,40.1471578,-82.8780785
1,3260.1,0.0,00:16:41.7,00:02:32.4,3.28,00:00:00.0,0.00,19.5,333,9.4,0.0,---,---,---,---,---,---,---,---,---,---,40.1470746,-82.8781000
1,3269.1,0.0,00:16:44.7,00:02:37.7,3.17,00:00:00.0,0.00,20.5,334,9.1,0.0,---,---,---,---,---,---,---,---,---,---,40.1469944,-82.8781188
1,3278.4,0.0,00:16:47.7,00:02:37.7,3.17,00:00:00.0,0.00,20.0,335,9.3,0.0,---,---,---,---,---,---,---,---,---,---,40.1469121,-82.8781357
1,3287.0,0.0,00:16:50.5,00:02:39.2,3.14,00:00:00.0,0.00,20.5,336,8.6,0.0,---,---,---,---,---,---,---,---,---,---,40.1468360,-82.8781531
1,3296.5,0.0,00:16:53.4,00:02:39.7,3.13,00:00:00.0,0.00,20.0,337,9.5,0.0,---,---,---,---,---,---,---,---,---,---,40.1467524,-82.8781731
1,3306.5,0.0,00:16:56.7,00:02:37.7,3.17,00:00:00.0,0.00,19.5,338,10.0,0.0,---,---,---,---,---,---,---,---,---,---,40.1466637,-82.8781922
1,3315.2,0.0,00:16:59.4,00:02:40.2,3.12,00:00:00.0,0.00,21.0,339,8.8,0.0,---,---,---,---,---,---,---,---,---,---,40.1465860,-82.8782082
1,3324.8,0.0,00:17:02.4,00:02:40.2,3.12,00:00:00.0,0.00,20.0,340,9.5,0.0,---,---,---,---,---,---,---,---,---,---,40.1465006,-82.8782212
1,3334.2,0.0,00:17:05.5,00:02:39.7,3.13,00:00:00.0,0.00,20.0,341,9.4,0.0,---,---,---,---,---,---,---,---,---,---,40.1464168,-82.8782358
1,3344.1,0.0,00:17:08.5,00:02:38.7,3.15,00:00:00.0,0.00,20.0,342,9.9,0.0,---,---,---,---,---,---,---,---,---,---,40.1463286,-82.8782486
1,3354.6,0.0,00:17:11.7,00:02:34.7,3.23,00:00:00.0,0.00,19.5,343,10.6,0.0,---,---,---,---,---,---,---,---,---,---,40.1462343,-82.8782605
1,3364.3,0.0,00:17:14.6,00:02:32.9,3.27,00:00:00.0,0.00,20.0,344,9.7,0.0,---,---,---,---,---,---,---,---,---,---,40.1461478,-82.8782722
1,3374.2,0.0,00:17:17.7,00:02:33.8,3.25,00:00:00.0,0.00,20.0,345,9.9,0.0,---,---,---,---,---,---,---,---,---,---,40.1460595,-82.8782861
1,3384.4,0.0,00:17:20.7,00:02:31.5,3.30,00:00:00.0,0.00,19.5,346,10.2,0.0,---,---,---,---,---,---,---,---,---,---,40.1459683,-82.8782990
1,3394.8,0.0,00:17:23.7,00:02:26.6,3.41,00:00:00.0,0.00,19.5,347,10.4,0.0,---,---,---,---,---,---,---,---,---,---,40.1458756,-82.8783099
1,3405.8,0.0,00:17:26.9,00:02:24.9,3.45,00:00:00.0,0.00,19.5,348,11.0,0.0,---,---,---,---,---,---,---,---,---,---,40.1457771,-82.8783205
1,3416.5,0.0,00:17:30.1,00:02:25.3,3.44,00:00:00.0,0.00,19.0,349,10.7,0.0,---,---,---,---,---,---,---,---,---,---,40.1456816,-82.8783371
1,3427.3,0.0,00:17:33.3,00:02:27.9,3.38,00:00:00.0,0.00,19.5,350,10.8,0.0,---,---,---,---,---,---,---,---,---,---,40.1455850,-82.8783489
1,3437.2,0.0,00:17:36.3,00:02:27.9,3.38,00:00:00.0,0.00,19.0,351,9.9,0.0,---,---,---,---,---,---,---,---,---,---,40.1454970,-82.8783620
1,3448.2,0.0,00:17:39.5,00:02:27.4,3.39,00:00:00.0,0.00,19.5,352,11.0,0.0,---,---,---,---,---,---,---,---,---,---,40.1453986,-82.8783765
1,3458.0,0.0,00:17:42.5,00:02:29.2,3.35,00:00:00.0,0.00,19.5,353,9.8,0.0,---,---,---,---,---,---,---,---,---,---,40.1453116,-82.8783911
1,3468.7,0.0,00:17:45.6,00:02:30.6,3.32,00:00:00.0,0.00,19.5,354,10.7,0.0,---,---,---,---,---,---,---,---,---,---,40.1452161,-82.8784053
1,3477.1,0.0,00:17:48.5,00:02:37.7,3.17,00:00:00.0,0.00,20.5,355,8.5,0.0,---,---,---,---,---,---,---,---,---,---,40.1451405,-82.8784183
1,3486.5,0.0,00:17:51.5,00:02:43.3,3.06,00:00:00.0,0.00,20.0,356,9.4,0.0,---,---,---,---,---,---,---,---,---,---,40.1450569,-82.8784330
1,3496.8,0.0,00:17:54.7,00:02:38.2,3.16,00:00:00.0,0.00,19.0,357,10.3,0.0,---,---,---,---,---,---,---,---,---,---,40.1449647,-82.8784440
1,3507.1,0.0,00:17:57.7,00:02:33.8,3.25,00:00:00.0,0.00,19.5,358,10.3,0.0,---,---,---,---,---,---,---,---,---,---,40.1448730,-82.8784528
1,3517.5,0.0,00:18:00.7,00:02:29.6,3.34,00:00:00.0,0.00,20.0,359,10.4,0.0,---,---,---,---,---,---,---,---,---,---,40.1447798,-82.8784605
1,3527.8,0.0,00:18:03.9,00:02:27.0,3.40,00:00:00.0,0.00,19.5,360,10.3,0.0,---,---,---,---,---,---,---,---,---,---,40.1446874,-82.8784643
1,3537.3,0.0,00:18:06.9,00:02:34.7,3.23,00:00:00.0,0.00,20.0,361,9.6,0.0,---,---,---,---,---,---,---,---,---,---,40.1446016,-82.8784703
1,3546.3,0.0,00:18:09.7,00:02:38.2,3.16,00:00:00.0,0.00,20.5,362,9.0,0.0,---,---,---,---,---,---,---,---,---,---,40.1445213,-82.8784805
1,3556.3,0.0,00:18:12.7,00:02:35.7,3.21,00:00:00.0,0.00,20.0,363,10.0,0.0,---,---,---,---,---,---,---,---,---,---,40.1444327,-82.8784966
1,3565.7,0.0,00:18:15.7,00:02:37.7,3.17,00:00:00.0,0.00,20.0,364,9.4,0.0,---,---,---,---,---,---,---,---,---,---,40.1443489,-82.8785130
1,3575.1,0.0,00:18:18.7,00:02:39.7,3.13,00:00:00.0,0.00,20.0,365,9.4,0.0,---,---,---,---,---,---,---,---,---,---,40.1442661,-82.8785350
1,3585.2,0.0,00:18:21.9,00:02:41.2,3.10,00:00:00.0,0.00,20.0,366,10.1,0.0,---,---,---,---,---,---,---,---,---,---,40.1441766,-82.8785569
1,3594.7,0.0,00:18:24.9,00:02:42.3,3.08,00:00:00.0,0.00,19.5,367,9.4,0.0,---,---,---,---,---,---,---,---,---,---,40.1440934,-82.8785763
1,3605.1,0.0,00:18:28.1,00:02:42.3,3.08,00:00:00.0,0.00,19.5,368,10.5,0.0,---,---,---,---,---,---,---,---,---,---,40.1440023,-82.8786075
1,3615.0,0.0,00:18:31.1,00:02:38.2,3.16,00:00:00.0,0.00,19.5,369,9.9,0.0,---,---,---,---,---,---,---,---,---,---,40.1439161,-82.8786364
1,3624.9,0.0,00:18:34.1,00:02:33.8,3.25,00:00:00.0,0.00,19.5,370,9.8,0.0,---,---,---,---,---,---,---,---,---,---,40.1438298,-82.8786609
1,3634.9,0.0,00:18:37.1,00:02:35.2,3.22,00:00:00.0,0.00,19.5,371,10.1,0.0,---,---,---,---,---,---,---,---,---,---,40.1437422,-82.8786898
1,3645.5,0.0,00:18:40.3,00:02:35.7,3.21,00:00:00.0,0.00,19.5,372,10.5,0.0,---,---,---,---,---,---,---,---,---,---,40.1436504,-82.8787194
1,3655.1,0.0,00:18:43.3,00:02:36.7,3.19,00:00:00.0,0.00,19.5,373,9.7,0.0,---,---,---,---,---,---,---,---,---,---,40.1435661,-82.8787475
1,3664.9,0.0,00:18:46.3,00:02:38.2,3.16,00:00:00.0,0.00,19.5,374,9.8,0.0,---,---,---,---,---,---,---,---,---,---,40.1434815,-82.8787773
1,3675.5,0.0,00:18:49.5,00:02:35.7,3.21,00:00:00.0,0.00,19.5,375,10.6,0.0,---,---,---,---,---,---,---,---,---,---,40.1433906,-82.8788131
1,3685.2,0.0,00:18:52.5,00:02:33.8,3.25,00:00:00.0,0.00,19.5,376,9.8,0.0,---,---,---,---,---,---,---,---,---,---,40.1433052,-82.8788399
1,3695.8,0.0,00:18:55.9,00:02:33.8,3.25,00:00:00.0,0.00,19.5,377,10.6,0.0,---,---,---,---,---,---,---,---,---,---,40.1432120,-82.8788643
1,3705.5,0.0,00:18:58.9,00:02:35.2,3.22,00:00:00.0,0.00,19.5,378,9.8,0.0,---,---,---,---,---,---,---,---,---,---,40.1431261,-82.8788817
1,3715.2,0.0,00:19:01.9,00:02:35.2,3.22,00:00:00.0,0.00,19.5,379,9.7,0.0,---,---,---,---,---,---,---,---,---,---,40.1430400,-82.8789003
1,3724.7,0.0,00:19:04.9,00:02:34.3,3.24,00:00:00.0,0.00,20.0,380,9.5,0.0,---,---,---,---,---,---,---,---,---,---,40.1429556,-82.8789184
1,3734.8,0.0,00:19:07.9,00:02:32.9,3.27,00:00:00.0,0.00,19.5,381,10.0,0.0,---,---,---,---,---,---,---,---,---,---,40.1428670,-82.8789407
1,3744.8,0.0,00:19:10.9,00:02:31.0,3.31,00:00:00.0,0.00,19.5,382,10.0,0.0,---,---,---,---,---,---,---,---,---,---,40.1427795,-82.8789671
1,3755.3,0.0,00:19:14.0,00:02:32.4,3.28,00:00:00.0,0.00,19.5,383,10.5,0.0,---,---,---,---,---,---,---,---,---,---,40.1426865,-82.8789903
1,3765.5,0.0,00:19:17.0,00:02:31.0,3.31,00:00:00.0,0.00,19.5,384,10.2,0.0,---,---,---,---,---,---,---,---,---,---,40.1425958,-82.8790100
1,3776.1,0.0,00:19:20.1,00:02:30.1,3.33,00:00:00.0,0.00,20.0,385,10.6,0.0,---,---,---,---,---,---,---,---,---,---,40.1425021,-82.8790293
1,3785.8,0.0,00:19:23.1,00:02:32.4,3.28,00:00:00.0,0.00,20.0,386,9.7,0.0,---,---,---,---,---,---,---,---,---,---,40.1424153,-82.8790378
1,3795.8,0.0,00:19:26.1,00:02:30.1,3.33,00:00:00.0,0.00,20.0,387,10.0,0.0,---,---,---,---,---,---,---,---,---,---,40.1423254,-82.8790427
1,3806.3,0.0,00:19:29.3,00:02:29.2,3.35,00:00:00.0,0.00,19.5,388,10.5,0.0,---,---,---,---,---,---,---,---,---,---,40.1422317,-82.8790497
1,3816.3,0.0,00:19:32.3,00:02:29.6,3.34,00:00:00.0,0.00,19.5,389,10.0,0.0,---,---,---,---,---,---,---,---,---,---,40.1421415,-82.8790566
1,3825.5,0.0,00:19:35.3,00:02:31.9,3.29,00:00:00.0,0.00,20.0,390,9.2,0.0,---,---,---,---,---,---,---,---,---,---,40.1420593,-82.8790673
1,3835.3,0.0,00:19:38.3,00:02:34.7,3.23,00:00:00.0,0.00,20.0,391,9.8,0.0,---,---,---,---,---,---,---,---,---,---,40.1419716,-82.8790775
1,3845.1,0.0,00:19:41.3,00:02:32.9,3.27,00:00:00.0,0.00,20.0,392,9.8,0.0,---,---,---,---,---,---,---,---,---,---,40.1418837,-82.8790883
1,3855.6,0.0,00:19:44.5,00:02:31.5,3.30,00:00:00.0,0.00,20.0,393,10.5,0.0,---,---,---,---,---,---,---,---,---,---,40.1417898,-82.8790965
1,3865.9,0.0,00:19:47.5,00:02:30.1,3.33,00:00:00.0,0.00,20.0,394,10.2,0.0,---,---,---,---,---,---,---,---,---,---,40.1416979,-82.8791075
1,3875.3,0.0,00:19:50.3,00:02:29.6,3.34,00:00:00.0,0.00,20.5,395,9.4,0.0,---,---,---,---,---,---,---,---,---,---,40.1416135,-82.8791182
1,3885.7,0.0,00:19:53.5,00:02:28.8,3.36,00:00:00.0,0.00,20.0,396,10.4,0.0,---,---,---,---,---,---,---,---,---,---,40.1415210,-82.8791322
1,3894.1,0.0,00:19:56.3,00:02:36.2,3.20,00:00:00.0,0.00,20.5,397,8.4,0.0,---,---,---,---,---,---,---,---,---,---,40.1414468,-82.8791485
1,3902.7,0.0,00:19:59.3,00:02:46.1,3.01,00:00:00.0,0.00,20.5,398,8.7,0.0,---,---,---,---,---,---,---,---,---,---,40.1413701,-82.8791635
1,3911.0,0.0,00:20:02.3,00:02:49.4,2.95,00:00:00.0,0.00,19.5,399,8.3,0.0,---,---,---,---,---,---,---,---,---,---,40.1412963,-82.8791794
1,3919.7,0.0,00:20:05.3,00:02:54.8,2.86,00:00:00.0,0.00,19.5,400,8.7,0.0,---,---,---,---,---,---,---,---,---,---,40.1412194,-82.8791964
1,3929.0,0.0,00:20:08.5,00:02:56.0,2.84,00:00:00.0,0.00,19.5,401,9.3,0.0,---,---,---,---,---,---,---,---,---,---,40.1411368,-82.8792146
1,3938.1,0.0,00:20:11.5,00:02:50.0,2.94,00:00:00.0,0.00,20.0,402,9.1,0.0,---,---,---,---,---,---,---,---,---,---,40.1410557,-82.8792285
1,3947.4,0.0,00:20:14.5,00:02:43.9,3.05,00:00:00.0,0.00,20.5,403,9.2,0.0,---,---,---,---,---,---,---,---,---,---,40.1409741,-82.8792469
1,3957.3,0.0,00:20:17.5,00:02:36.2,3.20,00:00:00.0,0.00,20.5,404,9.9,0.0,---,---,---,---,---,---,---,---,---,---,40.1408859,-82.8792630
1,3966.3,0.0,00:20:20.3,00:02:32.4,3.28,00:00:00.0,0.00,20.0,405,9.0,0.0,---,---,---,---,---,---,---,---,---,---,40.1408051,-82.8792722
1,3977.0,0.0,00:20:23.5,00:02:33.3,3.26,00:00:00.0,0.00,19.5,406,10.7,0.0,---,---,---,---,---,---,---,---,---,---,40.1407099,-82.8792853
1,3987.0,0.0,00:20:26.5,00:02:34.3,3.24,00:00:00.0,0.00,20.0,407,10.0,0.0,---,---,---,---,---,---,---,---,---,---,40.1406205,-82.8792956
1,3996.3,0.0,00:20:29.5,00:02:34.7,3.23,00:00:00.0,0.00,19.5,408,9.3,0.0,---,---,---,---,---,---,---,---,---,---,40.1405370,-82.8793061
1,4007.0,0.0,00:20:32.7,00:02:32.9,3.27,00:00:00.0,0.00,19.5,409,10.8,0.0,---,---,---,---,---,---,---,---,---,---,40.1404411,-82.8793192
1,4016.3,0.0,00:20:35.5,00:02:30.1,3.33,00:00:00.0,0.00,20.5,410,9.3,0.0,---,---,---,---,---,---,---,---,---,---,40.1403578,-82.8793302
1,4025.9,0.0,00:20:38.5,00:02:31.5,3.30,00:00:00.0,0.00,20.5,411,9.6,0.0,---,---,---,---,---,---,---,---,---,---,40.1402722,-82.8793426
1,4035.7,0.0,00:20:41.5,00:02:32.9,3.27,00:00:00.0,0.00,20.5,412,9.7,0.0,---,---,---,---,---,---,---,---,---,---,40.1401851,-82.8793527
1,4045.7,0.0,00:20:44.5,00:02:32.4,3.28,00:00:00.0,0.00,19.5,413,10.0,0.0,---,---,---,---,---,---,---,---,---,---,40.1400956,-82.8793639
1,4055.3,0.0,00:20:47.5,00:02:34.7,3.23,00:00:00.0,0.00,20.0,414,9.7,0.0,---,---,---,---,---,---,---,---,---,---,40.1400093,-82.8793751
1,4065.1,0.0,00:20:50.5,00:02:34.3,3.24,00:00:00.0,0.00,20.0,415,9.8,0.0,---,---,---,---,---,---,---,---,---,---,40.1399219,-82.8793878
1,4075.5,0.0,00:20:53.7,00:02:32.4,3.28,00:00:00.0,0.00,19.5,416,10.3,0.0,---,---,---,---,---,---,---,---,---,---,40.1398299,-82.8794044
1,4085.0,0.0,00:20:56.7,00:02:34.3,3.24,00:00:00.0,0.00,19.5,417,9.6,0.0,---,---,---,---,---,---,---,---,---,---,40.1397448,-82.8794202
1,4095.6,0.0,00:20:59.9,00:02:36.7,3.19,00:00:00.0,0.00,19.0,418,10.6,0.0,---,---,---,---,---,---,---,---,---,---,40.1396499,-82.8794336
1,4105.3,0.0,00:21:02.9,00:02:36.7,3.19,00:00:00.0,0.00,19.5,419,9.6,0.0,---,---,---,---,---,---,---,---,---,---,40.1395641,-82.8794458
1,4114.9,0.0,00:21:06.1,00:02:43.9,3.05,00:00:00.0,0.00,19.5,420,9.6,0.0,---,---,---,---,---,---,---,---,---,---,40.1394785,-82.8794609
1,4124.6,0.0,00:21:09.1,00:02:46.1,3.01,00:00:00.0,0.00,20.0,421,9.7,0.0,---,---,---,---,---,---,---,---,---,---,40.1393919,-82.8794743
1,4134.5,0.0,00:21:12.1,00:02:38.2,3.16,00:00:00.0,0.00,20.0,422,10.0,0.0,---,---,---,---,---,---,---,---,---,---,40.1393026,-82.8794826
1,4144.2,0.0,00:21:15.1,00:02:31.9,3.29,00:00:00.0,0.00,20.0,423,9.6,0.0,---,---,---,---,---,---,---,---,---,---,40.1392167,-82.8794947
1,4154.1,0.0,00:21:18.1,00:02:31.0,3.31,00:00:00.0,0.00,20.5,424,9.9,0.0,---,---,---,---,---,---,---,---,---,---,40.1391279,-82.8795070
1,4164.0,0.0,00:21:21.1,00:02:33.8,3.25,00:00:00.0,0.00,20.0,425,9.9,0.0,---,---,---,---,---,---,---,---,---,---,40.1390392,-82.8795108
1,4173.8,0.0,00:21:23.9,00:02:32.9,3.27,00:00:00.0,0.00,20.5,426,9.9,0.0,---,---,---,---,---,---,---,---,---,---,40.1389507,-82.8795150
1,4183.5,0.0,00:21:26.9,00:02:33.3,3.26,00:00:00.0,0.00,19.5,427,9.6,0.0,---,---,---,---,---,---,---,---,---,---,40.1388642,-82.8795187
1,4192.9,0.0,00:21:29.9,00:02:36.2,3.20,00:00:00.0,0.00,20.5,428,9.4,0.0,---,---,---,---,---,---,---,---,---,---,40.1387796,-82.8795219
1,4203.4,0.0,00:21:33.1,00:02:34.7,3.23,00:00:00.0,0.00,19.5,429,10.5,0.0,---,---,---,---,---,---,---,---,---,---,40.1386854,-82.8795261
1,4212.6,0.0,00:21:36.1,00:02:33.3,3.26,00:00:00.0,0.00,20.0,430,9.2,0.0,---,---,---,---,---,---,---,---,---,---,40.1386027,-82.8795292
1,4221.7,0.0,00:21:38.9,00:02:37.7,3.17,00:00:00.0,0.00,20.5,431,9.1,0.0,---,---,---,---,---,---,---,---,---,---,40.1385211,-82.8795374
1,4231.6,0.0,00:21:41.9,00:02:37.7,3.17,00:00:00.0,0.00,20.5,432,9.9,0.0,---,---,---,---,---,---,---,---,---,---,40.1384324,-82.8795522
1,4241.0,0.0,00:21:44.7,00:02:34.7,3.23,00:00:00.0,0.00,21.0,433,9.3,0.0,---,---,---,---,---,---,---,---,---,---,40.1383497,-82.8795688
1,4250.4,0.0,00:21:47.7,00:02:35.2,3.22,00:00:00.0,0.00,19.5,434,9.5,0.0,---,---,---,---,---,---,---,---,---,---,40.1382659,-82.8795876
1,4260.7,0.0,00:21:50.9,00:02:37.7,3.17,00:00:00.0,0.00,20.5,435,10.2,0.0,---,---,---,---,---,---,---,---,---,---,40.1381752,-82.8796084
1,4270.5,0.0,00:21:53.9,00:02:37.7,3.17,00:00:00.0,0.00,20.0,436,9.9,0.0,---,---,---,---,---,---,---,---,---,---,40.1380872,-82.8796221
1,4280.2,0.0,00:21:56.7,00:02:31.9,3.29,00:00:00.0,0.00,20.0,437,9.7,0.0,---,---,---,---,---,---,---,---,---,---,40.1380008,-82.8796347
1,4290.5,0.0,00:21:59.9,00:02:31.0,3.31,00:00:00.0,0.00,20.0,438,10.3,0.0,---,---,---,---,---,---,---,---,---,---,40.1379092,-82.8796511
1,4300.4,0.0,00:22:02.9,00:02:33.8,3.25,00:00:00.0,0.00,19.5,439,9.8,0.0,---,---,---,---,---,---,---,---,---,---,40.1378224,-82.8796741
1,4310.1,0.0,00:22:05.9,00:02:33.8,3.25,00:00:00.0,0.00,19.5,440,9.8,0.0,---,---,---,---,---,---,---,---,---,---,40.1377371,-82.8796999
1,4319.9,0.0,00:22:08.9,00:02:35.2,3.22,00:00:00.0,0.00,20.0,441,9.8,0.0,---,---,---,---,---,---,---,---,---,---,40.1376525,-82.8797316
1,4329.9,0.0,00:22:12.1,00:02:35.2,3.22,00:00:00.0,0.00,20.0,442,10.0,0.0,---,---,---,---,---,---,---,---,---,---,40.1375658,-82.8797619
1,4339.5,0.0,00:22:15.1,00:02:34.7,3.23,00:00:00.0,0.00,19.5,443,9.6,0.0,---,---,---,---,---,---,---,---,---,---,40.1374820,-82.8797892
1,4349.9,0.0,00:22:18.3,00:02:35.2,3.22,00:00:00.0,0.00,19.0,444,10.4,0.0,---,---,---,---,---,---,---,---,---,---,40.1373919,-82.8798202
1,4359.8,0.0,00:22:21.3,00:02:35.7,3.21,00:00:00.0,0.00,20.5,445,9.9,0.0,---,---,---,---,---,---,---,---,---,---,40.1373053,-82.8798476
1,4370.0,0.0,00:22:24.3,00:02:33.3,3.26,00:00:00.0,0.00,20.0,446,10.2,0.0,---,---,---,---,---,---,---,---,---,---,40.1372156,-82.8798695
1,4380.0,0.0,00:22:27.3,00:02:30.1,3.33,00:00:00.0,0.00,19.5,447,10.1,0.0,---,---,---,---,---,---,---,---,---,---,40.1371284,-82.8799003
1,4389.9,0.0,00:22:30.3,00:02:31.0,3.31,00:00:00.0,0.00,20.0,448,9.8,0.0,---,---,---,---,---,---,---,---,---,---,40.1370424,-82.8799277
1,4399.2,0.0,00:22:33.3,00:02:34.7,3.23,00:00:00.0,0.00,20.0,449,9.3,0.0,---,---,---,---,---,---,---,---,---,---,40.1369610,-82.8799535
1,4408.9,0.0,00:22:36.5,00:02:41.2,3.10,00:00:00.0,0.00,19.5,450,9.7,0.0,---,---,---,---,---,---,---,---,---,---,40.1368760,-82.8799801
1,4417.5,0.0,00:22:39.3,00:02:45.0,3.03,00:00:00.0,0.00,20.5,451,8.6,0.0,---,---,---,---,---,---,---,---,---,---,40.1368013,-82.8800051
1,4426.8,0.0,00:22:42.3,00:02:47.2,2.99,00:00:00.0,0.00,20.0,452,9.3,0.0,---,---,---,---,---,---,---,---,---,---,40.1367201,-82.8800299
1,4436.3,0.0,00:22:45.3,00:02:47.2,2.99,00:00:00.0,0.00,20.5,453,9.5,0.0,---,---,---,---,---,---,---,---,---,---,40.1366366,-82.8800537
1,4445.0,0.0,00:22:48.1,00:02:43.9,3.05,00:00:00.0,0.00,20.5,454,8.7,0.0,---,---,---,---,---,---,---,---,---,---,40.1365605,-82.8800771
1,4454.2,0.0,00:22:51.1,00:02:44.4,3.04,00:00:00.0,0.00,20.5,455,9.2,0.0,---,---,---,---,---,---,---,---,---,---,40.1364791,-82.8800970
1,4463.8,0.0,00:22:54.1,00:02:44.4,3.04,00:00:00.0,0.00,20.5,456,9.6,0.0,---,---,---,---,---,---,---,---,---,---,40.1363935,-82.8801102
1,4472.6,0.0,00:22:56.9,00:02:41.2,3.10,00:00:00.0,0.00,20.5,457,8.8,0.0,---,---,---,---,---,---,---,---,---,---,40.1363150,-82.8801196
1,4482.2,0.0,00:22:59.9,00:02:41.2,3.10,00:00:00.0,0.00,20.5,458,9.6,0.0,---,---,---,---,---,---,---,---,---,---,40.1362291,-82.8801309
1,4491.8,0.0,00:23:02.9,00:02:39.7,3.13,00:00:00.0,0.00,20.0,459,9.6,0.0,---,---,---,---,---,---,---,---,---,---,40.1361429,-82.8801390
1,4502.0,0.0,00:23:06.1,00:02:36.7,3.19,00:00:00.0,0.00,19.5,460,10.2,0.0,---,---,---,---,---,---,---,---,---,---,40.1360516,-82.8801486
1,4511.5,0.0,00:23:09.1,00:02:38.2,3.16,00:00:00.0,0.00,19.5,461,9.5,0.0,---,---,---,---,---,---,---,---,---,---,40.1359672,-82.8801664
1,4520.7,0.0,00:23:12.1,00:02:39.2,3.14,00:00:00.0,0.00,20.0,462,9.1,0.0,---,---,---,---,---,---,---,---,---,---,40.1358861,-82.8801832
1,4530.7,0.0,00:23:15.3,00:02:41.2,3.10,00:00:00.0,0.00,19.0,463,10.0,0.0,---,---,---,---,---,---,---,---,---,---,40.1357977,-82.8802059
1,4539.7,0.0,00:23:18.1,00:02:42.3,3.08,00:00:00.0,0.00,21.0,464,9.0,0.0,---,---,---,---,---,---,---,---,---,---,40.1357179,-82.8802262
1,4548.9,0.0,00:23:21.1,00:02:41.2,3.10,00:00:00.0,0.00,21.0,465,9.1,0.0,---,---,---,---,---,---,---,---,---,---,40.1356370,-82.8802438
1,4557.7,0.0,00:23:24.1,00:02:45.0,3.03,00:00:00.0,0.00,19.5,466,8.9,0.0,---,---,---,---,---,---,---,---,---,---,40.1355588,-82.8802631
1,4566.8,0.0,00:23:27.1,00:02:48.9,2.96,00:00:00.0,0.00,20.0,467,9.0,0.0,---,---,---,---,---,---,---,---,---,---,40.1354793,-82.8802834
1,4575.7,0.0,00:23:30.1,00:02:46.6,3.00,00:00:00.0,0.00,21.0,468,8.9,0.0,---,---,---,---,---,---,---,---,---,---,40.1354015,-82.8803077
1,4584.7,0.0,00:23:33.1,00:02:45.0,3.03,00:00:00.0,0.00,19.5,469,9.1,0.0,---,---,---,---,---,---,---,---,---,---,40.1353223,-82.8803330
1,4593.1,0.0,00:23:35.9,00:02:50.0,2.94,00:00:00.0,0.00,20.5,470,8.4,0.0,---,---,---,---,---,---,---,---,---,---,40.1352490,-82.8803548
1,4602.4,0.0,00:23:38.9,00:02:49.4,2.95,00:00:00.0,0.00,20.5,471,9.3,0.0,---,---,---,---,---,---,---,---,---,---,40.1351670,-82.8803722
1,4611.5,0.0,00:23:41.9,00:02:43.3,3.06,00:00:00.0,0.00,20.0,472,9.1,0.0,---,---,---,---,---,---,---,---,---,---,40.1350864,-82.8803917
1,4620.5,0.0,00:23:44.9,00:02:43.3,3.06,00:00:00.0,0.00,20.0,473,9.0,0.0,---,---,---,---,---,---,---,---,---,---,40.1350069,-82.8804116
1,4630.2,0.0,00:23:48.1,00:02:45.0,3.03,00:00:00.0,0.00,19.5,474,9.7,0.0,---,---,---,---,---,---,---,---,---,---,40.1349215,-82.8804352
1,4639.8,0.0,00:23:51.1,00:02:42.3,3.08,00:00:00.0,0.00,20.0,475,9.6,0.0,---,---,---,---,---,---,---,---,---,---,40.1348379,-82.8804606
1,4649.0,0.0,00:23:54.1,00:02:40.2,3.12,00:00:00.0,0.00,20.0,476,9.3,0.0,---,---,---,---,---,---,---,---,---,---,40.1347580,-82.8804918
1,4657.8,0.0,00:23:56.9,00:02:43.3,3.06,00:00:00.0,0.00,20.5,477,8.7,0.0,---,---,---,---,---,---,---,---,---,---,40.1346828,-82.8805205
1,4667.9,0.0,00:24:00.1,00:02:43.3,3.06,00:00:00.0,0.00,19.5,478,10.1,0.0,---,---,---,---,---,---,---,---,---,---,40.1345944,-82.8805468
1,4677.4,0.0,00:24:03.1,00:02:42.3,3.08,00:00:00.0,0.00,20.0,479,9.5,0.0,---,---,---,---,---,---,---,---,---,---,40.1345104,-82.8805691
1,4686.6,0.0,00:24:06.1,00:02:43.3,3.06,00:00:00.0,0.00,20.0,480,9.1,0.0,---,---,---,---,---,---,---,---,---,---,40.1344284,-82.8805764
1,4696.1,0.0,00:24:09.1,00:02:43.9,3.05,00:00:00.0,0.00,20.5,481,9.5,0.0,---,---,---,---,---,---,---,---,---,---,40.1343431,-82.8805842
1,4704.8,0.0,00:24:12.1,00:02:45.5,3.02,00:00:00.0,0.00,20.0,482,8.7,0.0,---,---,---,---,---,---,---,---,---,---,40.1342647,-82.8805906
1,4713.1,0.0,00:24:14.9,00:02:48.9,2.96,00:00:00.0,0.00,20.5,483,8.3,0.0,---,---,---,---,---,---,---,---,---,---,40.1341902,-82.8805956
1,4722.4,0.0,00:24:18.1,00:02:48.9,2.96,00:00:00.0,0.00,19.5,484,9.3,0.0,---,---,---,---,---,---,---,---,---,---,40.1341072,-82.8806029
1,4731.5,0.0,00:24:21.1,00:02:48.9,2.96,00:00:00.0,0.00,20.0,485,9.1,0.0,---,---,---,---,---,---,---,---,---,---,40.1340259,-82.8806162
1,4740.3,0.0,00:24:24.1,00:02:50.0,2.94,00:00:00.0,0.00,20.0,486,8.8,0.0,---,---,---,---,---,---,---,---,---,---,40.1339476,-82.8806319
1,4749.4,0.0,00:24:27.1,00:02:48.3,2.97,00:00:00.0,0.00,20.5,487,9.1,0.0,---,---,---,---,---,---,---,---,---,---,40.1338664,-82.8806387
1,4758.4,0.0,00:24:30.1,00:02:47.7,2.98,00:00:00.0,0.00,19.5,488,9.0,0.0,---,---,---,---,---,---,---,---,---,---,40.1337860,-82.8806493
1,4767.2,0.0,00:24:33.1,00:02:46.1,3.01,00:00:00.0,0.00,19.5,489,8.8,0.0,---,---,---,---,---,---,---,---,---,---,40.1337070,-82.8806602
1,4776.5,0.0,00:24:36.3,00:02:47.7,2.98,00:00:00.0,0.00,19.5,490,9.3,0.0,---,---,---,---,---,---,---,---,---,---,40.1336242,-82.8806749
1,4785.4,0.0,00:24:39.3,00:02:48.3,2.97,00:00:00.0,0.00,19.5,491,8.9,0.0,---,---,---,---,---,---,---,---,---,---,40.1335452,-82.8806927
1,4795.0,0.0,00:24:42.5,00:02:46.6,3.00,00:00:00.0,0.00,19.5,492,9.6,0.0,---,---,---,---,---,---,---,---,---,---,40.1334602,-82.8807104
1,4804.4,0.0,00:24:45.5,00:02:47.2,2.99,00:00:00.0,0.00,20.0,493,9.4,0.0,---,---,---,---,---,---,---,---,---,---,40.1333766,-82.8807227
1,4812.7,0.0,00:24:48.5,00:02:48.3,2.97,00:00:00.0,0.00,19.5,494,8.3,0.0,---,---,---,---,---,---,---,---,---,---,40.1333028,-82.8807380
1,4821.6,0.0,00:24:51.5,00:02:47.2,2.99,00:00:00.0,0.00,20.5,495,8.9,0.0,---,---,---,---,---,---,---,---,---,---,40.1332240,-82.8807557
1,4830.5,0.0,00:24:54.5,00:02:47.7,2.98,00:00:00.0,0.00,19.5,496,8.8,0.0,---,---,---,---,---,---,---,---,---,---,40.1331461,-82.8807758
1,4839.6,0.0,00:24:57.5,00:02:48.3,2.97,00:00:00.0,0.00,20.5,497,9.1,0.0,---,---,---,---,---,---,---,---,---,---,40.1330658,-82.8807969
1,4848.1,0.0,00:25:00.3,00:02:45.5,3.02,00:00:00.0,0.00,20.5,498,8.5,0.0,---,---,---,---,---,---,---,---,---,---,40.1329910,-82.8808161
1,4857.1,0.0,00:25:03.3,00:02:47.2,2.99,00:00:00.0,0.00,20.5,499,9.0,0.0,---,---,---,---,---,---,---,---,---,---,40.1329118,-82.8808395
1,4866.1,0.0,00:25:06.3,00:02:50.0,2.94,00:00:00.0,0.00,20.5,500,9.0,0.0,---,---,---,---,---,---,---,---,---,---,40.1328332,-82.8808628
1,4874.9,0.0,00:25:09.3,00:02:47.7,2.98,00:00:00.0,0.00,20.0,501,8.9,0.0,---,---,---,---,---,---,---,---,---,---,40.1327548,-82.8808823
1,4883.9,0.0,00:25:12.3,00:02:45.0,3.03,00:00:00.0,0.00,20.5,502,9.0,0.0,---,---,---,---,---,---,---,---,---,---,40.1326760,-82.8809033
1,4892.5,0.0,00:25:15.3,00:02:49.4,2.95,00:00:00.0,0.00,20.0,503,8.6,0.0,---,---,---,---,---,---,---,---,---,---,40.1325999,-82.8809226
1,4901.6,0.0,00:25:18.3,00:02:51.2,2.92,00:00:00.0,0.00,20.0,504,9.1,0.0,---,---,---,---,---,---,---,---,---,---,40.1325194,-82.8809361
1,4910.8,0.0,00:25:21.3,00:02:45.0,3.03,00:00:00.0,0.00,20.0,505,9.3,0.0,---,---,---,---,---,---,---,---,---,---,40.1324366,-82.8809483
1,4920.1,0.0,00:25:24.3,00:02:41.8,3.09,00:00:00.0,0.00,20.0,506,9.3,0.0,---,---,---,---,---,---,---,---,---,---,40.1323535,-82.8809585
1,4929.4,0.0,00:25:27.3,00:02:42.8,3.07,00:00:00.0,0.00,20.0,507,9.2,0.0,---,---,---,---,---,---,---,---,---,---,40.1322713,-82.8809721
1,4937.8,0.0,00:25:30.1,00:02:44.4,3.04,00:00:00.0,0.00,20.5,508,8.4,0.0,---,---,---,---,---,---,---,---,---,---,40.1321957,-82.8809818
1,4946.9,0.0,00:25:33.1,00:02:45.5,3.02,00:00:00.0,0.00,21.0,509,9.1,0.0,---,---,---,---,---,---,---,---,---,---,40.1321142,-82.8809831
1,4955.6,0.0,00:25:35.9,00:02:44.4,3.04,00:00:00.0,0.00,21.0,510,8.7,0.0,---,---,---,---,---,---,---,---,---,---,40.1320361,-82.8809810
1,4963.8,0.0,00:25:38.7,00:02:45.0,3.03,00:00:00.0,0.00,21.5,511,8.2,0.0,---,---,---,---,---,---,---,---,---,---,40.1319622,-82.8809780
1,4972.1,0.0,00:25:41.5,00:02:48.3,2.97,00:00:00.0,0.00,21.0,512,8.3,0.0,---,---,---,---,---,---,---,---,---,---,40.1318878,-82.8809743
1,4981.4,0.0,00:25:44.5,00:02:44.4,3.04,00:00:00.0,0.00,20.5,513,9.3,0.0,---,---,---,---,---,---,---,---,---,---,40.1318041,-82.8809763
1,4989.9,0.0,00:25:47.3,00:02:40.7,3.11,00:00:00.0,0.00,20.5,514,8.6,0.0,---,---,---,---,---,---,---,---,---,---,40.1317275,-82.8809790
1,4999.9,0.0,00:25:50.5,00:02:41.8,3.09,00:00:00.0,0.00,20.0,515,10.0,0.0,---,---,---,---,---,---,---,---,---,---,40.1316377,-82.8809822
1,5009.0,0.0,00:25:53.3,00:02:38.2,3.16,00:00:00.0,0.00,20.5,516,9.0,0.0,---,---,---,---,---,---,---,---,---,---,40.1315568,-82.8809787
1,5017.2,0.0,00:25:56.2,00:02:40.2,3.12,00:00:00.0,0.00,21.0,517,8.2,0.0,---,---,---,---,---,---,---,---,---,---,40.1314828,-82.8809774
1,5025.7,0.0,00:25:59.1,00:02:46.6,3.00,00:00:00.0,0.00,20.5,518,8.5,0.0,---,---,---,---,---,---,---,---,---,---,40.1314067,-82.8809785
1,5033.7,0.0,00:26:01.9,00:02:51.2,2.92,00:00:00.0,0.00,20.5,519,8.0,0.0,---,---,---,---,---,---,---,---,---,---,40.1313345,-82.8809786
1,5042.4,0.0,00:26:04.9,00:02:54.2,2.87,00:00:00.0,0.00,20.5,520,8.7,0.0,---,---,---,---,---,---,---,---,---,---,40.1312568,-82.8809838
1,5051.2,0.0,00:26:07.9,00:02:48.3,2.97,00:00:00.0,0.00,20.5,521,8.9,0.0,---,---,---,---,---,---,---,---,---,---,40.1311775,-82.8809949
1,5058.7,0.0,00:26:10.9,00:02:52.4,2.90,00:00:00.0,0.00,20.5,522,7.5,0.0,---,---,---,---,---,---,---,---,---,---,40.1311102,-82.8809986
1,5064.0,0.0,00:26:13.9,00:03:30.0,2.38,00:00:00.0,0.00,20.5,523,5.2,0.0,---,---,---,---,---,---,---,---,---,---,40.1310639,-82.8810057
1,5071.9,0.0,00:26:16.9,00:03:46.2,2.21,00:00:00.0,0.00,20.0,524,7.9,0.0,---,---,---,---,---,---,---,---,---,---,40.1309926,-82.8810047
1,5081.7,0.0,00:26:19.9,00:03:07.9,2.66,00:00:00.0,0.00,19.5,525,9.8,0.0,---,---,---,---,---,---,---,---,---,---,40.1309047,-82.8810023
1,5091.4,0.0,00:26:22.9,00:02:49.4,2.95,00:00:00.0,0.00,21.0,526,9.7,0.0,---,---,---,---,---,---,---,---,---,---,40.1308173,-82.8809978
1,5101.1,0.0,00:26:25.9,00:02:40.7,3.11,00:00:00.0,0.00,20.5,527,9.7,0.0,---,---,---,---,---,---,---,---,---,---,40.1307308,-82.8809820
1,5111.2,0.0,00:26:29.0,00:02:37.7,3.17,00:00:00.0,0.00,20.5,528,10.1,0.0,---,---,---,---,---,---,---,---,---,---,40.1306430,-82.8809518
1,5120.5,0.0,00:26:31.5,00:02:38.2,3.16,00:00:00.0,0.00,20.5,529,9.3,0.0,---,---,---,---,---,---,---,---,---,---,40.1305649,-82.8809158
1,5130.2,0.0,00:26:34.3,00:02:31.9,3.29,00:00:00.0,0.00,21.0,530,9.8,0.0,---,---,---,---,---,---,---,---,---,---,40.1304856,-82.8808662
1,5140.0,0.0,00:26:37.3,00:02:31.0,3.31,00:00:00.0,0.00,20.5,531,9.7,0.0,---,---,---,---,---,---,---,---,---,---,40.1304095,-82.8808106
1,5149.8,0.0,00:26:40.3,00:02:33.3,3.26,00:00:00.0,0.00,20.0,532,9.9,0.0,---,---,---,---,---,---,---,---,---,---,40.1303329,-82.8807520
1,5159.0,0.0,00:26:43.1,00:02:35.2,3.22,00:00:00.0,0.00,20.5,533,9.1,0.0,---,---,---,---,---,---,---,---,---,---,40.1302625,-82.8806970
1,5168.8,0.0,00:26:46.1,00:02:36.7,3.19,00:00:00.0,0.00,20.0,534,9.9,0.0,---,---,---,---,---,---,---,---,---,---,40.1301864,-82.8806372
1,5179.2,0.0,00:26:49.1,00:02:32.9,3.27,00:00:00.0,0.00,20.0,535,10.3,0.0,---,---,---,---,---,---,---,---,---,---,40.1301079,-82.8805731
1,5189.1,0.0,00:26:52.1,00:02:32.4,3.28,00:00:00.0,0.00,20.5,536,10.0,0.0,---,---,---,---,---,---,---,---,---,---,40.1300327,-82.8805094
1,5199.3,0.0,00:26:55.1,00:02:33.3,3.26,00:00:00.0,0.00,20.0,537,10.2,0.0,---,---,---,---,---,---,---,---,---,---,40.1299556,-82.8804444
1,5209.1,0.0,00:26:58.1,00:02:32.9,3.27,00:00:00.0,0.00,20.0,538,9.7,0.0,---,---,---,---,---,---,---,---,---,---,40.1298805,-82.8803861
1,5219.2,0.0,00:27:01.1,00:02:31.5,3.30,00:00:00.0,0.00,20.5,539,10.1,0.0,---,---,---,---,---,---,---,---,---,---,40.1298023,-82.8803252
1,5229.5,0.0,00:27:04.1,00:02:29.6,3.34,00:00:00.0,0.00,19.5,540,10.3,0.0,---,---,---,---,---,---,---,---,---,---,40.1297239,-82.8802608
1,5239.7,0.0,00:27:07.3,00:02:31.9,3.29,00:00:00.0,0.00,19.5,541,10.2,0.0,---,---,---,---,---,---,---,---,---,---,40.1296450,-82.8802000
1,5249.0,0.0,00:27:10.3,00:02:34.7,3.23,00:00:00.0,0.00,19.5,542,9.3,0.0,---,---,---,---,---,---,---,---,---,---,40.1295730,-82.8801440
1,5258.6,0.0,00:27:13.5,00:02:37.7,3.17,00:00:00.0,0.00,19.5,543,9.6,0.0,---,---,---,---,---,---,---,---,---,---,40.1294976,-82.8800886
1,5268.3,0.0,00:27:16.5,00:02:39.2,3.14,00:00:00.0,0.00,19.5,544,9.6,0.0,---,---,---,---,---,---,---,---,---,---,40.1294214,-82.8800347
1,5278.6,0.0,00:27:19.5,00:02:34.3,3.24,00:00:00.0,0.00,19.5,545,10.3,0.0,---,---,---,---,---,---,---,---,---,---,40.1293419,-82.8799735
1,5288.5,0.0,00:27:22.5,00:02:29.6,3.34,00:00:00.0,0.00,20.0,546,9.9,0.0,---,---,---,---,---,---,---,---,---,---,40.1292687,-82.8799068
1,5299.2,0.0,00:27:25.5,00:02:28.3,3.37,00:00:00.0,0.00,20.5,547,10.7,0.0,---,---,---,---,---,---,---,---,---,---,40.1291853,-82.8798434
1,5309.3,0.0,00:27:28.5,00:02:23.2,3.49,00:00:00.0,0.00,20.0,548,10.1,0.0,---,---,---,---,---,---,---,---,---,---,40.1291065,-82.8797860
1,5319.7,0.0,00:27:31.5,00:02:22.0,3.52,00:00:00.0,0.00,20.0,549,10.4,0.0,---,---,---,---,---,---,---,---,---,---,40.1290243,-82.8797284
1,5330.7,0.0,00:27:35.0,00:02:26.6,3.41,00:00:00.0,0.00,19.5,550,11.1,0.0,---,---,---,---,---,---,---,---,---,---,40.1289368,-82.8796663
1,5341.1,0.0,00:27:37.9,00:02:27.0,3.40,00:00:00.0,0.00,20.0,551,10.3,0.0,---,---,---,---,---,---,---,---,---,---,40.1288573,-82.8796036
1,5350.6,0.0,00:27:40.5,00:02:27.4,3.39,00:00:00.0,0.00,21.0,552,9.6,0.0,---,---,---,---,---,---,---,---,---,---,40.1287840,-82.8795449
1,5359.9,0.0,00:27:43.3,00:02:30.1,3.33,00:00:00.0,0.00,21.0,553,9.3,0.0,---,---,---,---,---,---,---,---,---,---,40.1287145,-82.8794852
1,5370.0,0.0,00:27:46.3,00:02:28.8,3.36,00:00:00.0,0.00,20.5,554,10.1,0.0,---,---,---,---,---,---,---,---,---,---,40.1286384,-82.8794208
1,5379.7,0.0,00:27:49.1,00:02:27.9,3.38,00:00:00.0,0.00,21.0,555,9.7,0.0,---,---,---,---,---,---,---,---,---,---,40.1285661,-82.8793576
1,5390.2,0.0,00:27:52.1,00:02:28.8,3.36,00:00:00.0,0.00,20.0,556,10.5,0.0,---,---,---,---,---,---,---,---,---,---,40.1284873,-82.8792901
1,5399.9,0.0,00:27:55.1,00:02:29.6,3.34,00:00:00.0,0.00,20.5,557,9.7,0.0,---,---,---,---,---,---,---,---,---,---,40.1284128,-82.8792309
1,5409.5,0.0,00:27:58.1,00:02:31.5,3.30,00:00:00.0,0.00,20.5,558,9.6,0.0,---,---,---,---,---,---,---,---,---,---,40.1283340,-82.8791833
1,5419.0,0.0,00:28:00.9,00:02:31.5,3.30,00:00:00.0,0.00,20.5,559,9.5,0.0,---,---,---,---,---,---,---,---,---,---,40.1282560,-82.8791389
1,5428.9,0.0,00:28:03.9,00:02:29.6,3.34,00:00:00.0,0.00,20.5,560,9.9,0.0,---,---,---,---,---,---,---,---,---,---,40.1281749,-82.8790913
1,5439.5,0.0,00:28:06.9,00:02:26.1,3.42,00:00:00.0,0.00,20.0,561,10.6,0.0,---,---,---,---,---,---,---,---,---,---,40.1280884,-82.8790394
1,5450.4,0.0,00:28:09.9,00:02:19.6,3.58,00:00:00.0,0.00,20.5,562,10.9,0.0,---,---,---,---,---,---,---,---,---,---,40.1279989,-82.8789865
1,5460.2,0.0,00:28:12.7,00:02:19.2,3.59,00:00:00.0,0.00,20.0,563,9.8,0.0,---,---,---,---,---,---,---,---,---,---,40.1279205,-82.8789347
1,5470.4,0.0,00:28:15.7,00:02:24.5,3.46,00:00:00.0,0.00,20.5,564,10.2,0.0,---,---,---,---,---,---,---,---,---,---,40.1278401,-82.8788778
1,5480.4,0.0,00:28:18.7,00:02:28.8,3.36,00:00:00.0,0.00,20.5,565,10.0,0.0,---,---,---,---,---,---,---,---,---,---,40.1277614,-82.8788213
1,5490.6,0.0,00:28:21.7,00:02:28.8,3.36,00:00:00.0,0.00,20.5,566,10.2,0.0,---,---,---,---,---,---,---,---,---,---,40.1276810,-82.8787634
1,5500.2,0.0,00:28:24.7,00:02:29.2,3.35,00:00:00.0,0.00,20.0,567,9.6,0.0,---,---,---,---,---,---,---,---,---,---,40.1276058,-82.8787075
1,5509.5,0.0,00:28:27.5,00:02:34.7,3.23,00:00:00.0,0.00,20.5,568,9.3,0.0,---,---,---,---,---,---,---,---,---,---,40.1275290,-82.8786632
1,5519.4,0.0,00:28:30.5,00:02:35.2,3.22,00:00:00.0,0.00,20.0,569,9.9,0.0,---,---,---,---,---,---,---,---,---,---,40.1274482,-82.8786156
1,5528.8,0.0,00:28:33.5,00:02:33.8,3.25,00:00:00.0,0.00,20.5,570,9.4,0.0,---,---,---,---,---,---,---,---,---,---,40.1273731,-82.8785651
1,5538.5,0.0,00:28:36.5,00:02:36.7,3.19,00:00:00.0,0.00,20.5,571,9.7,0.0,---,---,---,---,---,---,---,---,---,---,40.1272997,-82.8785044
1,5547.5,0.0,00:28:39.3,00:02:34.7,3.23,00:00:00.0,0.00,20.5,572,9.0,0.0,---,---,---,---,---,---,---,---,---,---,40.1272317,-82.8784470
1,5557.7,0.0,00:28:42.3,00:02:29.6,3.34,00:00:00.0,0.00,20.0,573,10.2,0.0,---,---,---,---,---,---,---,---,---,---,40.1271566,-82.8783787
1,5568.1,0.0,00:28:45.3,00:02:28.8,3.36,00:00:00.0,0.00,20.5,574,10.4,0.0,---,---,---,---,---,---,---,---,---,---,40.1270831,-82.8783031
1,5578.5,0.0,00:28:48.3,00:02:26.6,3.41,00:00:00.0,0.00,20.0,575,10.4,0.0,---,---,---,---,---,---,---,---,---,---,40.1270076,-82.8782312
1,5588.6,0.0,00:28:51.3,00:02:23.6,3.48,00:00:00.0,0.00,20.0,576,10.2,0.0,---,---,---,---,---,---,---,---,---,---,40.1269357,-82.8781576
1,5599.1,0.0,00:28:54.3,00:02:23.6,3.48,00:00:00.0,0.00,20.0,577,10.4,0.0,---,---,---,---,---,---,---,---,---,---,40.1268594,-82.8780864
1,5608.7,0.0,00:28:57.3,00:02:28.3,3.37,00:00:00.0,0.00,19.5,578,9.6,0.0,---,---,---,---,---,---,---,---,---,---,40.1267893,-82.8780209
1,5618.5,0.0,00:29:00.3,00:02:29.6,3.34,00:00:00.0,0.00,20.5,579,9.9,0.0,---,---,---,---,---,---,---,---,---,---,40.1267162,-82.8779552
1,5628.1,0.0,00:29:03.3,00:02:30.6,3.32,00:00:00.0,0.00,20.0,580,9.6,0.0,---,---,---,---,---,---,---,---,---,---,40.1266443,-82.8778928
1,5638.5,0.0,00:29:06.3,00:02:29.6,3.34,00:00:00.0,0.00,20.0,581,10.3,0.0,---,---,---,---,---,---,---,---,---,---,40.1265674,-82.8778250
1,5648.5,0.0,00:29:09.3,00:02:27.9,3.38,00:00:00.0,0.00,20.0,582,10.0,0.0,---,---,---,---,---,---,---,---,---,---,40.1264917,-82.8777618
1,5658.6,0.0,00:29:12.3,00:02:25.7,3.43,00:00:00.0,0.00,20.5,583,10.2,0.0,---,---,---,---,---,---,---,---,---,---,40.1264137,-82.8776997
1,5668.2,0.0,00:29:15.3,00:02:26.6,3.41,00:00:00.0,0.00,20.5,584,9.6,0.0,---,---,---,---,---,---,---,---,---,---,40.1263412,-82.8776388
1,5678.2,0.0,00:29:18.3,00:02:32.4,3.28,00:00:00.0,0.00,20.5,585,10.0,0.0,---,---,---,---,---,---,---,---,---,---,40.1262676,-82.8775716
1,5687.1,0.0,00:29:21.3,00:02:33.8,3.25,00:00:00.0,0.00,20.0,586,8.9,0.0,---,---,---,---,---,---,---,---,---,---,40.1262027,-82.8775102
1,5696.7,0.0,00:29:24.3,00:02:39.7,3.13,00:00:00.0,0.00,19.5,587,9.6,0.0,---,---,---,---,---,---,---,---,---,---,40.1261354,-82.8774400
1,5707.0,0.0,00:29:27.3,00:02:35.7,3.21,00:00:00.0,0.00,20.0,588,10.3,0.0,---,---,---,---,---,---,---,---,---,---,40.1260632,-82.8773638
1,5716.7,0.0,00:29:30.3,00:02:29.2,3.35,00:00:00.0,0.00,20.0,589,9.6,0.0,---,---,---,---,---,---,---,---,---,---,40.1259972,-82.8772910
1,5726.0,0.0,00:29:33.1,00:02:29.6,3.34,00:00:00.0,0.00,21.0,590,9.3,0.0,---,---,---,---,---,---,---,---,---,---,40.1259326,-82.8772210
1,5735.3,0.0,00:29:36.1,00:02:32.9,3.27,00:00:00.0,0.00,20.5,591,9.3,0.0,---,---,---,---,---,---,---,---,---,---,40.1258688,-82.8771512
1,5744.7,0.0,00:29:39.1,00:02:38.2,3.16,00:00:00.0,0.00,20.5,592,9.5,0.0,---,---,---,---,---,---,---,---,---,---,40.1258017,-82.8770824
1,5754.3,0.0,00:29:42.1,00:02:37.7,3.17,00:00:00.0,0.00,20.0,593,9.5,0.0,---,---,---,---,---,---,---,---,---,---,40.1257350,-82.8770124
1,5763.6,0.0,00:29:44.9,00:02:33.3,3.26,00:00:00.0,0.00,20.5,594,9.3,0.0,---,---,---,---,---,---,---,---,---,---,40.1256680,-82.8769471
1,5773.3,0.0,00:29:48.1,00:02:37.2,3.18,00:00:00.0,0.00,20.0,595,9.8,0.0,---,---,---,---,---,---,---,---,---,---,40.1255965,-82.8768802
1,5781.6,0.0,00:29:50.9,00:02:44.4,3.04,00:00:00.0,0.00,20.0,596,8.3,0.0,---,---,---,---,---,---,---,---,---,---,40.1255367,-82.8768222
1,5792.1,0.0,00:29:53.9,00:02:41.2,3.10,00:00:00.0,0.00,20.5,597,10.4,0.0,---,---,---,---,---,---,---,---,---,---,40.1254603,-82.8767514
1,5801.7,0.0,00:29:56.9,00:02:30.1,3.33,00:00:00.0,0.00,20.5,598,9.7,0.0,---,---,---,---,---,---,---,---,---,---,40.1253909,-82.8766838
1,5810.4,0.0,00:29:59.7,00:02:30.6,3.32,00:00:00.0,0.00,20.5,599,8.7,0.0,---,---,---,---,---,---,---,---,---,---,40.1253245,-82.8766303
1,5819.9,0.0,00:30:02.7,00:02:39.2,3.14,00:00:00.0,0.00,20.0,600,9.5,0.0,---,---,---,---,---,---,---,---,---,---,40.1252535,-82.8765683
1,5829.3,0.0,00:30:05.7,00:02:39.2,3.14,00:00:00.0,0.00,20.5,601,9.4,0.0,---,---,---,---,---,---,---,---,---,---,40.1251812,-82.8765105
1,5838.8,0.0,00:30:08.7,00:02:35.7,3.21,00:00:00.0,0.00,20.0,602,9.5,0.0,---,---,---,---,---,---,---,---,---,---,40.1251133,-82.8764433
1,5849.0,0.0,00:30:11.7,00:02:31.0,3.31,00:00:00.0,0.00,20.5,603,10.2,0.0,---,---,---,---,---,---,---,---,---,---,40.1250438,-82.8763658
1,5857.4,0.0,00:30:14.5,00:02:34.7,3.23,00:00:00.0,0.00,20.5,604,8.4,0.0,---,---,---,---,---,---,---,---,---,---,40.1249884,-82.8762988
1,5867.7,0.0,00:30:17.7,00:02:37.2,3.18,00:00:00.0,0.00,20.0,605,10.3,0.0,---,---,---,---,---,---,---,---,---,---,40.1249226,-82.8762135
1,5876.7,0.0,00:30:20.5,00:02:32.9,3.27,00:00:00.0,0.00,20.5,606,9.0,0.0,---,---,---,---,---,---,---,---,---,---,40.1248659,-82.8761376
1,5885.2,0.0,00:30:23.3,00:02:32.9,3.27,00:00:00.0,0.00,21.0,607,8.5,0.0,---,---,---,---,---,---,---,---,---,---,40.1248113,-82.8760678
1,5894.2,0.0,00:30:26.2,00:02:35.2,3.22,00:00:00.0,0.00,21.0,608,9.0,0.0,---,---,---,---,---,---,---,---,---,---,40.1247561,-82.8759909
1,5902.4,0.0,00:30:29.1,00:02:39.2,3.14,00:00:00.0,0.00,21.0,609,8.2,0.0,---,---,---,---,---,---,---,---,---,---,40.1247101,-82.8759156
1,5910.7,0.0,00:30:32.0,00:02:43.9,3.05,00:00:00.0,0.00,21.0,610,8.3,0.0,---,---,---,---,---,---,---,---,---,---,40.1246608,-82.8758422
1,5920.2,0.0,00:30:35.0,00:02:40.7,3.11,00:00:00.0,0.00,21.0,611,9.6,0.0,---,---,---,---,---,---,---,---,---,---,40.1246061,-82.8757558
1,5930.4,0.0,00:30:38.0,00:02:31.0,3.31,00:00:00.0,0.00,21.0,612,10.1,0.0,---,---,---,---,---,---,---,---,---,---,40.1245500,-82.8756627
1,5951.5,0.0,00:30:47.7,00:04:10.0,2.00,00:00:00.0,0.00,25.0,613,21.1,0.0,---,---,---,---,---,---,---,---,---,---,40.1243498,-82.8750029
1,5952.9,0.0,00:30:48.5,00:06:33.6,1.27,00:00:00.0,0.00,44.5,614,1.5,0.0,---,---,---,---,---,---,---,---,---,---,40.1243485,-82.8749858
1,5960.4,0.0,00:30:51.9,00:04:00.3,2.08,00:00:00.0,0.00,19.5,615,7.5,0.0,---,---,---,---,---,---,---,---,---,---,40.1243352,-82.8748994
1,5970.1,0.0,00:30:54.9,00:03:05.8,2.69,00:00:00.0,0.00,20.0,616,9.7,0.0,---,---,---,---,---,---,---,---,---,---,40.1243154,-82.8747890
1,5979.0,0.0,00:30:57.9,00:02:43.3,3.06,00:00:00.0,0.00,20.5,617,8.9,0.0,---,---,---,---,---,---,---,---,---,---,40.1243018,-82.8746854
1,5989.4,0.0,00:31:00.9,00:02:34.7,3.23,00:00:00.0,0.00,20.0,618,10.3,0.0,---,---,---,---,---,---,---,---,---,---,40.1242827,-82.8745666
1,5999.4,0.0,00:31:03.9,00:02:27.9,3.38,00:00:00.0,0.00,20.5,619,10.0,0.0,---,---,---,---,---,---,---,---,---,---,40.1242651,-82.8744510
1,6009.0,0.0,00:31:06.5,00:02:29.2,3.35,00:00:00.0,0.00,20.5,620,9.6,0.0,---,---,---,---,---,---,---,---,---,---,40.1242501,-82.8743396
1,6019.6,0.0,00:31:09.5,00:02:29.2,3.35,00:00:00.0,0.00,20.5,621,10.6,0.0,---,---,---,---,---,---,---,---,---,---,40.1242263,-82.8742186
1,6030.3,0.0,00:31:12.5,00:02:24.9,3.45,00:00:00.0,0.00,20.5,622,10.7,0.0,---,---,---,---,---,---,---,---,---,---,40.1242051,-82.8740965
1,6040.0,0.0,00:31:15.3,00:02:22.0,3.52,00:00:00.0,0.00,20.5,623,9.7,0.0,---,---,---,---,---,---,---,---,---,---,40.1241854,-82.8739853
1,6050.1,0.0,00:31:18.3,00:02:28.8,3.36,00:00:00.0,0.00,20.5,624,10.1,0.0,---,---,---,---,---,---,---,---,---,---,40.1241676,-82.8738694
1,6060.3,0.0,00:31:21.3,00:02:31.0,3.31,00:00:00.0,0.00,20.0,625,10.2,0.0,---,---,---,---,---,---,---,---,---,---,40.1241408,-82.8737544
1,6070.7,0.0,00:31:24.3,00:02:30.6,3.32,00:00:00.0,0.00,19.5,626,10.3,0.0,---,---,---,---,---,---,---,---,---,---,40.1241129,-82.8736384
1,6082.0,0.0,00:31:27.5,00:02:27.4,3.39,00:00:00.0,0.00,20.0,627,11.3,0.0,---,---,---,---,---,---,---,---,---,---,40.1240803,-82.8735127
1,6092.6,0.0,00:31:30.5,00:02:21.6,3.53,00:00:00.0,0.00,20.0,628,10.6,0.0,---,---,---,---,---,---,---,---,---,---,40.1240520,-82.8733939
1,6102.3,0.0,00:31:33.3,00:02:26.6,3.41,00:00:00.0,0.00,20.5,629,9.7,0.0,---,---,---,---,---,---,---,---,---,---,40.1240229,-82.8732866
1,6112.2,0.0,00:31:36.3,00:02:28.8,3.36,00:00:00.0,0.00,20.5,630,10.0,0.0,---,---,---,---,---,---,---,---,---,---,40.1239939,-82.8731755
1,6122.7,0.0,00:31:39.1,00:02:24.0,3.47,00:00:00.0,0.00,20.5,631,10.5,0.0,---,---,---,---,---,---,---,---,---,---,40.1239593,-82.8730609
1,6133.3,0.0,00:31:42.1,00:02:21.2,3.54,00:00:00.0,0.00,20.5,632,10.6,0.0,---,---,---,---,---,---,---,---,---,---,40.1239250,-82.8729451
1,6143.3,0.0,00:31:44.9,00:02:20.0,3.57,00:00:00.0,0.00,21.0,633,10.0,0.0,---,---,---,---,---,---,---,---,---,---,40.1238891,-82.8728373
1,6154.3,0.0,00:31:47.9,00:02:17.7,3.63,00:00:00.0,0.00,21.0,634,11.0,0.0,---,---,---,---,---,---,---,---,---,---,40.1238492,-82.8727193
1,6164.2,0.0,00:31:50.7,00:02:19.2,3.59,00:00:00.0,0.00,21.0,635,10.0,0.0,---,---,---,---,---,---,---,---,---,---,40.1238194,-82.8726092
1,6174.1,0.0,00:31:53.5,00:02:23.6,3.48,00:00:00.0,0.00,21.0,636,9.8,0.0,---,---,---,---,---,---,---,---,---,---,40.1237886,-82.8725008
1,6184.0,0.0,00:31:56.5,00:02:27.9,3.38,00:00:00.0,0.00,20.5,637,9.9,0.0,---,---,---,---,---,---,---,---,---,---,40.1237582,-82.8723916
1,6193.4,0.0,00:31:59.3,00:02:29.2,3.35,00:00:00.0,0.00,21.0,638,9.4,0.0,---,---,---,---,---,---,---,---,---,---,40.1237259,-82.8722888
1,6203.7,0.0,00:32:02.3,00:02:28.3,3.37,00:00:00.0,0.00,21.0,639,10.4,0.0,---,---,---,---,---,---,---,---,---,---,40.1236971,-82.8721737
1,6212.9,0.0,00:32:05.1,00:02:31.0,3.31,00:00:00.0,0.00,21.0,640,9.2,0.0,---,---,---,---,---,---,---,---,---,---,40.1236729,-82.8720708
1,6221.9,0.0,00:32:07.9,00:02:31.9,3.29,00:00:00.0,0.00,20.5,641,9.0,0.0,---,---,---,---,---,---,---,---,---,---,40.1236477,-82.8719706
1,6231.5,0.0,00:32:10.9,00:02:32.4,3.28,00:00:00.0,0.00,21.0,642,9.6,0.0,---,---,---,---,---,---,---,---,---,---,40.1236174,-82.8718651
1,6241.1,0.0,00:32:13.7,00:02:31.9,3.29,00:00:00.0,0.00,20.0,643,9.6,0.0,---,---,---,---,---,---,---,---,---,---,40.1235810,-82.8717627
1,6251.0,0.0,00:32:16.7,00:02:29.2,3.35,00:00:00.0,0.00,20.5,644,9.9,0.0,---,---,---,---,---,---,---,---,---,---,40.1235371,-82.8716614
1,6260.9,0.0,00:32:19.7,00:02:31.5,3.30,00:00:00.0,0.00,20.5,645,9.9,0.0,---,---,---,---,---,---,---,---,---,---,40.1234977,-82.8715570
1,6269.1,0.0,00:32:22.7,00:02:44.4,3.04,00:00:00.0,0.00,20.0,646,8.2,0.0,---,---,---,---,---,---,---,---,---,---,40.1234713,-82.8714670
1,6278.9,0.0,00:32:25.7,00:02:45.5,3.02,00:00:00.0,0.00,20.5,647,9.7,0.0,---,---,---,---,---,---,---,---,---,---,40.1234298,-82.8713656
1,6288.6,0.0,00:32:28.7,00:02:35.2,3.22,00:00:00.0,0.00,20.0,648,9.7,0.0,---,---,---,---,---,---,---,---,---,---,40.1233858,-82.8712674
1,6296.8,0.0,00:32:31.7,00:02:52.4,2.90,00:00:00.0,0.00,20.0,649,8.2,0.0,---,---,---,---,---,---,---,---,---,---,40.1233532,-82.8711806
1,6306.7,0.0,00:32:34.7,00:02:56.0,2.84,00:00:00.0,0.00,20.0,650,9.9,0.0,---,---,---,---,---,---,---,---,---,---,40.1233046,-82.8710842
1,6315.7,0.0,00:32:37.7,00:02:43.3,3.06,00:00:00.0,0.00,20.5,651,9.0,0.0,---,---,---,---,---,---,---,---,---,---,40.1232637,-82.8709927
1,6324.6,0.0,00:32:40.5,00:02:41.8,3.09,00:00:00.0,0.00,20.5,652,9.0,0.0,---,---,---,---,---,---,---,---,---,---,40.1232272,-82.8708987
1,6334.4,0.0,00:32:43.5,00:02:40.2,3.12,00:00:00.0,0.00,20.0,653,9.8,0.0,---,---,---,---,---,---,---,---,---,---,40.1231869,-82.8707961
1,6344.7,0.0,00:32:46.5,00:02:34.3,3.24,00:00:00.0,0.00,20.5,654,10.3,0.0,---,---,---,---,---,---,---,---,---,---,40.1231425,-82.8706904
1,6354.8,0.0,00:32:49.5,00:02:28.3,3.37,00:00:00.0,0.00,20.5,655,10.1,0.0,---,---,---,---,---,---,---,---,---,---,40.1231022,-82.8705846
1,6365.1,0.0,00:32:52.5,00:02:29.6,3.34,00:00:00.0,0.00,20.0,656,10.4,0.0,---,---,---,---,---,---,---,---,---,---,40.1230587,-82.8704771
1,6374.5,0.0,00:32:55.3,00:02:31.0,3.31,00:00:00.0,0.00,20.5,657,9.4,0.0,---,---,---,---,---,---,---,---,---,---,40.1230264,-82.8703758
1,6384.0,0.0,00:32:58.3,00:02:33.8,3.25,00:00:00.0,0.00,20.0,658,9.5,0.0,---,---,---,---,---,---,---,---,---,---,40.1229980,-82.8702710
1,6394.3,0.0,00:33:01.3,00:02:32.4,3.28,00:00:00.0,0.00,20.0,659,10.4,0.0,---,---,---,---,---,---,---,---,---,---,40.1229628,-82.8701579
1,6404.9,0.0,00:33:04.5,00:02:28.8,3.36,00:00:00.0,0.00,19.5,660,10.7,0.0,---,---,---,---,---,---,---,---,---,---,40.1229289,-82.8700414
1,6414.0,0.0,00:33:07.3,00:02:31.9,3.29,00:00:00.0,0.00,20.5,661,9.1,0.0,---,---,---,---,---,---,---,---,---,---,40.1229020,-82.8699408
1,6424.1,0.0,00:33:10.5,00:02:38.7,3.15,00:00:00.0,0.00,19.5,662,10.1,0.0,---,---,---,---,---,---,---,---,---,---,40.1228698,-82.8698302
1,6432.8,0.0,00:33:13.3,00:02:42.3,3.08,00:00:00.0,0.00,20.5,663,8.8,0.0,---,---,---,---,---,---,---,---,---,---,40.1228464,-82.8697320
1,6443.4,0.0,00:33:16.3,00:02:37.2,3.18,00:00:00.0,0.00,20.5,664,10.5,0.0,---,---,---,---,---,---,---,---,---,---,40.1228135,-82.8696162
1,6453.3,0.0,00:33:19.1,00:02:25.7,3.43,00:00:00.0,0.00,20.5,665,9.9,0.0,---,---,---,---,---,---,---,---,---,---,40.1227817,-82.8695078
1,6463.5,0.0,00:33:22.2,00:02:24.5,3.46,00:00:00.0,0.00,20.5,666,10.3,0.0,---,---,---,---,---,---,---,---,---,---,40.1227492,-82.8693949
1,6473.7,0.0,00:33:25.2,00:02:28.8,3.36,00:00:00.0,0.00,20.0,667,10.2,0.0,---,---,---,---,---,---,---,---,---,---,40.1227173,-82.8692830
1,6483.1,0.0,00:33:28.2,00:02:34.3,3.24,00:00:00.0,0.00,20.0,668,9.4,0.0,---,---,---,---,---,---,---,---,---,---,40.1226916,-82.8691777
1,6492.0,0.0,00:33:31.1,00:02:40.2,3.12,00:00:00.0,0.00,20.5,669,8.9,0.0,---,---,---,---,---,---,---,---,---,---,40.1226661,-82.8690782
1,6502.3,0.0,00:33:34.2,00:02:39.2,3.14,00:00:00.0,0.00,20.0,670,10.2,0.0,---,---,---,---,---,---,---,---,---,---,40.1226334,-82.8689656
1,6511.4,0.0,00:33:37.1,00:02:36.7,3.19,00:00:00.0,0.00,20.5,671,9.1,0.0,---,---,---,---,---,---,---,---,---,---,40.1226079,-82.8688643
1,6520.8,0.0,00:33:39.9,00:02:31.5,3.30,00:00:00.0,0.00,20.5,672,9.5,0.0,---,---,---,---,---,---,---,---,---,---,40.1225804,-82.8687591
1,6530.0,0.0,00:33:42.9,00:02:32.4,3.28,00:00:00.0,0.00,20.5,673,9.2,0.0,---,---,---,---,---,---,---,---,---,---,40.1225527,-82.8686572
1,6538.8,0.0,00:33:45.9,00:02:42.8,3.07,00:00:00.0,0.00,21.0,674,8.8,0.0,---,---,---,---,---,---,---,---,---,---,40.1225313,-82.8685580
1,6548.7,0.0,00:33:49.0,00:02:40.7,3.11,00:00:00.0,0.00,19.5,675,9.9,0.0,---,---,---,---,---,---,---,---,---,---,40.1225063,-82.8684463
1,6557.9,0.0,00:33:51.9,00:02:38.2,3.16,00:00:00.0,0.00,20.5,676,9.2,0.0,---,---,---,---,---,---,---,---,---,---,40.1224887,-82.8683407
1,6567.3,0.0,00:33:55.0,00:02:40.2,3.12,00:00:00.0,0.00,21.0,677,9.3,0.0,---,---,---,---,---,---,---,---,---,---,40.1224673,-82.8682346
1,6586.7,0.0,00:34:06.5,00:02:40.2,3.12,00:00:00.0,0.00,15.0,678,19.4,0.0,---,---,---,---,---,---,---,---,---,---,40.1225756,-82.8682073
1,6595.4,0.0,00:34:09.9,00:04:42.4,1.77,00:00:00.0,0.00,18.0,679,8.8,0.0,---,---,---,---,---,---,---,---,---,---,40.1226164,-82.8682951
1,6605.3,0.0,00:34:13.1,00:03:06.5,2.68,00:00:00.0,0.00,18.5,680,9.9,0.0,---,---,---,---,---,---,---,---,---,---,40.1226636,-82.8683937
1,6615.8,0.0,00:34:16.3,00:02:40.7,3.11,00:00:00.0,0.00,19.5,681,10.5,0.0,---,---,---,---,---,---,---,---,---,---,40.1227105,-82.8685004
1,6626.0,0.0,00:34:19.3,00:02:30.1,3.33,00:00:00.0,0.00,19.5,682,10.2,0.0,---,---,---,---,---,---,---,---,---,---,40.1227581,-82.8686031
1,6636.5,0.0,00:34:22.3,00:02:25.7,3.43,00:00:00.0,0.00,20.0,683,10.4,0.0,---,---,---,---,---,---,---,---,---,---,40.1228073,-82.8687073
1,6646.2,0.0,00:34:25.3,00:02:26.1,3.42,00:00:00.0,0.00,20.0,684,9.8,0.0,---,---,---,---,---,---,---,---,---,---,40.1228470,-82.8688095
1,6656.4,0.0,00:34:28.3,00:02:27.9,3.38,00:00:00.0,0.00,20.0,685,10.2,0.0,---,---,---,---,---,---,---,---,---,---,40.1228819,-82.8689206
1,6665.7,0.0,00:34:31.4,00:02:32.4,3.28,00:00:00.0,0.00,20.5,686,9.2,0.0,---,---,---,---,---,---,---,---,---,---,40.1229152,-82.8690205
1,6675.6,0.0,00:34:34.1,00:02:33.8,3.25,00:00:00.0,0.00,20.5,687,9.9,0.0,---,---,---,---,---,---,---,---,---,---,40.1229603,-82.8691207
1,6685.9,0.0,00:34:37.1,00:02:26.6,3.41,00:00:00.0,0.00,20.5,688,10.3,0.0,---,---,---,---,---,---,---,---,---,---,40.1230043,-82.8692274
1,6695.7,0.0,00:34:40.1,00:02:28.8,3.36,00:00:00.0,0.00,20.0,689,9.8,0.0,---,---,---,---,---,---,---,---,---,---,40.1230454,-82.8693289
1,6705.5,0.0,00:34:43.1,00:02:34.3,3.24,00:00:00.0,0.00,20.5,690,9.8,0.0,---,---,---,---,---,---,---,---,---,---,40.1230826,-82.8694337
1,6714.8,0.0,00:34:46.1,00:02:35.2,3.22,00:00:00.0,0.00,20.0,691,9.3,0.0,---,---,---,---,---,---,---,---,---,---,40.1231092,-82.8695372
1,6724.6,0.0,00:34:49.1,00:02:36.7,3.19,00:00:00.0,0.00,20.0,692,9.7,0.0,---,---,---,---,---,---,---,---,---,---,40.1231282,-82.8696491
1,6734.7,0.0,00:34:52.1,00:02:34.7,3.23,00:00:00.0,0.00,20.5,693,10.1,0.0,---,---,---,---,---,---,---,---,---,---,40.1231437,-82.8697666
1,6743.6,0.0,00:34:54.9,00:02:35.2,3.22,00:00:00.0,0.00,20.0,694,8.9,0.0,---,---,---,---,---,---,---,---,---,---,40.1231474,-82.8698713
1,6754.8,0.0,00:34:58.1,00:02:31.5,3.30,00:00:00.0,0.00,20.0,695,11.1,0.0,---,---,---,---,---,---,---,---,---,---,40.1231615,-82.8700010
1,6764.1,0.0,00:35:01.1,00:02:31.0,3.31,00:00:00.0,0.00,20.0,696,9.3,0.0,---,---,---,---,---,---,---,---,---,---,40.1231733,-82.8701090
1,6774.1,0.0,00:35:04.2,00:02:34.3,3.24,00:00:00.0,0.00,20.0,697,10.0,0.0,---,---,---,---,---,---,---,---,---,---,40.1231997,-82.8702213
1,6784.3,0.0,00:35:07.1,00:02:31.5,3.30,00:00:00.0,0.00,20.0,698,10.2,0.0,---,---,---,---,---,---,---,---,---,---,40.1232261,-82.8703360
1,6794.2,0.0,00:35:10.2,00:02:27.0,3.40,00:00:00.0,0.00,19.5,699,9.9,0.0,---,---,---,---,---,---,---,---,---,---,40.1232500,-82.8704485
1,6804.7,0.0,00:35:13.3,00:02:28.3,3.37,00:00:00.0,0.00,19.5,700,10.5,0.0,---,---,---,---,---,---,---,---,---,---,40.1232810,-82.8705648
1,6814.4,0.0,00:35:16.2,00:02:29.2,3.35,00:00:00.0,0.00,20.0,701,9.8,0.0,---,---,---,---,---,---,---,---,---,---,40.1233154,-82.8706705
1,6825.6,0.0,00:35:19.3,00:02:24.5,3.46,00:00:00.0,0.00,20.0,702,11.1,0.0,---,---,---,---,---,---,---,---,---,---,40.1233599,-82.8707877
1,6835.3,0.0,00:35:22.3,00:02:26.6,3.41,00:00:00.0,0.00,19.5,703,9.7,0.0,---,---,---,---,---,---,---,---,---,---,40.1234020,-82.8708874
1,6844.4,0.0,00:35:25.3,00:02:32.4,3.28,00:00:00.0,0.00,20.0,704,9.2,0.0,---,---,---,---,---,---,---,---,---,---,40.1234414,-82.8709818
1,6853.9,0.0,00:35:28.4,00:02:34.3,3.24,00:00:00.0,0.00,20.5,705,9.4,0.0,---,---,---,---,---,---,---,---,---,---,40.1234789,-82.8710814
1,6863.9,0.0,00:35:31.4,00:02:30.6,3.32,00:00:00.0,0.00,20.5,706,10.0,0.0,---,---,---,---,---,---,---,---,---,---,40.1235160,-82.8711882
1,6873.3,0.0,00:35:34.1,00:02:26.6,3.41,00:00:00.0,0.00,20.5,707,9.4,0.0,---,---,---,---,---,---,---,---,---,---,40.1235443,-82.8712925
1,6883.4,0.0,00:35:37.1,00:02:27.4,3.39,00:00:00.0,0.00,20.5,708,10.1,0.0,---,---,---,---,---,---,---,---,---,---,40.1235763,-82.8714036
1,6893.1,0.0,00:35:40.1,00:02:27.9,3.38,00:00:00.0,0.00,20.0,709,9.8,0.0,---,---,---,---,---,---,---,---,---,---,40.1236100,-82.8715093
1,6903.8,0.0,00:35:43.2,00:02:26.6,3.41,00:00:00.0,0.00,20.0,710,10.7,0.0,---,---,---,---,---,---,---,---,---,---,40.1236503,-82.8716230
1,6913.6,0.0,00:35:46.1,00:02:25.7,3.43,00:00:00.0,0.00,20.5,711,9.8,0.0,---,---,---,---,---,---,---,---,---,---,40.1236880,-82.8717272
1,6922.3,0.0,00:35:49.0,00:02:31.0,3.31,00:00:00.0,0.00,20.5,712,8.7,0.0,---,---,---,---,---,---,---,---,---,---,40.1237255,-82.8718167
1,6932.0,0.0,00:35:51.9,00:02:36.2,3.20,00:00:00.0,0.00,20.0,713,9.7,0.0,---,---,---,---,---,---,---,---,---,---,40.1237673,-82.8719168
1,6941.9,0.0,00:35:54.9,00:02:31.5,3.30,00:00:00.0,0.00,20.0,714,9.8,0.0,---,---,---,---,---,---,---,---,---,---,40.1238078,-82.8720195
1,6950.9,0.0,00:35:57.9,00:02:32.4,3.28,00:00:00.0,0.00,20.5,715,9.0,0.0,---,---,---,---,---,---,---,---,---,---,40.1238411,-82.8721160
1,6960.1,0.0,00:36:01.0,00:02:37.7,3.17,00:00:00.0,0.00,20.0,716,9.2,0.0,---,---,---,---,---,---,---,---,---,---,40.1238680,-82.8722188
1,6968.9,0.0,00:36:03.9,00:02:39.2,3.14,00:00:00.0,0.00,20.5,717,8.8,0.0,---,---,---,---,---,---,---,---,---,---,40.1238898,-82.8723178
1,6978.0,0.0,00:36:07.0,00:02:44.4,3.04,00:00:00.0,0.00,20.0,718,9.1,0.0,---,---,---,---,---,---,---,---,---,---,40.1239126,-82.8724201
1,6986.0,0.0,00:36:09.8,00:02:47.2,2.99,00:00:00.0,0.00,21.5,719,8.0,0.0,---,---,---,---,---,---,---,---,---,---,40.1239281,-82.8725122
1,6994.5,0.0,00:36:12.5,00:02:46.6,3.00,00:00:00.0,0.00,21.0,720,8.5,0.0,---,---,---,---,---,---,---,---,---,---,40.1239446,-82.8726100
1,7003.1,0.0,00:36:15.4,00:02:42.8,3.07,00:00:00.0,0.00,21.0,721,8.6,0.0,---,---,---,---,---,---,---,---,---,---,40.1239657,-82.8727068
1,7011.0,0.0,00:36:18.1,00:02:42.3,3.08,00:00:00.0,0.00,21.5,722,7.9,0.0,---,---,---,---,---,---,---,---,---,---,40.1239865,-82.8727955
1,7019.1,0.0,00:36:21.0,00:02:45.5,3.02,00:00:00.0,0.00,23.5,723,8.2,0.0,---,---,---,---,---,---,---,---,---,---,40.1240121,-82.8728855
1,7026.5,0.0,00:36:22.7,00:02:33.8,3.25,00:00:00.0,0.00,28.0,724,7.3,0.0,---,---,---,---,---,---,---,---,---,---,40.1240360,-82.8729660
1,7034.2,0.0,00:36:24.7,00:02:19.2,3.59,00:00:00.0,0.00,31.5,725,7.7,0.0,---,---,---,---,---,---,---,---,---,---,40.1240578,-82.8730523
1,7041.2,0.0,00:36:26.3,00:02:09.5,3.86,00:00:00.0,0.00,36.0,726,6.9,0.0,---,---,---,---,---,---,---,---,---,---,40.1240760,-82.8731301
1,7049.0,0.0,00:36:28.2,00:01:59.6,4.18,00:00:00.0,0.00,34.5,727,7.9,0.0,---,---,---,---,---,---,---,---,---,---,40.1240951,-82.8732190
1,7056.5,0.0,00:36:30.0,00:01:53.8,4.39,00:00:00.0,0.00,36.0,728,7.5,0.0,---,---,---,---,---,---,---,---,---,---,40.1241146,-82.8733032
1,7064.8,0.0,00:36:31.5,00:01:49.6,4.56,00:00:00.0,0.00,34.0,729,8.3,0.0,---,---,---,---,---,---,---,---,---,---,40.1241343,-82.8733977
1,7072.2,0.0,00:36:33.2,00:01:48.4,4.61,00:00:00.0,0.00,36.0,730,7.4,0.0,---,---,---,---,---,---,---,---,---,---,40.1241536,-82.8734808
1,7080.2,0.0,00:36:35.0,00:01:48.2,4.62,00:00:00.0,0.00,34.5,731,8.0,0.0,---,---,---,---,---,---,---,---,---,---,40.1241741,-82.8735702
1,7087.6,0.0,00:36:36.5,00:01:50.6,4.52,00:00:00.0,0.00,34.5,732,7.3,0.0,---,---,---,---,---,---,---,---,---,---,40.1241886,-82.8736545
1,7095.5,0.0,00:36:38.3,00:01:50.8,4.51,00:00:00.0,0.00,35.5,733,8.0,0.0,---,---,---,---,---,---,---,---,---,---,40.1242031,-82.8737462
1,7103.9,0.0,00:36:40.2,00:01:48.9,4.59,00:00:00.0,0.00,34.5,734,8.4,0.0,---,---,---,---,---,---,---,---,---,---,40.1242203,-82.8738426
1,7111.1,0.0,00:36:42.0,00:01:50.1,4.54,00:00:00.0,0.00,33.0,735,7.2,0.0,---,---,---,---,---,---,---,---,---,---,40.1242326,-82.8739251
1,7120.0,0.0,00:36:43.7,00:01:49.4,4.57,00:00:00.0,0.00,34.5,736,8.9,0.0,---,---,---,---,---,---,---,---,---,---,40.1242482,-82.8740275
1,7127.6,0.0,00:36:45.3,00:01:48.2,4.62,00:00:00.0,0.00,33.0,737,7.6,0.0,---,---,---,---,---,---,---,---,---,---,40.1242637,-82.8741137
1,7135.9,0.0,00:36:47.2,00:01:47.5,4.65,00:00:00.0,0.00,34.0,738,8.3,0.0,---,---,---,---,---,---,---,---,---,---,40.1242819,-82.8742085
1,7144.1,0.0,00:36:49.0,00:01:47.0,4.67,00:00:00.0,0.00,33.0,739,8.3,0.0,---,---,---,---,---,---,---,---,---,---,40.1242965,-82.8743038
1,7151.8,0.0,00:36:51.0,00:01:49.4,4.57,00:00:00.0,0.00,34.0,740,7.7,0.0,---,---,---,---,---,---,---,---,---,---,40.1243002,-82.8743927
1,7180.7,0.0,00:37:02.8,00:04:42.4,1.77,00:00:00.0,0.00,14.0,741,28.8,0.0,---,---,---,---,---,---,---,---,---,---,40.1243441,-82.8750529
1,7187.2,0.0,00:37:06.4,00:06:21.6,1.31,00:00:00.0,0.00,17.5,742,6.5,0.0,---,---,---,---,---,---,---,---,---,---,40.1243278,-82.8751260
1,7193.2,0.0,00:37:09.4,00:04:30.2,1.85,00:00:00.0,0.00,19.0,743,6.1,0.0,---,---,---,---,---,---,---,---,---,---,40.1243151,-82.8751956
1,7200.3,0.0,00:37:12.6,00:04:00.3,2.08,00:00:00.0,0.00,19.5,744,7.1,0.0,---,---,---,---,---,---,---,---,---,---,40.1243085,-82.8752787
1,7207.1,0.0,00:37:15.6,00:03:48.3,2.19,00:00:00.0,0.00,20.0,745,6.8,0.0,---,---,---,---,---,---,---,---,---,---,40.1243089,-82.8753590
1,7213.7,0.0,00:37:18.6,00:03:48.3,2.19,00:00:00.0,0.00,20.5,746,6.6,0.0,---,---,---,---,---,---,---,---,---,---,40.1243114,-82.8754362
1,7221.0,0.0,00:37:21.4,00:03:33.6,2.34,00:00:00.0,0.00,20.5,747,7.3,0.0,---,---,---,---,---,---,---,---,---,---,40.1243222,-82.8755208
1,7229.1,0.0,00:37:24.4,00:03:16.0,2.55,00:00:00.0,0.00,20.0,748,8.1,0.0,---,---,---,---,---,---,---,---,---,---,40.1243366,-82.8756133
1,7237.3,0.0,00:37:27.4,00:03:04.5,2.71,00:00:00.0,0.00,20.5,749,8.3,0.0,---,---,---,---,---,---,---,---,---,---,40.1243539,-82.8757074
1,7259.3,0.0,00:37:38.5,00:08:15.0,1.01,00:00:00.0,0.00,18.0,750,21.9,0.0,---,---,---,---,---,---,---,---,---,---,40.1242284,-82.8760558
1,7268.7,0.0,00:37:47.0,00:26:02.4,0.32,00:00:00.0,0.00,84.0,751,9.4,0.0,---,---,---,---,---,---,---,---,---,---,40.1240055,-82.8759568
1,7269.0,0.0,00:37:47.7,00:23:08.8,0.36,00:00:00.0,0.00,63.0,752,0.3,0.0,---,---,---,---,---,---,---,---,---,---,40.1240038,-82.8759544
1,7269.7,0.0,00:37:48.5,00:18:31.1,0.45,00:00:00.0,0.00,83.0,753,0.6,0.0,---,---,---,---,---,---,---,---,---,---,40.1240007,-82.8759481
1,7269.9,0.0,00:37:55.7,00:28:44.1,0.29,00:00:00.0,0.00,8.0,754,0.2,0.0,---,---,---,---,---,---,---,---,---,---,40.1239974,-82.8759495
1,7270.3,0.0,00:37:56.4,00:20:50.0,0.40,00:00:00.0,0.00,93.0,755,0.5,0.0,---,---,---,---,---,---,---,---,---,---,40.1239930,-82.8759482
1,7270.9,0.0,00:38:06.1,00:49:01.1,0.17,00:00:00.0,0.00,37.0,756,0.6,0.0,---,---,---,---,---,---,---,---,---,---,40.1240117,-82.8759474
