StrokeNumber,Time,Distance,Speed,StrokeRate,DistancePerStroke,StrokeDuration,SpeedChange,RollingSpeed,RollingDistancePerStroke,RollingStrokeRate,SpeedConsistency,TimeGap,IsRowing,SessionSegment,SessionPhase,SpeedDecline,DistancePerStrokeDecline,StrokeRateChange,FatigueSignal,FatigueConfirmed,FatigueSeverity,SpeedScore,DistancePerStrokeScore,RhythmScore,ConsistencyScore,StrokeScore
1,2.3,1.7,0.43,25.5,1.7,2.3529411764705883,,,,,,0.0,False,,Transition/Cooldown,,,,False,False,0.0,,,,100.0,
2,3.3,3.8,1.4,38.0,2.1,1.5789473684210527,0.97,,,,,1.0,True,1,Rowing segment,,,,False,False,0.0,,,,100.0,
3,6.9,12.9,2.25,17.5,9.0,3.4285714285714284,0.8500000000000001,,,,,3.6000000000000005,True,1,Rowing segment,,,,False,False,0.0,,,,100.0,
4,10.1,23.0,2.72,18.5,10.1,3.2432432432432434,0.4700000000000002,,,,,3.1999999999999993,True,1,Rowing segment,,,,False,False,0.0,,,,100.0,
5,13.5,33.9,3.2,19.5,11.0,3.076923076923077,0.48,2.0,6.779999999999999,23.8,1.100658893572391,3.4000000000000004,True,1,Rowing segment,0.40793368857312023,0.31445904954499504,0.15815085158150852,False,False,0.0,0.0,0.0,20.92457420924575,0.0,3.1
6,16.5,44.6,3.44,20.0,10.7,3.0,0.23999999999999977,2.24,7.433333333333334,23.166666666666668,1.146629844370013,3.0,True,1,Rowing segment,0.3368857312018946,0.2483990562858106,0.12733171127331713,False,False,0.0,0.0,0.0,36.33414436334144,0.0,5.5
7,19.5,55.4,3.54,19.5,10.7,3.076923076923077,0.10000000000000009,2.4257142857142857,7.8999999999999995,22.642857142857142,1.15631393002156,3.0,True,1,Rowing segment,0.28190814514082724,0.20121334681496472,0.10184219673270761,False,False,0.0,0.0,0.0,49.0789016336462,0.0,7.4
8,22.5,66.1,3.58,20.0,10.7,3.0,0.040000000000000036,2.5700000000000003,8.25,22.3125,1.1456875664857327,3.0,True,1,Rowing segment,0.2391947898164594,0.16582406471183017,0.0857664233576642,False,False,0.0,0.0,17.087967644084877,57.11678832116791,0.0,14.5
9,25.5,76.9,3.6,20.0,10.8,3.0,0.020000000000000018,2.6844444444444444,8.533333333333333,22.055555555555557,1.1253456259202226,3.0,True,1,Rowing segment,0.20531543977369915,0.137175598247388,0.07326304406596382,False,False,0.0,0.0,31.412200876305974,63.3684779670181,0.0,20.5
10,28.5,87.7,3.62,19.5,10.8,3.076923076923077,0.020000000000000018,2.778,8.76,21.8,1.1014616551554475,3.0,True,1,Rowing segment,0.17761989342806397,0.11425682507583425,0.0608272506082725,False,False,0.0,11.190053285968004,42.87158746208286,69.58637469586375,0.0,29.4
11,31.6,98.4,3.61,20.5,10.7,2.926829268292683,-0.010000000000000231,3.096,9.66,21.3,0.7518008010400392,3.1000000000000014,True,1,Rowing segment,0.08348134991119006,0.023255813953488413,0.0364963503649635,False,False,0.0,58.25932504440495,88.37209302325577,81.75182481751825,0.0,63.6
12,34.5,109.0,3.59,20.0,10.6,3.0,-0.020000000000000018,3.3150000000000004,10.51,19.5,0.46843118787904997,2.8999999999999986,True,1,Rowing segment,0.018650088809946633,-0.06268958543983814,0.05109489051094894,False,False,0.0,90.67495559502663,100.0,74.45255474452553,0.0,77.9
13,37.6,119.9,3.57,20.0,10.8,3.0,-0.020000000000000018,3.447,10.690000000000001,19.75,0.28507503885429514,3.1000000000000014,True,1,Rowing segment,-0.020426287744227337,-0.08088978766430745,0.03892944038929444,False,False,0.0,100.0,100.0,80.53527980535277,0.0,82.1
14,40.5,130.5,3.57,20.0,10.6,3.0,0.0,3.532,10.739999999999998,19.9,0.12726175998922756,2.8999999999999986,True,1,Rowing segment,-0.04558910597986972,-0.08594539939332638,0.0316301703163018,False,False,0.0,100.0,100.0,84.1849148418491,21.18304877976762,85.8
15,43.5,141.3,3.58,20.0,10.8,3.0,0.010000000000000231,3.5699999999999994,10.719999999999999,19.95,0.05099019513593027,3.0,True,1,Rowing segment,-0.05683836589698025,-0.08392315470171872,0.02919708029197087,False,False,0.0,100.0,100.0,85.40145985401458,98.38668363464987,97.6
16,46.5,152.0,3.57,20.0,10.8,3.0,-0.010000000000000231,3.5829999999999997,10.73,19.95,0.023118054512538337,3.0,True,1,Rowing segment,-0.060686796921255066,-0.08493427704752272,0.02919708029197087,False,False,0.0,100.0,100.0,85.40145985401458,100.0,97.8
17,49.5,162.6,3.57,19.5,10.6,3.076923076923077,0.0,3.586,10.72,19.95,0.018378731669460493,3.0,True,1,Rowing segment,-0.061574896388395424,-0.0839231547017189,0.02919708029197087,False,False,0.0,100.0,100.0,85.40145985401458,100.0,97.8
18,52.5,173.3,3.57,20.0,10.6,3.0,0.0,3.585,10.709999999999999,19.95,0.019002923751658927,3.0,True,1,Rowing segment,-0.061278863232682015,-0.0829120323559149,0.02919708029197087,False,False,0.0,100.0,100.0,85.40145985401458,100.0,97.8
19,55.5,184.2,3.6,20.5,10.9,2.926829268292683,0.03000000000000025,3.585,10.72,20.0,0.019002923751658927,3.0,True,1,Rowing segment,-0.061278863232682015,-0.0839231547017189,0.026763990267639936,False,False,0.0,100.0,100.0,86.61800486618003,100.0,98.0
20,58.5,195.1,3.64,20.5,10.9,2.926829268292683,0.040000000000000036,3.5870000000000006,10.73,20.1,0.023593784492253952,3.0,True,1,Rowing segment,-0.06187092954410909,-0.08493427704752272,0.02189781021897807,False,False,0.0,100.0,100.0,89.05109489051097,100.0,98.4
21,61.5,205.8,3.64,20.0,10.8,3.0,0.0,3.5900000000000007,10.74,20.05,0.02828427124746653,3.0,True,1,Rowing segment,-0.06275902901124944,-0.08594539939332656,0.024330900243309,False,False,0.0,100.0,100.0,87.8345498783455,100.0,98.2
22,64.5,216.5,3.6,20.5,10.7,2.926829268292683,-0.040000000000000036,3.5909999999999997,10.750000000000002,20.1,0.028460498941520043,3.0,True,1,Rowing segment,-0.06305506216696259,-0.08695652173913056,0.02189781021897807,False,False,0.0,100.0,100.0,89.05109489051097,100.0,98.4
23,67.1,226.6,3.55,21.0,10.1,2.857142857142857,-0.050000000000000266,3.589,10.68,20.2,0.03071373199944274,2.5999999999999943,True,1,Rowing segment,-0.062462995855535774,-0.07987866531850345,0.01703163017031637,False,False,0.0,100.0,100.0,91.48418491484182,100.0,98.7
24,69.9,236.4,3.48,21.0,9.8,2.857142857142857,-0.06999999999999984,3.5799999999999996,10.6,20.3,0.0461880215351727,2.8000000000000114,True,1,Rowing segment,-0.059798697454114716,-0.0717896865520727,0.0121654501216545,False,False,0.0,100.0,100.0,93.91727493917274,100.0,99.1
25,72.9,246.8,3.43,20.5,10.4,2.926829268292683,-0.04999999999999982,3.565,10.56,20.35,0.06620674688680567,3.0,True,1,Rowing segment,-0.05535820011841321,-0.06774519716885742,0.009732360097323567,False,False,0.0,100.0,100.0,95.13381995133821,82.98417934114818,96.7
26,75.9,257.1,3.4,20.5,10.4,2.926829268292683,-0.03000000000000025,3.5480000000000005,10.52,20.4,0.08416914187779657,3.0,True,1,Rowing segment,-0.05032563647128489,-0.06370070778564196,0.007299270072992805,False,False,0.0,100.0,100.0,96.3503649635036,64.80227646986238,94.2
27,78.7,266.9,3.38,20.0,9.8,3.0,-0.020000000000000018,3.529,10.440000000000001,20.45,0.09882082551545371,2.799999999999997,True,1,Rowing segment,-0.04470100651272937,-0.055611729019211395,0.004866180048661869,False,False,0.0,100.0,100.0,97.56690997566906,49.971543211056904,92.1
28,81.7,277.3,3.37,20.5,10.4,2.926829268292683,-0.009999999999999787,3.5090000000000003,10.42,20.5,0.10928555866780156,3.0,True,1,Rowing segment,-0.0387803433984607,-0.05358948432760357,0.0024330900243309346,False,False,0.0,100.0,100.0,98.78345498783453,39.37892670054464,90.7
29,84.5,286.8,3.39,20.5,9.5,2.926829268292683,0.020000000000000018,3.4879999999999995,10.28,20.5,0.11003029885748197,2.799999999999997,True,1,Rowing segment,-0.03256364712847822,-0.039433771486349724,0.0024330900243309346,False,False,0.0,100.0,100.0,98.78345498783453,38.625085478374444,90.6
30,87.5,296.9,3.41,20.5,10.1,2.926829268292683,0.020000000000000018,3.465,10.2,20.5,0.09812124019690069,3.0,True,1,Rowing segment,-0.025754884547069194,-0.03134479271991898,0.0024330900243309346,False,False,0.0,100.0,100.0,98.78345498783453,50.67967775093803,92.4
31,90.5,306.7,3.37,20.5,9.7,2.926829268292683,-0.040000000000000036,3.438,10.09,20.55,0.08011103405759935,3.0,True,1,Rowing segment,-0.01776198934280641,-0.02022244691607677,0.0,False,False,0.0,100.0,100.0,100.0,68.90997604249942,95.3
32,93.3,316.1,3.31,20.5,9.4,2.926829268292683,-0.06000000000000005,3.4090000000000003,9.959999999999999,20.55,0.06624030327359479,2.799999999999997,True,1,Rowing segment,-0.009177027827116678,-0.007077856420626745,0.0,False,False,0.0,100.0,100.0,100.0,82.95021288146299,97.4
33,96.3,326.0,3.33,21.0,9.9,2.857142857142857,0.020000000000000018,3.3869999999999996,9.940000000000001,20.55,0.048316088877768795,3.0,True,1,Rowing segment,-0.002664298401420797,-0.005055611729019283,0.0,False,False,0.0,100.0,100.0,100.0,100.0,100.0
34,99.1,335.4,3.35,20.5,9.4,2.926829268292683,0.020000000000000018,3.374,9.9,20.5,0.03657564459825381,2.799999999999997,True,1,Rowing segment,0.0011841326228537606,-0.0010111223458038206,0.0024330900243309346,False,False,0.0,99.40793368857308,100.0,98.78345498783453,100.0,99.6
35,102.1,345.6,3.38,20.5,10.2,2.926829268292683,0.029999999999999805,3.3689999999999998,9.879999999999999,20.5,0.031073389830456946,3.0,True,1,Rowing segment,0.00266429840142106,0.0010111223458040002,0.0024330900243309346,False,False,0.0,98.66785079928947,99.49443882709797,98.78345498783453,100.0,99.2
36,105.1,355.6,3.4,20.0,10.0,3.0,0.020000000000000018,3.3689999999999998,9.84,20.45,0.031073389830456946,3.0,True,1,Rowing segment,0.00266429840142106,0.005055611729019283,0.004866180048661869,False,False,0.0,98.66785079928947,97.47219413549035,97.56690997566906,100.0,98.3
37,107.9,364.9,3.37,21.0,9.3,2.857142857142857,-0.029999999999999805,3.368,9.79,20.55,0.030840089349920836,2.8000000000000114,True,1,Rowing segment,0.002960331557134467,0.010111223458038566,0.0,False,False,0.0,98.51983422143273,94.94438827098067,100.0,100.0,97.7
38,110.9,374.8,3.35,21.0,9.9,2.857142857142857,-0.020000000000000018,3.3660000000000005,9.74,20.6,0.03134042472944822,3.0,True,1,Rowing segment,0.0035523978685611506,0.01516683518705767,0.0024330900243309346,False,False,0.0,98.22380106571943,92.41658240647115,98.78345498783453,100.0,96.5
39,113.7,384.6,3.4,20.0,9.8,3.0,0.04999999999999982,3.367,9.77,20.55,0.03233505150074054,2.799999999999997,True,1,Rowing segment,0.003256364712847875,0.012133468149646207,0.0,False,False,0.0,98.37181764357605,93.93326592517685,100.0,100.0,97.3
40,116.7,395.1,3.45,21.0,10.5,2.857142857142857,0.050000000000000266,3.371,9.809999999999999,20.6,0.03984692933938288,3.0,True,1,Rowing segment,0.002072232089994114,0.008088978766430924,0.0024330900243309346,False,False,0.0,98.96388395500293,95.95551061678452,98.78345498783453,100.0,98.0
41,119.5,405.0,3.48,20.0,9.9,3.0,0.029999999999999805,3.382,9.830000000000002,20.55,0.0526624470883507,2.799999999999997,True,1,Rowing segment,-0.0011841326228537606,0.006066734074822924,0.0,False,False,0.0,100.0,96.9666329625885,100.0,96.69399607319295,98.4
42,122.5,415.4,3.47,21.0,10.4,2.857142857142857,-0.009999999999999787,3.3980000000000006,9.930000000000001,20.6,0.05266244708835085,3.0,True,1,Rowing segment,-0.005920663114268934,-0.004044489383215462,0.0024330900243309346,False,False,0.0,100.0,100.0,98.78345498783453,96.6939960731928,99.3
43,125.3,425.1,3.45,21.0,9.7,2.857142857142857,-0.020000000000000018,3.41,9.91,20.6,0.0489897948556639,2.799999999999997,True,1,Rowing segment,-0.009473060982830085,-0.0020222446916076412,0.0024330900243309346,False,False,0.0,100.0,100.0,98.78345498783453,100.0,99.8
44,128.3,435.2,3.41,20.5,10.1,2.926829268292683,-0.040000000000000036,3.4160000000000004,9.98,20.6,0.044271887242357734,3.000000000000014,True,1,Rowing segment,-0.011249259917110791,-0.009100101112234565,0.0024330900243309346,False,False,0.0,100.0,100.0,98.78345498783453,100.0,99.8
45,131.3,445.0,3.34,20.5,9.8,2.926829268292683,-0.07000000000000028,3.4120000000000004,9.940000000000001,20.6,0.049396356140914255,3.0,True,1,Rowing segment,-0.01006512729425703,-0.005055611729019283,0.0024330900243309346,False,False,0.0,100.0,100.0,98.78345498783453,100.0,99.8
46,134.1,454.3,3.28,20.0,9.2,3.0,-0.06000000000000005,3.4,9.860000000000001,20.6,0.06480740698407891,2.799999999999983,True,1,Rowing segment,-0.006512729425695618,0.003033367037411462,0.0024330900243309346,False,False,0.0,100.0,98.48331648129427,98.78345498783453,84.40061975502691,96.9
47,137.1,463.9,3.25,20.5,9.7,2.926829268292683,-0.029999999999999805,3.3880000000000003,9.9,20.55,0.08024961059095577,3.0,True,1,Rowing segment,-0.002960331557134467,-0.0010111223458038206,0.0,False,False,0.0,100.0,100.0,100.0,68.76970604671158,95.3
48,140.1,473.7,3.26,21.0,9.8,2.857142857142857,0.009999999999999787,3.379,9.89,20.55,0.08949860334105805,3.0,True,1,Rowing segment,-0.0002960331557134073,0.0,0.0,False,False,0.0,100.0,99.99999999999997,100.0,59.407686787925115,93.9
49,142.9,483.2,3.31,20.5,9.5,2.926829268292683,0.050000000000000266,3.37,9.860000000000001,20.6,0.09165151389911702,2.8000000000000114,True,1,Rowing segment,0.002368265245707521,0.003033367037411462,0.0024330900243309346,False,False,0.0,98.8158673771462,98.48331648129427,98.78345498783453,57.2284667742896,92.5
50,145.9,493.1,3.38,20.0,9.9,3.0,0.06999999999999984,3.3629999999999995,9.8,20.5,0.08743886753358364,3.0,True,1,Rowing segment,0.004440497335701767,0.009100101112234565,0.0024330900243309346,False,False,0.0,97.7797513321491,95.44994944388267,98.78345498783453,61.49259341706852,91.7
51,148.7,501.9,3.39,21.0,8.9,2.857142857142857,0.010000000000000231,3.354,9.7,20.6,0.07820201759261446,2.799999999999983,True,1,Rowing segment,0.007104795737122564,0.019211324570273133,0.0024330900243309346,False,False,0.0,96.44760213143871,90.39433771486344,98.78345498783453,70.84232147658265,90.8
52,151.7,511.7,3.39,21.0,9.7,2.857142857142857,0.0,3.346,9.629999999999999,20.6,0.06850790708621414,3.0,True,1,Rowing segment,0.009473060982830085,0.026289180990900055,0.0024330900243309346,False,False,0.0,95.26346950858493,86.85540950454995,98.78345498783453,80.65489801435973,90.7
53,154.6,521.0,3.38,20.5,9.4,2.926829268292683,-0.010000000000000231,3.339,9.6,20.55,0.05971227307309243,2.9000000000000057,True,1,Rowing segment,0.0115452930728242,0.029322548028311517,0.0,False,False,0.0,94.22735346358789,85.33872598584423,100.0,89.55801830528785,91.3
54,157.5,530.8,3.38,20.0,9.8,3.0,0.0,3.336,9.569999999999999,20.5,0.05641118880348313,2.9000000000000057,True,1,Rowing segment,0.012433392539964552,0.03235591506572316,0.0024330900243309346,False,False,0.0,93.78330373001769,83.82204246713842,98.78345498783453,92.8994431871073,90.9
55,160.6,540.7,3.38,21.0,9.9,2.857142857142857,0.0,3.34,9.58,20.55,0.058118652580542336,3.0999999999999943,True,1,Rowing segment,0.011249259917110791,0.031344792719919155,0.0,False,False,0.0,94.37537004144457,84.32760364004037,100.0,91.17111349798175,91.2
56,163.5,550.8,3.39,20.5,10.1,2.926829268292683,0.010000000000000231,3.351,9.669999999999998,20.6,0.05586690532964148,2.9000000000000057,True,1,Rowing segment,0.007992895204262917,0.022244691607684774,0.0024330900243309346,False,False,0.0,96.0035523978685,88.87765419615762,98.78345498783453,93.45037802963793,93.5
57,166.5,561.2,3.44,20.0,10.4,3.0,0.04999999999999982,3.37,9.74,20.55,0.04966554808583817,3.0,True,1,Rowing segment,0.002368265245707521,0.01516683518705767,0.0,False,False,0.0,98.8158673771462,92.41658240647115,100.0,99.72751841840723,96.9
58,169.5,572.1,3.47,20.0,10.9,3.0,0.03000000000000025,3.3910000000000005,9.85,20.45,0.041753243386992066,3.0,True,1,Rowing segment,-0.0038484310242748207,0.004044489383215462,0.004866180048661869,False,False,0.0,100.0,97.97775530839225,97.56690997566906,100.0,98.9
59,172.1,582.2,3.47,20.5,10.2,2.926829268292683,0.0,3.407,9.919999999999998,20.45,0.03772709017845687,2.5999999999999943,True,1,Rowing segment,-0.008584961515689733,-0.0030333670374112823,0.004866180048661869,False,False,0.0,100.0,100.0,97.56690997566906,100.0,99.6
60,175.1,592.8,3.44,21.0,10.5,2.857142857142857,-0.03000000000000025,3.4130000000000003,9.98,20.55,0.03772709017845691,3.0,True,1,Rowing segment,-0.010361160449970439,-0.009100101112234565,0.0,False,False,0.0,100.0,100.0,100.0,100.0,100.0
61,178.1,603.2,3.41,20.0,10.5,3.0,-0.029999999999999805,3.415,10.14,20.45,0.03689323936863228,3.0,True,1,Rowing segment,-0.010953226761397252,-0.025278058645096056,0.004866180048661869,False,False,0.0,100.0,100.0,97.56690997566906,100.0,99.6
62,180.9,612.8,3.37,20.5,9.7,2.926829268292683,-0.040000000000000036,3.4130000000000003,10.139999999999999,20.4,0.038887301554907466,2.8000000000000114,True,1,Rowing segment,-0.010361160449970439,-0.025278058645095875,0.007299270072992805,False,False,0.0,100.0,100.0,96.3503649635036,100.0,99.5
63,183.9,623.2,3.35,20.5,10.4,2.926829268292683,-0.020000000000000018,3.41,10.24,20.4,0.04268749491621996,3.0,True,1,Rowing segment,-0.009473060982830085,-0.03538928210313444,0.007299270072992805,False,False,0.0,100.0,100.0,96.3503649635036,100.0,99.5
64,186.9,633.5,3.35,20.5,10.3,2.926829268292683,0.0,3.407,10.29,20.45,0.04595891885393197,3.0,True,1,Rowing segment,-0.008584961515689733,-0.04044489383215354,0.004866180048661869,False,False,0.0,100.0,100.0,97.56690997566906,100.0,99.6
65,189.7,643.1,3.34,20.5,9.6,2.926829268292683,-0.010000000000000231,3.403,10.26,20.4,0.050122073203552796,2.799999999999983,True,1,Rowing segment,-0.007400828892835971,-0.037411526794742085,0.007299270072992805,False,False,0.0,100.0,100.0,96.3503649635036,99.26541437533542,99.3
66,192.7,653.4,3.35,20.5,10.3,2.926829268292683,0.010000000000000231,3.399,10.280000000000001,20.4,0.052799410771123774,3.0,True,1,Rowing segment,-0.00621669626998221,-0.039433771486349904,0.007299270072992805,False,False,0.0,100.0,100.0,96.3503649635036,96.55535863768824,98.9
67,195.7,663.7,3.39,21.0,10.3,2.857142857142857,0.040000000000000036,3.3939999999999997,10.27,20.5,0.05081557066709284,3.0,True,1,Rowing segment,-0.0047365304914149114,-0.038422649140545904,0.0024330900243309346,False,False,0.0,100.0,100.0,98.78345498783453,98.56344208656813,99.6
68,198.5,673.5,3.41,20.0,9.8,3.0,0.020000000000000018,3.3880000000000003,10.16,20.5,0.043919117578669224,2.8000000000000114,True,1,Rowing segment,-0.002960331557134467,-0.027300303336703698,0.0024330900243309346,False,False,0.0,100.0,100.0,98.78345498783453,100.0,99.8
69,201.5,683.9,3.42,21.0,10.4,2.857142857142857,0.009999999999999787,3.383,10.180000000000001,20.55,0.03560586718193873,3.0,True,1,Rowing segment,-0.0014801657785671679,-0.029322548028311517,0.0,False,False,0.0,100.0,100.0,100.0,100.0,100.0
70,204.3,693.3,3.42,21.0,9.4,2.857142857142857,0.0,3.3810000000000002,10.070000000000002,20.55,0.03247221034122144,2.8000000000000114,True,1,Rowing segment,-0.0008880994671403534,-0.01820020222446931,0.0,False,False,0.0,100.0,100.0,100.0,100.0,100.0
71,207.1,702.5,3.38,21.0,9.1,2.857142857142857,-0.040000000000000036,3.378,9.930000000000001,20.65,0.030840089349922318,2.799999999999983,True,1,Rowing segment,0.0,-0.004044489383215462,0.0048661800486616965,False,False,0.0,99.99999999999997,100.0,97.56690997566915,100.0,99.6
72,210.1,712.3,3.34,20.5,9.9,2.926829268292683,-0.040000000000000036,3.375,9.95,20.65,0.03308238873546655,3.0,True,1,Rowing segment,0.0008880994671403534,-0.006066734074822924,0.0048661800486616965,False,False,0.0,99.55595026642982,100.0,97.56690997566915,100.0,99.5
73,213.0,721.9,3.36,20.0,9.5,3.0,0.020000000000000018,3.376,9.86,20.6,0.03238655413731091,2.9000000000000057,True,1,Rowing segment,0.000592066311426946,0.0030333670374116414,0.0024330900243309346,False,False,0.0,99.7039668442865,98.48331648129417,98.78345498783453,100.0,99.2
74,215.9,731.8,3.36,20.0,10.0,3.0,0.0,3.3770000000000002,9.830000000000002,20.55,0.031640339933559414,2.9000000000000057,True,1,Rowing segment,0.0002960331557134073,0.006066734074822924,0.0,False,False,0.0,99.85198342214329,96.9666329625885,100.0,100.0,98.9
75,218.9,741.7,3.33,20.5,9.8,2.926829268292683,-0.029999999999999805,3.376,9.850000000000001,20.55,0.0330655913803672,3.0,True,1,Rowing segment,0.000592066311426946,0.0040444893832152825,0.0,False,False,0.0,99.7039668442865,97.97775530839232,100.0,100.0,99.2
76,221.9,751.3,3.28,21.0,9.7,2.857142857142857,-0.050000000000000266,3.3689999999999998,9.790000000000001,20.6,0.044584501542328056,3.0,True,1,Rowing segment,0.00266429840142106,0.010111223458038386,0.0024330900243309346,False,False,0.0,98.66785079928947,94.94438827098077,98.78345498783453,100.0,97.6
77,224.7,760.6,3.26,20.0,9.3,3.0,-0.020000000000000018,3.3560000000000003,9.690000000000001,20.5,0.05541760650832157,2.799999999999983,True,1,Rowing segment,0.006512729425695618,0.02022244691607677,0.0024330900243309346,False,False,0.0,96.74363528715219,89.88877654196159,98.78345498783453,93.90516746799061,94.2
78,227.7,770.4,3.28,20.0,9.8,3.0,0.020000000000000018,3.343,9.690000000000001,20.5,0.0565783625700774,3.0,True,1,Rowing segment,0.010361160449970439,0.02022244691607677,0.0024330900243309346,False,False,0.0,94.81941977501474,89.88877654196159,98.78345498783453,92.73022648808866,93.4
79,230.7,779.9,3.25,20.5,9.5,2.926829268292683,-0.029999999999999805,3.3259999999999996,9.6,20.45,0.05641118880348307,3.0,True,1,Rowing segment,0.015393724097099019,0.029322548028311517,0.004866180048661869,False,False,0.0,92.30313795145045,85.33872598584423,97.56690997566906,92.89944318710735,90.7
80,233.7,789.1,3.15,20.5,9.2,2.926829268292683,-0.10000000000000009,3.2989999999999995,9.58,20.4,0.06951418720104673,3.0,True,1,Rowing segment,0.023386619301361936,0.031344792719919155,0.007299270072992805,False,False,0.0,88.30669034931897,84.32760364004037,96.3503649635036,79.6363207412083,86.8
81,236.7,798.6,3.12,20.5,9.5,2.926829268292683,-0.029999999999999805,3.2729999999999997,9.620000000000001,20.35,0.08313977521152027,3.0,True,1,Rowing segment,0.031083481349911315,0.027300303336703698,0.009732360097323567,False,False,0.0,84.4582593250443,86.3498483316481,95.13381995133821,65.84422242164453,83.9
82,239.5,807.8,3.18,21.0,9.2,2.857142857142857,0.06000000000000005,3.257,9.55,20.4,0.08420213774008278,2.8000000000000114,True,1,Rowing segment,0.03582001184132623,0.03437815975733062,0.007299270072992805,False,False,0.0,82.08999407933686,82.81092012133466,96.3503649635036,64.76887738452085,81.9
83,242.3,817.0,3.22,21.0,9.2,2.857142857142857,0.040000000000000036,3.243,9.52,20.5,0.07645623294117627,2.8000000000000114,True,1,Rowing segment,0.039964476021314456,0.037411526794742266,0.0024330900243309346,False,False,0.0,80.01776198934273,81.29423660262884,98.78345498783453,72.609440336988,82.2
84,245.3,826.4,3.22,20.0,9.4,3.0,0.0,3.229,9.459999999999999,20.5,0.06454111523327899,3.0,True,1,Rowing segment,0.04410894020130255,0.04347826086956537,0.0024330900243309346,False,False,0.0,77.94552989934871,78.26086956521728,98.78345498783453,84.67016570092652,82.2
85,248.1,835.3,3.19,21.5,8.9,2.7906976744186047,-0.03000000000000025,3.215,9.37,20.6,0.054619898693911526,2.799999999999983,True,1,Rowing segment,0.048253404381290776,0.05257836198179993,0.0024330900243309346,False,False,0.0,75.87329780935458,73.71081900910004,98.78345498783453,94.71262360112563,81.4
86,250.9,844.1,3.18,20.5,8.8,2.926829268292683,-0.009999999999999787,3.2049999999999996,9.280000000000001,20.55,0.05038738819276804,2.8000000000000114,True,1,Rowing segment,0.051213735938425244,0.06167846309403432,0.0,False,False,0.0,74.39313203078734,69.1607684529828,100.0,98.99685712745021,80.1
87,253.9,853.4,3.16,20.5,9.3,2.926829268292683,-0.020000000000000018,3.195,9.28,20.6,0.048131763593976716,3.0,True,1,Rowing segment,0.05417406749555958,0.0616784630940345,0.0024330900243309346,False,False,0.0,72.9129662522202,69.16076845298274,98.78345498783453,100.0,79.5
88,256.8,862.4,3.15,20.5,9.0,2.926829268292683,-0.010000000000000231,3.182,9.2,20.65,0.03938414796730905,2.9000000000000057,True,1,Rowing segment,0.05802249851983427,0.06976744186046524,0.0048661800486616965,False,False,0.0,70.9887507400828,65.11627906976736,97.56690997566915,100.0,77.3
89,259.7,871.3,3.16,21.0,9.0,2.857142857142857,0.010000000000000231,3.173,9.15,20.7,0.03164033993355445,2.8999999999999773,True,1,Rowing segment,0.0606867969212552,0.07482305358948435,0.007299270072992631,False,False,0.0,69.65660153937236,62.588473205257785,96.3503649635037,100.0,75.7
90,262.5,880.5,3.2,20.5,9.1,2.926829268292683,0.040000000000000036,3.178,9.139999999999999,20.7,0.031552425509861134,2.8000000000000114,True,1,Rowing segment,0.05920663114268803,0.07583417593528835,0.007299270072992631,False,False,0.0,70.39668442865599,62.08291203235583,96.3503649635037,100.0,75.8
91,265.6,890.3,3.28,21.0,9.8,2.857142857142857,0.07999999999999963,3.194,9.17,20.75,0.03864367132316937,3.1000000000000227,True,1,Rowing segment,0.05447010065127299,0.0728008088978767,0.009732360097323567,False,False,0.0,72.76494967436346,63.599595551061654,95.13381995133821,100.0,77.0
92,268.5,899.4,3.25,21.5,9.1,2.7906976744186047,-0.029999999999999805,3.2009999999999996,9.16,20.8,0.042018514437749684,2.8999999999999773,True,1,Rowing segment,0.05239786856127901,0.07381193124368052,0.0121654501216545,False,False,0.0,73.80106571936045,63.094034378159684,93.91727493917274,100.0,77.0
93,271.1,908.1,3.14,20.5,8.7,2.926829268292683,-0.10999999999999988,3.193,9.110000000000001,20.75,0.04547282460742442,2.6000000000000227,True,1,Rowing segment,0.054766133806986396,0.07886754297269963,0.009732360097323567,False,False,0.0,72.61693309650678,60.566228513650174,95.13381995133821,100.0,75.9
94,274.1,917.4,3.11,20.5,9.4,2.926829268292683,-0.03000000000000025,3.182,9.11,20.8,0.05116422361159762,3.0,True,1,Rowing segment,0.05802249851983427,0.07886754297269981,0.0121654501216545,False,False,0.0,70.9887507400828,60.56622851365007,93.91727493917274,98.21052845918419,74.9
95,276.9,926.5,3.14,20.5,9.1,2.926829268292683,0.03000000000000025,3.1770000000000005,9.129999999999999,20.7,0.05271516754112296,2.7999999999999545,True,1,Rowing segment,0.05950266429840131,0.07684529828109217,0.007299270072992631,False,False,0.0,70.24866785079931,61.57735085945387,96.3503649635037,96.64063135472884,75.1
96,279.9,936.1,3.18,21.0,9.6,2.857142857142857,0.040000000000000036,3.1770000000000005,9.209999999999999,20.75,0.05271516754112296,3.0,True,1,Rowing segment,0.05950266429840131,0.06875631951466142,0.009732360097323567,False,False,0.0,70.24866785079931,65.62184024266926,95.13381995133821,96.64063135472884,76.3
97,282.9,945.9,3.18,20.0,9.8,3.0,0.0,3.1790000000000003,9.26,20.7,0.0523768396653818,3.0,True,1,Rowing segment,0.05891059798697449,0.06370070778564214,0.007299270072992631,False,False,0.0,70.54470100651272,68.14964610717888,96.3503649635037,96.98309373674746,77.5
98,285.7,955.3,3.21,20.5,9.3,2.926829268292683,0.029999999999999805,3.185,9.290000000000001,20.7,0.05212165257037093,2.8000000000000114,True,1,Rowing segment,0.05713439905269392,0.0606673407482305,0.007299270072992631,False,False,0.0,71.43280047365302,69.6663296258847,96.3503649635037,97.2413993233811,78.4
99,288.7,965.6,3.31,21.0,10.3,2.857142857142857,0.10000000000000009,3.2,9.42,20.7,0.06429100507328492,3.0,True,1,Rowing segment,0.05269390171699228,0.047522750252780646,0.007299270072992631,False,False,0.0,73.65304914150383,76.23862487360967,96.3503649635037,84.92333231030209,79.7
100,291.5,975.3,3.39,20.5,9.7,2.926829268292683,0.08000000000000007,3.219,9.48,20.7,0.08799621203968487,2.8000000000000114,True,1,Rowing segment,0.04706927175843702,0.04145601617795754,0.007299270072992631,False,False,0.0,76.46536412078147,79.27199191102119,96.3503649635037,60.92843793107349,78.1
101,294.3,984.9,3.4,21.0,9.6,2.857142857142857,0.009999999999999787,3.2310000000000003,9.459999999999999,20.7,0.10397114984455957,2.8000000000000114,True,1,Rowing segment,0.0435168738898756,0.04347826086956537,0.007299270072992631,False,False,0.0,78.24156305506219,78.26086956521728,96.3503649635037,44.75827979298879,75.9
102,297.3,995.3,3.4,20.5,10.3,2.926829268292683,0.0,3.246,9.58,20.6,0.11701851705321345,3.0,True,1,Rowing segment,0.0390763765541741,0.031344792719919155,0.0024330900243309346,False,False,0.0,80.46181172291294,84.32760364004037,98.78345498783453,31.55146837208831,77.2
103,300.1,1005.0,3.41,21.0,9.8,2.857142857142857,0.010000000000000231,3.2729999999999997,9.690000000000001,20.65,0.12092697520955877,2.8000000000000114,True,1,Rowing segment,0.031083481349911315,0.02022244691607677,0.0048661800486616965,False,False,0.0,84.4582593250443,89.88877654196159,97.56690997566915,27.595247243959385,79.8
104,303.1,1015.4,3.43,20.5,10.4,2.926829268292683,0.020000000000000018,3.3049999999999997,9.790000000000001,20.65,0.11520513105856939,3.0,True,1,Rowing segment,0.02161042036708123,0.010111223458038386,0.0048661800486616965,False,False,0.0,89.19478981645933,94.94438827098077,97.56690997566915,33.38701469201417,84.1
105,305.9,1025.4,3.5,21.0,10.0,2.857142857142857,0.06999999999999984,3.3409999999999997,9.879999999999999,20.7,0.11415875885021785,2.7999999999999545,True,1,Rowing segment,0.010953226761397384,0.0010111223458040002,0.007299270072992631,False,False,0.0,94.52338661930125,99.49443882709797,96.3503649635037,34.44617400061431,87.5
106,308.9,1036.1,3.54,20.5,10.7,2.926829268292683,0.040000000000000036,3.377,9.99,20.65,0.11450861200024326,3.0,True,1,Rowing segment,0.00029603315571353876,-0.010111223458038386,0.0048661800486616965,False,False,0.0,99.85198342214318,100.0,97.56690997566915,34.09204550070293,89.7
107,311.7,1046.2,3.55,21.5,10.1,2.7906976744186047,0.009999999999999787,3.414,10.02,20.8,0.10297788327813177,2.8000000000000114,True,1,Rowing segment,-0.010657193605683846,-0.013144590495449849,0.0121654501216545,False,False,0.0,100.0,100.0,93.91727493917274,45.76368448680292,91.0
108,314.5,1056.2,3.53,21.0,10.0,2.857142857142857,-0.020000000000000018,3.446,10.09,20.85,0.0796101612721512,2.8000000000000114,True,1,Rowing segment,-0.020130254588513932,-0.02022244691607677,0.014598540145985436,False,False,0.0,100.0,100.0,92.70072992700729,69.41696970010779,94.3
109,317.3,1066.0,3.49,21.0,9.9,2.857142857142857,-0.03999999999999959,3.464,10.05,20.85,0.06432556084308919,2.8000000000000114,True,1,Rowing segment,-0.02545885139135579,-0.01617795753286149,0.014598540145985436,False,False,0.0,100.0,100.0,92.70072992700729,84.88835425472882,96.6
110,320.1,1075.7,3.45,21.0,9.7,2.857142857142857,-0.040000000000000036,3.47,10.05,20.9,0.05925462944877233,2.8000000000000114,True,1,Rowing segment,-0.027235050325636494,-0.01617795753286149,0.017031630170316198,False,False,0.0,100.0,100.0,91.4841849148419,90.02125452357748,97.2
111,322.9,1085.6,3.42,21.5,9.9,2.7906976744186047,-0.03000000000000025,3.472,10.08,20.95,0.05692099788303267,2.7999999999999545,True,1,Rowing segment,-0.02782711663706331,-0.019211324570272952,0.019464720194647133,False,False,0.0,100.0,100.0,90.26763990267644,92.3834040301954,97.4
112,325.9,1096.0,3.41,20.5,10.4,2.926829268292683,-0.009999999999999787,3.4730000000000003,10.09,20.95,0.05558776843875109,3.0,True,1,Rowing segment,-0.028123149792776848,-0.02022244691607677,0.019464720194647133,False,False,0.0,100.0,100.0,90.26763990267644,93.7329260885414,97.6
113,328.7,1104.6,3.31,21.0,8.6,2.857142857142857,-0.10000000000000009,3.4629999999999996,9.969999999999999,20.95,0.07409453421137205,2.8000000000000114,True,1,Rowing segment,-0.02516281823564225,-0.008088978766430565,0.019464720194647133,False,False,0.0,100.0,100.0,90.26763990267644,74.99999999999932,94.8
114,331.5,1113.9,3.28,20.5,9.3,2.926829268292683,-0.03000000000000025,3.4479999999999995,9.86,20.95,0.09402127418834612,2.8000000000000114,True,1,Rowing segment,-0.020722320899940614,0.0030333670374116414,0.019464720194647133,False,False,0.0,100.0,98.48331648129417,90.26763990267644,54.82974703627003,91.2
115,334.6,1123.8,3.37,21.0,9.9,2.857142857142857,0.0900000000000003,3.435,9.85,20.95,0.09501461875826218,3.1000000000000227,True,1,Rowing segment,-0.016873889875666057,0.004044489383215462,0.019464720194647133,False,False,0.0,100.0,97.97775530839225,90.26763990267644,53.824263385732806,90.9
116,337.5,1133.6,3.38,21.5,9.8,2.7906976744186047,0.009999999999999787,3.4189999999999996,9.76,21.05,0.0886253036352742,2.8999999999999773,True,1,Rowing segment,-0.012137359384250881,0.013144590495450028,0.024330900243309,False,False,0.0,100.0,93.42770475227496,87.8345498783455,60.29165857654508,89.9
117,340.1,1143.3,3.37,21.0,9.6,2.857142857142857,-0.009999999999999787,3.401,9.71,21.0,0.07651434142985562,2.6000000000000227,True,1,Rowing segment,-0.006808762581409025,0.01820020222446913,0.02189781021897807,False,False,0.0,100.0,90.89989888776539,89.05109489051097,72.55062173859424,91.1
118,343.1,1153.5,3.37,20.5,10.2,2.926829268292683,0.0,3.3850000000000002,9.73,20.95,0.06186903731090242,3.0,True,1,Rowing segment,-0.002072232089994114,0.01617795753286149,0.019464720194647133,False,False,0.0,100.0,91.91102123356924,90.26763990267644,87.37489751834424,93.8
119,345.9,1163.0,3.36,21.0,9.5,2.857142857142857,-0.010000000000000231,3.372,9.690000000000001,20.95,0.04984420171338366,2.7999999999999545,True,1,Rowing segment,0.0017761989342807067,0.02022244691607677,0.019464720194647133,False,False,0.0,99.11190053285961,89.88877654196159,90.26763990267644,99.54668156979857,94.6
120,348.7,1172.5,3.35,20.5,9.6,2.926829268292683,-0.009999999999999787,3.3619999999999997,9.68,20.9,0.04184627953726748,2.8000000000000114,True,1,Rowing segment,0.004736530491415174,0.02123356926188077,0.017031630170316198,False,False,0.0,97.63173475429237,89.38321536905957,91.4841849148419,100.0,94.2
121,351.7,1182.7,3.35,20.5,10.2,2.926829268292683,0.0,3.3549999999999995,9.71,20.8,0.036590830666833794,3.0,True,1,Rowing segment,0.006808762581409288,0.01820020222446913,0.0121654501216545,False,False,0.0,96.59561870929532,90.89989888776539,93.91727493917274,100.0,94.7
122,354.7,1193.1,3.38,20.5,10.4,2.926829268292683,0.029999999999999805,3.3520000000000003,9.709999999999999,20.8,0.032591750830881006,3.0,True,1,Rowing segment,0.0076968620485493786,0.01820020222446931,0.0121654501216545,False,False,0.0,96.15156897572528,90.89989888776533,93.91727493917274,100.0,94.6
123,357.5,1202.7,3.39,20.5,9.5,2.926829268292683,0.010000000000000231,3.3600000000000003,9.8,20.75,0.0309120616516527,2.8000000000000114,True,1,Rowing segment,0.005328596802841857,0.009100101112234565,0.009732360097323567,False,False,0.0,97.33570159857906,95.44994944388267,95.13381995133821,100.0,96.7
124,360.5,1212.7,3.36,21.0,10.0,2.857142857142857,-0.03000000000000025,3.368,9.87,20.8,0.013165611772088718,3.0,True,1,Rowing segment,0.002960331557134467,0.002022244691607821,0.0121654501216545,False,False,0.0,98.51983422143273,98.98887765419605,93.91727493917274,100.0,98.2
125,363.3,1222.1,3.33,20.5,9.3,2.926829268292683,-0.029999999999999805,3.364,9.809999999999999,20.75,0.017763883459299586,2.8000000000000114,True,1,Rowing segment,0.004144464179988228,0.008088978766430924,0.009732360097323567,False,False,0.0,97.92776791000584,95.95551061678452,95.13381995133821,100.0,97.1
126,366.3,1232.1,3.35,20.5,10.1,2.926829268292683,0.020000000000000018,3.3609999999999998,9.84,20.65,0.01728840330652044,3.0,True,1,Rowing segment,0.005032563647128581,0.005055611729019283,0.0048661800486616965,False,False,0.0,97.48371817643569,97.47219413549035,97.56690997566915,100.0,97.9
127,369.1,1241.5,3.36,21.0,9.4,2.857142857142857,0.009999999999999787,3.3600000000000003,9.819999999999999,20.65,0.01699673171197643,2.8000000000000114,True,1,Rowing segment,0.005328596802841857,0.007077856420627104,0.0048661800486616965,False,False,0.0,97.33570159857906,96.46107178968643,97.56690997566915,100.0,97.5
128,372.1,1251.4,3.35,20.5,9.9,2.926829268292683,-0.009999999999999787,3.3579999999999997,9.790000000000001,20.65,0.016865480854231743,3.0,True,1,Rowing segment,0.005920663114268934,0.010111223458038386,0.0048661800486616965,False,False,0.0,97.03966844286549,94.94438827098077,97.56690997566915,100.0,96.8
129,375.0,1260.7,3.31,20.5,9.3,2.926829268292683,-0.040000000000000036,3.353,9.77,20.6,0.02263232692902403,2.8999999999999773,True,1,Rowing segment,0.007400828892835971,0.012133468149646207,0.0024330900243309346,False,False,0.0,96.29958555358196,93.93326592517685,98.78345498783453,100.0,96.4
130,377.7,1269.7,3.28,21.0,9.0,2.857142857142857,-0.03000000000000025,3.346,9.709999999999999,20.65,0.032386554137309585,2.6999999999999886,True,1,Rowing segment,0.009473060982830085,0.01820020222446931,0.0048661800486616965,False,False,0.0,95.26346950858493,90.89989888776533,97.56690997566915,100.0,94.8
131,380.7,1279.7,3.31,21.0,9.9,2.857142857142857,0.03000000000000025,3.342,9.68,20.7,0.03425395354310683,3.0,True,1,Rowing segment,0.010657193605683846,0.02123356926188077,0.007299270072992631,False,False,0.0,94.67140319715806,89.38321536905957,96.3503649635037,100.0,93.9
132,383.7,1289.4,3.28,20.5,9.7,2.926829268292683,-0.03000000000000025,3.332,9.610000000000001,20.7,0.036453928305312445,3.0,True,1,Rowing segment,0.013617525162818313,0.028311425682507517,0.007299270072992631,False,False,0.0,93.1912374185908,85.8442871587462,96.3503649635037,100.0,92.1
133,386.7,1299.2,3.26,20.0,9.8,3.0,-0.020000000000000018,3.319,9.64,20.65,0.036651512019741796,3.0,True,1,Rowing segment,0.017465956187093002,0.025278058645096056,0.0048661800486616965,False,False,0.0,91.26702190645346,87.36097067745196,97.56690997566915,100.0,92.2
134,389.7,1309.3,3.29,19.0,10.1,3.1578947368421053,0.03000000000000025,3.312,9.65,20.45,0.03457680661303883,3.0,True,1,Rowing segment,0.019538188277087115,0.024266936299292236,0.004866180048661869,False,False,0.0,90.23090586145643,87.86653185035387,97.56690997566906,100.0,92.0
135,392.7,1319.3,3.29,20.0,9.9,3.0,0.0,3.308,9.709999999999999,20.4,0.034576806613038684,3.0,True,1,Rowing segment,0.020722320899940878,0.01820020222446931,0.007299270072992805,False,False,0.0,89.63883955002953,90.89989888776533,96.3503649635036,100.0,92.6
136,395.7,1329.4,3.31,20.0,10.1,3.0,0.020000000000000018,3.304,9.709999999999999,20.35,0.031340424729446995,3.0,True,1,Rowing segment,0.021906453522794637,0.01820020222446931,0.009732360097323567,False,False,0.0,89.04677323860265,90.89989888776533,95.13381995133821,100.0,92.3
137,398.7,1339.2,3.35,20.0,9.8,3.0,0.040000000000000036,3.303,9.75,20.25,0.029458068127046082,3.0,True,1,Rowing segment,0.022202486678508045,0.014155712841253849,0.014598540145985436,False,False,0.0,88.89875666074597,92.92214357937306,92.70072992700729,100.0,92.5
138,401.8,1349.2,3.34,20.0,9.9,3.0,-0.010000000000000231,3.3019999999999996,9.75,20.2,0.027808871486150584,3.1000000000000227,True,1,Rowing segment,0.022498519834221582,0.014155712841253849,0.01703163017031637,False,False,0.0,88.7507400828892,92.92214357937306,91.48418491484182,100.0,92.3
139,404.7,1358.9,3.31,19.5,9.7,3.076923076923077,-0.029999999999999805,3.3019999999999996,9.790000000000001,20.1,0.027808871486150584,2.8999999999999773,True,1,Rowing segment,0.022498519834221582,0.010111223458038386,0.02189781021897807,False,False,0.0,88.7507400828892,94.94438827098077,89.05109489051097,100.0,92.7
140,407.8,1368.4,3.25,20.0,9.5,3.0,-0.06000000000000005,3.2989999999999995,9.84,20.0,0.03178049716413985,3.1000000000000227,True,1,Rowing segment,0.023386619301361936,0.005055611729019283,0.026763990267639936,False,False,0.0,88.30669034931897,97.47219413549035,86.61800486618003,100.0,93.0
141,410.7,1378.5,3.25,20.5,10.1,2.926829268292683,0.0,3.293,9.86,19.95,0.03497618237219764,2.8999999999999773,True,1,Rowing segment,0.02516281823564238,0.0030333670374116414,0.02919708029197087,False,False,0.0,87.41859088217879,98.48331648129417,85.40145985401458,100.0,92.9
142,413.8,1388.4,3.3,20.0,9.9,3.0,0.04999999999999982,3.2949999999999995,9.879999999999999,19.9,0.034721111093331265,3.1000000000000227,True,1,Rowing segment,0.0245707519242157,0.0010111223458040002,0.0316301703163018,False,False,0.0,87.71462403789215,99.49443882709797,84.1849148418491,100.0,93.2
143,416.7,1398.5,3.32,20.5,10.1,2.926829268292683,0.020000000000000018,3.3009999999999997,9.91,19.95,0.03314949304120324,2.8999999999999773,True,1,Rowing segment,0.02279455298993499,-0.0020222446916076412,0.02919708029197087,False,False,0.0,88.60272350503251,100.0,85.40145985401458,100.0,93.8
144,419.7,1408.3,3.32,20.5,9.8,2.926829268292683,0.0,3.304,9.88,20.1,0.03339993346633263,3.0,True,1,Rowing segment,0.021906453522794637,0.0010111223458038206,0.02189781021897807,False,False,0.0,89.04677323860265,99.49443882709808,89.05109489051097,100.0,94.3
145,422.5,1417.2,3.23,21.0,8.8,2.857142857142857,-0.08999999999999986,3.2980000000000005,9.77,20.2,0.0407703596037871,2.8000000000000114,True,1,Rowing segment,0.02368265245707508,0.012133468149646207,0.01703163017031637,False,False,0.0,88.15867377146242,93.93326592517685,91.48418491484182,100.0,92.5
146,425.5,1426.9,3.18,19.5,9.7,3.076923076923077,-0.04999999999999982,3.285,9.73,20.15,0.05482294734466078,3.0,True,1,Rowing segment,0.027531083481349902,0.01617795753286149,0.019464720194647307,False,False,0.0,86.23445825932501,91.91102123356924,90.26763990267635,94.50709361206123,90.1
147,428.3,1436.1,3.21,20.5,9.2,2.926829268292683,0.029999999999999805,3.271,9.669999999999998,20.2,0.0542524961023291,2.8000000000000114,True,1,Rowing segment,0.03167554766133813,0.022244691607684774,0.01703163017031637,False,False,0.0,84.16222616933088,88.87765419615762,91.48418491484182,95.08451600401293,88.5
148,431.3,1445.8,3.22,20.5,9.7,2.926829268292683,0.010000000000000231,3.2590000000000003,9.65,20.25,0.050431471655437966,3.0,True,1,Rowing segment,0.03522794552989928,0.024266936299292236,0.014598540145985436,False,False,0.0,82.38602723505034,87.86653185035387,92.70072992700729,98.95223494667216,88.3
149,434.4,1455.1,3.19,21.0,9.4,2.857142857142857,-0.03000000000000025,3.247,9.620000000000001,20.4,0.05121848624601526,3.099999999999966,True,1,Rowing segment,0.0387803433984607,0.027300303336703698,0.007299270072992805,False,False,0.0,80.60982830076962,86.3498483316481,96.3503649635036,98.15560271297849,87.6
150,437.1,1464.3,3.18,20.5,9.2,2.926829268292683,-0.009999999999999787,3.2399999999999998,9.59,20.45,0.05537749241945314,2.7000000000000455,True,1,Rowing segment,0.040852575488454806,0.03033367037411534,0.004866180048661869,False,False,0.0,79.57371225577258,84.83316481294227,97.56690997566906,93.94577176758105,86.3
151,440.2,1474.0,3.22,20.0,9.7,3.0,0.040000000000000036,3.2369999999999997,9.55,20.4,0.05558776843874849,3.099999999999966,True,1,Rowing segment,0.041740674955595164,0.03437815975733062,0.007299270072992805,False,False,0.0,79.12966252220238,82.81092012133466,96.3503649635036,93.73292608854402,85.2
152,443.1,1483.5,3.21,20.5,9.5,2.926829268292683,-0.010000000000000231,3.228,9.51,20.45,0.05138093031465979,2.900000000000034,True,1,Rowing segment,0.04440497335701596,0.038422649140546085,0.004866180048661869,False,False,0.0,77.79751332149198,80.78867542972695,97.56690997566906,97.99117351077062,84.8
153,446.1,1492.9,3.15,20.0,9.4,3.0,-0.06000000000000005,3.211,9.440000000000001,20.4,0.04532597979574593,3.0,True,1,Rowing segment,0.04943753700414454,0.04550050556117283,0.007299270072992805,False,False,0.0,75.28123149792769,77.24974721941358,96.3503649635036,100.0,82.8
154,449.1,1501.8,3.05,20.0,8.9,3.0,-0.10000000000000009,3.184,9.35,20.35,0.052957005621960714,3.0,True,1,Rowing segment,0.05743043220840732,0.054600606673407576,0.009732360097323567,False,False,0.0,71.28478389579628,72.69969666329618,95.13381995133821,96.39583791273095,79.1
155,452.1,1510.7,2.96,20.0,8.9,3.0,-0.08999999999999986,3.157,9.36,20.25,0.08564137110324882,3.0,True,1,Rowing segment,0.06542332741267025,0.05358948432760375,0.014598540145985436,False,False,0.0,67.28833629366487,73.20525783619807,92.70072992700729,63.31205599565129,72.6
156,455.1,1520.2,3.04,20.5,9.5,2.926829268292683,0.08000000000000007,3.143,9.34,20.35,0.09262229153334972,3.0,True,1,Rowing segment,0.06956779159265847,0.055611729019211395,0.009732360097323567,False,False,0.0,65.21610420367074,72.19413549039427,95.13381995133821,56.24582583670369,70.8
157,457.9,1529.4,3.15,20.5,9.3,2.926829268292683,0.10999999999999988,3.137,9.35,20.35,0.08969702088450596,2.7999999999999545,True,1,Rowing segment,0.07134399052693904,0.054600606673407576,0.009732360097323567,False,False,0.0,64.32800473653043,72.69969666329618,95.13381995133821,59.20684450020467,71.1
158,460.9,1539.0,3.21,20.0,9.6,3.0,0.06000000000000005,3.136,9.34,20.3,0.08871928263410976,3.0,True,1,Rowing segment,0.07164002368265246,0.055611729019211395,0.0121654501216545,False,False,0.0,64.17998815867375,72.19413549039427,93.91727493917274,60.1965311155564,70.8
159,463.9,1548.5,3.21,20.5,9.5,2.926829268292683,0.0,3.138,9.35,20.25,0.09028350409189403,3.0,True,1,Rowing segment,0.07104795737122564,0.054600606673407576,0.014598540145985436,False,False,0.0,64.47602131438717,72.69969666329618,92.70072992700729,58.61319422596682,70.7
160,466.7,1557.0,3.2,20.5,8.5,2.926829268292683,-0.009999999999999787,3.14,9.280000000000001,20.25,0.09153020145163951,2.8000000000000114,True,1,Rowing segment,0.07045589105979869,0.06167846309403432,0.014598540145985436,False,False,0.0,64.77205447010064,69.1607684529828,92.70072992700729,57.35126170994379,69.4
161,469.6,1565.9,3.18,21.0,8.9,2.857142857142857,-0.020000000000000018,3.136,9.2,20.35,0.08846845012017901,2.900000000000034,True,1,Rowing segment,0.07164002368265246,0.06976744186046524,0.009732360097323567,False,False,0.0,64.17998815867375,65.11627906976736,95.13381995133821,60.45042890633189,68.6
162,472.6,1575.3,3.21,20.5,9.5,2.926829268292683,0.029999999999999805,3.136,9.2,20.35,0.08846845012017901,3.0,True,1,Rowing segment,0.07164002368265246,0.06976744186046524,0.009732360097323567,False,False,0.0,64.17998815867375,65.11627906976736,95.13381995133821,60.45042890633189,68.6
163,475.6,1584.8,3.25,20.5,9.5,2.926829268292683,0.040000000000000036,3.146,9.209999999999999,20.4,0.09559172442098586,3.0,True,1,Rowing segment,0.06867969212551811,0.06875631951466142,0.007299270072992805,False,False,0.0,65.66015393724089,65.62184024266926,96.3503649635036,53.2401052536255,68.4
164,478.6,1594.5,3.25,20.0,9.7,3.0,0.0,3.1660000000000004,9.29,20.4,0.09418657606639608,3.0,True,1,Rowing segment,0.06275902901124918,0.06066734074823068,0.007299270072992805,False,False,0.0,68.62048549437539,69.66632962588464,96.3503649635036,54.66242510104631,71.1
165,481.6,1604.2,3.27,20.0,9.8,3.0,0.020000000000000018,3.197,9.379999999999999,20.4,0.06549809157525038,3.0,True,1,Rowing segment,0.05358200118413264,0.05156723963599611,0.007299270072992805,False,False,0.0,73.20899940793367,74.21638018200194,96.3503649635036,83.70149471308947,78.6
166,484.6,1613.6,3.26,20.5,9.4,2.926829268292683,-0.010000000000000231,3.219,9.370000000000001,20.4,0.038137179293234603,3.0,True,1,Rowing segment,0.04706927175843702,0.05257836198179975,0.007299270072992805,False,False,0.0,76.46536412078147,73.71081900910009,96.3503649635036,100.0,82.0
167,487.6,1622.6,3.17,21.0,9.0,2.857142857142857,-0.08999999999999986,3.221,9.34,20.45,0.03446415206816573,3.0,True,1,Rowing segment,0.046477205447010075,0.055611729019211395,0.004866180048661869,False,False,0.0,76.76139727649495,72.19413549039427,97.56690997566906,100.0,81.8
168,490.1,1631.1,3.07,21.0,8.5,2.857142857142857,-0.10000000000000009,3.207,9.23,20.55,0.059076221950966686,2.5,True,1,Rowing segment,0.0506216696269983,0.0667340748230536,0.0,False,False,0.0,74.6891651865008,66.63296258847318,100.0,90.2018422346393,78.0
169,493.2,1639.9,3.01,20.5,8.8,2.926829268292683,-0.06000000000000005,3.1870000000000003,9.16,20.55,0.08577101297446911,3.099999999999966,True,1,Rowing segment,0.05654233274126697,0.07381193124368052,0.0,False,False,0.0,71.72883362936649,63.094034378159684,100.0,63.18082984725844,71.7
170,496.1,1648.7,2.95,20.0,8.8,3.0,-0.05999999999999961,3.162,9.190000000000001,20.5,0.11350966674448615,2.900000000000034,True,1,Rowing segment,0.06394316163410307,0.07077856420626888,0.0024330900243309346,False,False,0.0,68.02841918294843,64.61071789686551,98.78345498783453,35.10319827977371,66.5
171,499.0,1657.1,2.92,20.5,8.4,2.926829268292683,-0.03000000000000025,3.136,9.14,20.45,0.13639811012050093,2.8999999999999773,True,1,Rowing segment,0.07164002368265246,0.07583417593528817,0.004866180048661869,False,False,0.0,64.17998815867375,62.08291203235588,97.56690997566906,11.935048679102422,60.6
172,501.7,1665.6,2.94,21.5,8.5,2.7906976744186047,0.020000000000000018,3.1089999999999995,9.040000000000001,20.55,0.14647335745603796,2.6999999999999886,True,1,Rowing segment,0.0796329188869155,0.08594539939332656,0.0,False,False,0.0,60.18354055654223,57.02730030333669,100.0,1.7366776628324088,56.3
173,504.7,1674.6,2.96,21.0,9.1,2.857142857142857,0.020000000000000018,3.0799999999999996,9.0,20.6,0.14414498873626366,3.0,True,1,Rowing segment,0.08821788040260524,0.08998988877654202,0.0024330900243309346,True,False,0.0,55.891059798697356,55.00505561172897,98.78345498783453,4.093500009335149,54.2
174,507.5,1683.4,2.99,20.5,8.8,2.926829268292683,0.03000000000000025,3.054,8.91,20.65,0.13309979547525735,2.8000000000000114,True,1,Rowing segment,0.09591474245115461,0.09908998988877658,0.0048661800486616965,True,False,0.0,52.04262877442267,50.45500505561167,97.56690997566915,15.273670090603297,52.8
175,510.3,1692.2,3.06,20.5,8.8,2.926829268292683,0.06999999999999984,3.033,8.81,20.7,0.10975224624378002,2.8000000000000114,True,1,Rowing segment,0.10213143872113682,0.10920121334681497,0.007299270072992631,True,False,0.0,48.934280639431556,45.39939332659248,96.3503649635037,38.90653600977472,53.3
176,513.3,1701.4,3.08,20.5,9.2,2.926829268292683,0.020000000000000018,3.0149999999999997,8.790000000000001,20.7,0.0787753486539751,2.999999999999943,True,1,Rowing segment,0.10746003552397881,0.11122345803842261,0.007299270072992631,True,False,0.0,46.2699822380106,44.388270980788676,96.3503649635037,70.26198407302489,56.7
177,516.3,1710.6,3.06,20.5,9.1,2.926829268292683,-0.020000000000000018,3.004,8.8,20.65,0.06022181221672463,3.0,True,1,Rowing segment,0.11071640023682655,0.11021233569261879,0.0048661800486616965,True,False,0.0,44.64179988158667,44.893832153690575,97.56690997566915,89.04225238302162,59.3
178,519.2,1719.1,3.04,21.0,8.6,2.857142857142857,-0.020000000000000018,3.001,8.809999999999999,20.65,0.05724217559340703,2.900000000000091,True,1,Rowing segment,0.11160449970396691,0.10920121334681515,0.0048661800486616965,True,False,0.0,44.197750148016524,45.399393326592424,97.56690997566915,92.05830139564262,59.8
179,522.1,1727.8,2.98,21.0,8.7,2.857142857142857,-0.06000000000000005,2.998,8.8,20.7,0.057503623074258915,2.8999999999999773,True,1,Rowing segment,0.11249259917110713,0.11021233569261879,0.007299270072992631,True,False,0.0,43.75370041444642,44.893832153690575,96.3503649635037,91.79365891866918,59.2
180,525.0,1735.9,2.9,20.5,8.1,2.926829268292683,-0.08000000000000007,2.993,8.73,20.75,0.06395310782127615,2.8999999999999773,True,1,Rowing segment,0.11397276494967443,0.1172901921132457,0.009732360097323567,True,True,0.7226967408216254,43.01361752516275,41.354903943377096,95.13381995133821,85.26535880618857,56.6
181,527.9,1744.8,2.89,21.0,8.9,2.857142857142857,-0.009999999999999787,2.9899999999999998,8.78,20.8,0.0683130051063956,2.8999999999999773,True,1,Rowing segment,0.11486086441681478,0.11223458038422661,0.0121654501216545,True,True,0.7096732650032543,42.569567791592604,43.88270980788666,93.91727493917274,80.85218177681232,56.5
182,530.7,1752.9,2.92,21.0,8.1,2.857142857142857,0.029999999999999805,2.9880000000000004,8.74,20.75,0.07020604595680241,2.800000000000068,True,1,Rowing segment,0.11545293072824146,0.11627906976744189,0.009732360097323567,True,True,0.7241625015490105,42.273534635879244,41.86046511627905,95.13381995133821,78.93600718591081,55.6
183,533.5,1761.2,2.92,21.0,8.3,2.857142857142857,0.0,2.984,8.66,20.75,0.07306009702825159,2.7999999999999545,True,1,Rowing segment,0.11663706335109536,0.12436804853387264,0.009732360097323567,True,True,0.753140974640525,41.68146832445229,37.81597573306366,95.13381995133821,76.0470784324342,53.5
184,536.3,1769.8,2.96,20.5,8.6,2.926829268292683,0.040000000000000036,2.981,8.639999999999999,20.75,0.07340148348485565,2.7999999999999545,True,1,Rowing segment,0.1175251628182357,0.12639029322548045,0.009732360097323567,True,True,0.762235800136613,41.23741859088214,36.80485338725975,95.13381995133821,75.70152009243218,52.9
185,539.1,1778.2,2.99,22.0,8.4,2.727272727272727,0.03000000000000025,2.974,8.6,20.9,0.06818276093624139,2.800000000000068,True,1,Rowing segment,0.1195973949082297,0.13043478260869573,0.017031630170316198,True,True,0.781350554740392,40.201302545885106,34.78260869565208,91.4841849148419,80.98401758448065,52.1
186,542.0,1786.9,3.03,21.0,8.7,2.857142857142857,0.03999999999999959,2.9690000000000003,8.55,20.95,0.061000910740011564,2.8999999999999773,True,1,Rowing segment,0.12107756068679686,0.13549039433771484,0.019464720194647133,True,True,0.801774859451599,39.46121965660154,32.25480283114257,90.26763990267644,88.25363295422774,51.9
187,544.8,1795.7,3.11,20.5,8.9,2.926829268292683,0.08000000000000007,2.9739999999999998,8.53,20.95,0.07058485830701913,2.7999999999999545,True,1,Rowing segment,0.11959739490822982,0.13751263902932268,0.019464720194647133,True,True,0.8034688560548515,40.20130254588505,31.243680485338654,90.26763990267644,78.55256559242963,50.3
188,547.8,1805.0,3.14,20.5,9.3,2.926829268292683,0.03000000000000025,2.984,8.6,20.9,0.08630694577430398,3.0,True,1,Rowing segment,0.11663706335109536,0.13043478260869573,0.017031630170316198,True,True,0.7720995186243471,41.68146832445229,34.78260869565208,91.4841849148419,62.63834772741744,49.9
189,550.7,1814.0,3.17,20.5,9.0,2.926829268292683,0.029999999999999805,3.003,8.63,20.85,0.10435516278555548,2.900000000000091,True,1,Rowing segment,0.11101243339253997,0.1274014155712841,0.014598540145985436,True,True,0.7450432780119501,44.49378330372999,36.2992922143579,92.70072992700729,44.36957405536268,48.8
190,553.6,1822.9,3.2,20.5,9.0,2.926829268292683,0.03000000000000025,3.0330000000000004,8.719999999999999,20.85,0.11411982007229582,2.8999999999999773,True,1,Rowing segment,0.1021314387211367,0.1183013144590497,0.014598540145985436,True,True,0.6888523536880824,48.93428063943162,40.84934277047514,92.70072992700729,34.48558862647351,50.5
191,556.6,1832.3,3.2,20.5,9.3,2.926829268292683,0.0,3.064,8.760000000000002,20.8,0.11305849027039994,3.0,True,1,Rowing segment,0.09295441089402015,0.11425682507583407,0.0121654501216545,True,True,0.6475351124057944,53.522794552989915,42.871587462082914,93.91727493917274,35.559888316584455,53.2
192,559.6,1841.2,3.15,21.5,8.9,2.7906976744186047,-0.050000000000000266,3.0869999999999997,8.84,20.85,0.1034998658077495,3.0,True,1,Rowing segment,0.08614564831261112,0.1061678463094035,0.014598540145985436,True,True,0.6009796706937958,56.92717584369444,46.91607684529825,92.70072992700729,45.23532311523872,57.0
193,562.6,1850.4,3.09,20.5,9.3,2.926829268292683,-0.06000000000000005,3.104,8.940000000000001,20.8,0.08540101482613242,3.0,True,1,Rowing segment,0.08111308466548253,0.09605662285136493,0.0121654501216545,True,True,0.5536553359901484,59.44345766725872,51.9716885743175,93.91727493917274,63.55534952567478,62.6
194,565.6,1859.6,3.08,20.0,9.1,3.0,-0.009999999999999787,3.116,8.99,20.75,0.06995236474439809,3.0,True,1,Rowing segment,0.07756068679692125,0.09100101112234583,0.009732360097323567,False,False,0.0,61.21965660153933,54.499494438827064,95.13381995133821,79.19278848743096,66.7
195,568.1,1868.0,3.04,20.5,8.4,2.926829268292683,-0.040000000000000036,3.121,8.99,20.6,0.06118278625016454,2.5,True,1,Rowing segment,0.0760805210183541,0.09100101112234583,0.0024330900243309346,False,False,0.0,61.95973949082295,54.499494438827064,98.78345498783453,88.06953485027637,68.8
196,571.2,1877.2,3.01,20.5,9.2,2.926829268292683,-0.03000000000000025,3.119,9.04,20.55,0.06471304179049049,3.1000000000000227,True,1,Rowing segment,0.0766725873297809,0.08594539939332674,0.0,False,False,0.0,61.66370633510953,57.02730030333663,100.0,84.49613813022772,69.2
197,574.1,1886.6,3.03,20.5,9.4,2.926829268292683,0.020000000000000018,3.1109999999999998,9.09,20.55,0.07062420107709368,2.8999999999999773,True,1,Rowing segment,0.07904085257548855,0.08088978766430745,0.0,False,False,0.0,60.4795737122557,59.55510616784626,100.0,78.51274203746709,68.8
198,577.0,1894.9,3.0,21.0,8.3,2.857142857142857,-0.029999999999999805,3.097,8.989999999999998,20.6,0.07775317071062447,2.8999999999999773,True,1,Rowing segment,0.08318531675547665,0.09100101112234601,0.0024330900243309346,True,False,0.0,58.40734162226163,54.49949443882696,98.78345498783453,71.29665345272028,65.0
199,579.5,1902.4,2.89,21.5,7.6,2.7906976744186047,-0.10999999999999988,3.069,8.850000000000001,20.7,0.09666091936937711,2.5,True,1,Rowing segment,0.09147424511545298,0.1051567239635995,0.007299270072992631,True,False,0.0,54.262877442273485,47.421638018200206,96.3503649635037,52.15784430168288,57.9
200,582.3,1910.1,2.79,22.0,7.7,2.727272727272727,-0.10000000000000009,3.028,8.719999999999999,20.85,0.11923832344417443,2.7999999999999545,True,1,Rowing segment,0.103611604499704,0.1183013144590497,0.014598540145985436,True,False,0.0,48.194197750147985,40.84934277047514,92.70072992700729,29.30453503086321,49.5
201,585.1,1918.2,2.81,21.5,8.1,2.7906976744186047,0.020000000000000018,2.989,8.6,20.95,0.12050357302217549,2.800000000000068,True,1,Rowing segment,0.11515689757252819,0.13043478260869573,0.019464720194647133,True,False,0.0,42.42155121373586,34.78260869565208,90.26763990267644,28.02382358082056,44.8
202,587.8,1925.9,2.9,22.0,7.7,2.727272727272727,0.08999999999999986,2.964,8.48,21.0,0.10875047892614674,2.699999999999932,True,1,Rowing segment,0.12255772646536416,0.14256825075834176,0.02189781021897807,True,False,0.0,38.721136767317915,28.715874620829087,89.05109489051097,39.92054533748253,42.9
203,598.0,1945.6,0.58,24.5,19.7,2.4489795918367347,-2.32,2.713,9.52,21.4,0.7560136683067745,10.200000000000045,False,,Transition/Cooldown,,,,False,False,0.0,1.5689757252811964,81.29423660262884,79.3187347931874,0.0,40.9
204,598.8,1947.2,1.41,38.5,1.6,1.5584415584415585,0.83,2.5460000000000003,8.77,23.25,0.8451324682491423,0.7999999999999545,True,2,Short rowing segment,,,,False,False,0.0,0.0,43.37714863498476,34.30656934306572,0.0,20.3
205,602.4,1955.5,2.11,18.0,8.3,3.3333333333333335,0.7,2.4530000000000003,8.76,23.0,0.8358501992316291,3.6000000000000227,True,2,Short rowing segment,,,,False,False,0.0,0.0,42.87158746208286,40.38929440389296,0.0,21.1
206,605.4,1964.5,2.59,19.5,9.0,3.076923076923077,0.48,2.411,8.74,22.9,0.8150453293460966,3.0,True,2,Short rowing segment,,,,False,False,0.0,0.0,41.86046511627905,42.822384428223906,0.0,21.1
207,608.6,1974.9,3.05,20.0,10.4,3.0,0.45999999999999996,2.4130000000000003,8.84,22.85,0.8167557774512515,3.2000000000000455,True,2,Short rowing segment,,,,False,False,0.0,0.0,46.91607684529825,44.03892944038928,0.0,23.0
208,611.6,1984.9,3.28,19.5,10.1,3.076923076923077,0.22999999999999998,2.441,9.02,22.7,0.8434775897701389,3.0,True,2,Short rowing segment,,,,False,False,0.0,0.0,56.016177957532776,47.68856447688569,0.0,26.8
209,614.4,1994.4,3.34,20.5,9.4,2.926829268292683,0.06000000000000005,2.4859999999999998,9.2,22.6,0.8812516351442662,2.7999999999999545,True,2,Short rowing segment,,,,False,False,0.0,0.0,65.11627906976736,50.121654501216526,0.0,30.3
210,617.4,2004.5,3.37,21.0,10.1,2.857142857142857,0.03000000000000025,2.544,9.440000000000001,22.5,0.921643459623441,3.0,True,2,Short rowing segment,,,,False,False,0.0,0.0,77.24974721941358,52.55474452554747,0.0,34.9
211,620.2,2014.1,3.44,21.0,9.7,2.857142857142857,0.06999999999999984,2.607,9.6,22.45,0.9624742420795818,2.800000000000068,True,2,Short rowing segment,,,,False,False,0.0,0.0,85.33872598584423,53.77128953771293,0.0,37.9
212,623.0,2023.7,3.41,20.5,9.6,2.926829268292683,-0.029999999999999805,2.658,9.79,22.3,0.992760461205689,2.7999999999999545,True,2,Short rowing segment,,,,False,False,0.0,0.0,94.94438827098067,57.42092457420925,0.0,41.8
213,626.0,2033.8,3.36,20.5,10.1,2.926829268292683,-0.050000000000000266,2.936,8.83,21.9,0.6889637952106848,3.0,True,2,Short rowing segment,,,,False,False,0.0,34.57667258732972,46.410515672396286,67.1532846715329,0.0,38.4
214,628.9,2043.3,3.34,20.5,9.4,2.926829268292683,-0.020000000000000018,3.129,9.61,20.1,0.43894950354985746,2.8999999999999773,True,2,Short rowing segment,,,,False,False,0.0,63.143872113676665,85.84428715874616,89.05109489051097,0.0,65.5
215,631.9,2053.5,3.35,21.0,10.2,2.857142857142857,0.010000000000000231,3.253,9.8,20.4,0.2562138863441157,3.0,True,2,Short rowing segment,,,,False,False,0.0,81.49792776790999,95.44994944388267,96.3503649635036,0.0,76.4
216,634.6,2062.7,3.41,20.5,9.2,2.926829268292683,0.06000000000000005,3.335,9.819999999999999,20.5,0.1098736648256634,2.7000000000000455,True,2,Short rowing segment,,,,False,False,0.0,93.63528715216101,96.46107178968643,98.78345498783453,38.7836336427084,87.2
217,637.6,2072.8,3.43,21.0,10.1,2.857142857142857,0.020000000000000018,3.373,9.79,20.6,0.049452558635075854,3.0,True,2,Short rowing segment,,,,False,False,0.0,99.2599171107164,94.94438827098067,98.78345498783453,99.94311068816366,97.8
218,640.6,2082.5,3.42,21.0,9.7,2.857142857142857,-0.010000000000000231,3.3869999999999996,9.75,20.75,0.038887301554907376,3.0,True,2,Short rowing segment,,,,False,False,0.0,100.0,92.92214357937306,95.13381995133821,100.0,96.8
219,643.6,2092.4,3.43,20.0,10.0,3.0,0.010000000000000231,3.396,9.809999999999999,20.7,0.037178249316264456,3.0,True,2,Short rowing segment,,,,False,False,0.0,100.0,95.95551061678452,96.3503649635037,100.0,98.0
220,646.6,2102.6,3.48,21.0,10.2,2.857142857142857,0.04999999999999982,3.407,9.819999999999999,20.7,0.044234225060091045,3.0,True,2,Short rowing segment,,,,False,False,0.0,100.0,96.46107178968643,96.3503649635037,100.0,98.2
221,649.2,2112.4,3.53,20.5,9.8,2.926829268292683,0.04999999999999982,3.4160000000000004,9.83,20.65,0.05853773711604165,2.6000000000000227,True,2,Short rowing segment,,,,False,False,0.0,100.0,96.96663296258843,97.56690997566915,90.74690757649255,97.2
222,652.0,2122.4,3.55,21.0,9.9,2.857142857142857,0.020000000000000018,3.4299999999999997,9.86,20.7,0.0721110255092809,2.7999999999999545,True,2,Short rowing segment,,,,False,False,0.0,100.0,98.48331648129417,96.3503649635037,77.00774799707095,95.5
223,655.0,2133.2,3.59,21.0,10.9,2.857142857142857,0.040000000000000036,3.4530000000000003,9.940000000000001,20.75,0.08313977521152216,3.0,True,2,Short rowing segment,,,,False,False,0.0,100.0,100.0,95.13381995133821,65.84422242164261,94.1
224,657.6,2142.6,3.58,21.5,9.4,2.7906976744186047,-0.009999999999999787,3.4769999999999994,9.940000000000001,20.85,0.08152027695951368,2.6000000000000227,True,2,Short rowing segment,,,,False,False,0.0,100.0,100.0,92.70072992700729,67.48351161069584,94.0
225,660.4,2152.4,3.52,22.0,9.8,2.727272727272727,-0.06000000000000005,3.4939999999999998,9.9,20.95,0.06883151732875047,2.7999999999999545,True,2,Short rowing segment,,,,False,False,0.0,100.0,100.0,90.26763990267644,80.32733312109801,95.6
226,663.2,2162.0,3.48,21.5,9.6,2.7906976744186047,-0.040000000000000036,3.501,9.940000000000001,21.05,0.06261877602693479,2.800000000000068,True,2,Short rowing segment,,,,False,False,0.0,100.0,100.0,87.8345498783455,86.61599668576707,96.2
227,674.9,2188.5,0.64,15.0,26.5,4.0,-2.84,3.222,11.58,20.45,0.9090385641495694,11.699999999999932,False,,Transition/Cooldown,,,,False,False,0.0,76.90941385435163,100.0,97.56690997566906,0.0,76.6
228,678.3,2196.4,1.7,18.5,7.9,3.2432432432432434,1.06,3.05,11.4,20.2,1.0229912566151826,3.3999999999999773,True,3,Rowing segment,0.048955410040536336,-0.24590163934426204,0.033492822966507144,False,False,0.0,51.450562462995784,100.0,91.48418491484182,0.0,66.7
229,681.3,2205.1,2.48,20.0,8.7,3.0,0.78,2.955,11.27,20.2,1.0278807756198616,3.0,True,3,Rowing segment,0.07857811038353595,-0.23169398907103791,0.033492822966507144,False,False,0.0,37.388987566607405,100.0,91.48418491484182,0.0,61.8
230,684.3,2214.2,2.85,20.0,9.1,3.0,0.3700000000000001,2.892,11.16,20.1,1.0113005927462357,3.0,True,3,Rowing segment,0.09822263797942,-0.21967213114754072,0.038277511961722355,False,False,0.0,28.063943161634075,100.0,89.05109489051097,0.0,58.2
231,687.1,2223.0,3.01,21.0,8.8,2.857142857142857,0.1599999999999997,2.8400000000000003,11.059999999999999,20.15,0.9879496163491555,2.800000000000068,True,3,Rowing segment,0.11443716869348287,-0.2087431693989067,0.03588516746411483,False,False,0.0,20.367081113084662,100.0,90.26763990267635,0.0,55.7
232,689.9,2232.0,3.1,20.5,9.0,2.926829268292683,0.0900000000000003,2.795,10.97,20.1,0.9619222652815784,2.7999999999999545,True,3,Rowing segment,0.12846897411911443,-0.1989071038251364,0.038277511961722355,False,False,0.0,13.70633510953223,100.0,89.05109489051097,0.0,53.2
233,692.9,2241.6,3.16,21.0,9.6,2.857142857142857,0.06000000000000005,2.752,10.84,20.1,0.931567376939412,3.0,True,3,Rowing segment,0.14187714374805116,-0.18469945355191228,0.038277511961722355,False,False,0.0,7.341622261693215,100.0,89.05109489051097,0.0,50.9
234,695.7,2250.8,3.22,21.0,9.2,2.857142857142857,0.06000000000000005,2.716,10.82,20.05,0.9025174667438722,2.800000000000068,True,3,Rowing segment,0.15310258808855617,-0.18251366120218554,0.040669856459330044,False,False,0.0,2.013025458851403,100.0,87.8345498783455,0.0,48.9
235,698.7,2260.6,3.29,20.5,9.8,2.926829268292683,0.06999999999999984,2.693,10.819999999999999,19.9,0.882459316027908,3.0,True,3,Rowing segment,0.1602743997505456,-0.18251366120218535,0.04784688995215311,False,False,0.0,0.0,100.0,84.1849148418491,0.0,47.6
236,701.7,2270.5,3.31,20.0,9.8,3.0,0.020000000000000018,2.6759999999999997,10.84,19.75,0.8671178312855364,3.0,True,3,Rowing segment,0.16557530402245094,-0.18469945355191228,0.05502392344497601,False,False,0.0,0.0,100.0,80.53527980535277,0.0,47.1
237,704.5,2280.0,3.33,20.5,9.5,2.926829268292683,0.020000000000000018,2.945,9.14,20.3,0.5083579229025322,2.7999999999999545,True,3,Rowing segment,0.08169628936700968,0.0010928961748635586,0.028708133971291766,False,False,0.0,35.90882178804022,62.08291203235588,93.91727493917274,0.0,48.4
238,707.3,2289.0,3.38,21.0,9.1,2.857142857142857,0.04999999999999982,3.113,9.26,20.55,0.27544106044266015,2.7999999999999545,True,3,Rowing segment,0.02931088244465228,-0.012021857923497008,0.01674641148325349,False,False,0.0,60.77560686796918,68.14964610717888,100.0,0.0,60.1
239,710.3,2298.7,3.36,21.5,9.7,2.7906976744186047,-0.020000000000000018,3.2009999999999996,9.360000000000001,20.7,0.1718170862024804,3.0,True,3,Rowing segment,0.0018709073900842618,-0.022950819672131043,0.009569377990430589,False,False,0.0,73.80106571936045,73.20525783619819,96.3503649635037,0.0,65.9
240,713.3,2307.9,3.25,21.0,9.2,2.857142857142857,-0.10999999999999988,3.2410000000000005,9.37,20.8,0.11967084486670349,3.0,True,3,Rowing segment,-0.010601808543810633,-0.02404371584699421,0.004784688995215209,False,False,0.0,79.72172883362943,73.71081900910004,93.91727493917274,28.866728018039023,72.1
241,715.7,2316.3,3.16,21.5,8.4,2.7906976744186047,-0.08999999999999986,3.2560000000000002,9.33,20.85,0.09418657606639391,2.400000000000091,True,3,Rowing segment,-0.01527907701902101,-0.019672131147540753,0.0023923444976075197,False,False,0.0,81.94197750148014,71.68857431749237,92.70072992700729,54.662425101048505,75.9
242,718.7,2325.8,3.13,20.5,9.4,2.926829268292683,-0.03000000000000025,3.2590000000000003,9.370000000000001,20.85,0.08900062421753356,3.0,True,3,Rowing segment,-0.01621453071406314,-0.024043715846994405,0.0023923444976075197,False,False,0.0,82.38602723505034,73.71081900910009,92.70072992700729,59.91175142186683,77.5
243,721.5,2334.8,3.15,21.5,9.0,2.7906976744186047,0.020000000000000018,3.258,9.31,20.9,0.0902835040918917,2.7999999999999545,True,3,Rowing segment,-0.01590271281571567,-0.017486338797814024,0.0,False,False,0.0,82.23801065719354,70.67745197168857,91.4841849148419,58.61319422596919,76.0
244,724.3,2343.7,3.16,21.5,8.9,2.7906976744186047,0.010000000000000231,3.252,9.28,20.95,0.09496198069636758,2.7999999999999545,True,3,Rowing segment,-0.01403180542563141,-0.014207650273223738,0.0023923444976076897,False,False,0.0,81.34991119005318,69.16076845298274,90.26763990267644,53.87754470646874,74.3
245,727.1,2352.6,3.16,21.0,9.0,2.857142857142857,0.0,3.239,9.2,21.0,0.09803060746521722,2.800000000000068,True,3,Rowing segment,-0.009978172747115694,-0.005464480874316628,0.004784688995215379,False,False,0.0,79.42569567791584,65.11627906976736,89.05109489051097,50.771418052008954,71.6
246,730.1,2362.2,3.18,20.5,9.5,2.926829268292683,0.020000000000000018,3.2260000000000004,9.169999999999998,21.05,0.09617114374326835,3.0,True,3,Rowing segment,-0.005924540068600116,-0.0021857923497263405,0.007177033492823069,False,False,0.0,77.50148016577856,63.59959555106153,87.8345498783455,52.65360518808466,70.5
247,732.9,2371.4,3.23,21.0,9.3,2.857142857142857,0.04999999999999982,3.2159999999999997,9.15,21.1,0.08909420731886708,2.7999999999999545,True,3,Rowing segment,-0.0028063610851262544,1.9413735949729508e-16,0.009569377990430759,False,False,0.0,76.02131438721126,62.588473205257785,86.61800486618003,59.81702469641106,70.5
248,735.7,2380.7,3.29,21.5,9.3,2.7906976744186047,0.06000000000000005,3.207,9.17,21.15,0.07394442357458247,2.800000000000068,True,3,Rowing segment,0.0,-0.002185792349726535,0.011961722488038277,False,False,0.0,74.6891651865008,63.599595551061654,85.40145985401465,75.15194505072468,72.5
249,738.5,2390.1,3.32,20.5,9.4,2.926829268292683,0.029999999999999805,3.2030000000000003,9.14,21.05,0.06532823109328208,2.7999999999999545,True,3,Rowing segment,0.0012472715933893232,0.0010928961748635586,0.007177033492823069,False,False,0.0,74.09709887507398,62.08291203235588,87.8345498783455,83.87343096025286,73.4
250,741.3,2399.4,3.32,22.0,9.3,2.727272727272727,0.0,3.21,9.150000000000002,21.15,0.07408703590297276,2.7999999999999545,True,3,Rowing segment,-0.0009354536950421309,0.0,0.011961722488038277,False,False,0.0,75.13321492007101,62.5884732052579,85.40145985401465,75.00758994082199,72.3
251,744.1,2409.0,3.33,21.0,9.5,2.857142857142857,0.010000000000000231,3.2270000000000003,9.260000000000002,21.1,0.08056053624448817,2.800000000000068,True,3,Rowing segment,-0.006236357966947447,-0.012021857923497203,0.009569377990430759,False,False,0.0,77.6494967436353,68.14964610717898,86.61800486618003,68.45498075336664,74.3
252,746.9,2418.6,3.39,21.0,9.7,2.857142857142857,0.06000000000000005,3.253,9.290000000000001,21.15,0.08743886753358059,2.7999999999999545,True,3,Rowing segment,-0.014343623323978878,-0.015300546448087296,0.011961722488038277,False,False,0.0,81.49792776790999,69.6663296258847,85.40145985401465,61.49259341707162,74.9
253,749.7,2428.3,3.44,21.5,9.7,2.7906976744186047,0.04999999999999982,3.282,9.36,21.15,0.09704523572941265,2.800000000000068,True,3,Rowing segment,-0.023386342376052444,-0.02295081967213085,0.011961722488038277,False,False,0.0,85.79040852575486,73.20525783619807,85.40145985401465,51.76883143711126,76.2
254,752.4,2437.4,3.46,21.5,9.2,2.7906976744186047,0.020000000000000018,3.312,9.39,21.15,0.1014122499722984,2.699999999999932,True,3,Rowing segment,-0.032740879326473335,-0.026229508196721135,0.011961722488038277,False,False,0.0,90.23090586145643,74.72194135490389,85.40145985401465,47.34845047780745,77.6
255,755.3,2447.0,3.46,21.5,9.6,2.7906976744186047,0.0,3.342,9.45,21.2,0.09566144004305295,2.8999999999999773,True,3,Rowing segment,-0.042095416276894365,-0.03278688524590132,0.014354066985645968,False,False,0.0,94.67140319715806,77.75530839231537,84.18491484184919,53.16953767788346,81.0
256,758.4,2457.0,3.46,21.0,10.0,2.857142857142857,0.0,3.37,9.5,21.25,0.08313309275559656,3.1000000000000227,True,3,Rowing segment,-0.0508263174306206,-0.03825136612021834,0.01674641148325366,False,False,0.0,98.8158673771462,80.28311425682504,82.96836982968372,65.85098653993762,85.0
257,760.9,2466.4,3.4,21.5,9.4,2.7906976744186047,-0.06000000000000005,3.3869999999999996,9.51,21.3,0.06717307661721118,2.5,True,3,Rowing segment,-0.05612722170252564,-0.0393442622950817,0.019138755980861347,False,False,0.0,100.0,80.78867542972695,81.75182481751825,82.00604066260999,87.8
258,763.7,2475.7,3.31,21.5,9.3,2.7906976744186047,-0.08999999999999986,3.3890000000000002,9.51,21.3,0.06419588079550438,2.800000000000068,True,3,Rowing segment,-0.056750857499220576,-0.0393442622950817,0.019138755980861347,False,False,0.0,100.0,80.78867542972695,81.75182481751825,85.01961904601714,88.3
259,766.3,2484.5,3.26,21.5,8.8,2.7906976744186047,-0.050000000000000266,3.383,9.45,21.4,0.07349225204816229,2.599999999999909,True,3,Rowing segment,-0.054879950109136315,-0.03278688524590132,0.023923444976076555,False,False,0.0,100.0,77.75530839231537,79.3187347931874,75.6096422998196,85.5
260,769.1,2494.1,3.29,21.5,9.6,2.7906976744186047,0.03000000000000025,3.38,9.48,21.35,0.07688375063113537,2.800000000000068,True,3,Rowing segment,-0.053944496414094184,-0.03606557377049161,0.021531100478469036,False,False,0.0,100.0,79.27199191102119,80.53527980535277,72.17669820441095,85.7
261,771.9,2503.6,3.35,21.0,9.5,2.857142857142857,0.06000000000000005,3.382,9.48,21.35,0.0756894238905832,2.7999999999999545,True,3,Rowing segment,-0.05456813221078898,-0.03606557377049161,0.021531100478469036,False,False,0.0,100.0,79.27199191102119,80.53527980535277,73.38562011065954,85.8
262,774.7,2513.2,3.37,21.5,9.6,2.7906976744186047,0.020000000000000018,3.38,9.469999999999999,21.4,0.07571877794400032,2.800000000000068,True,3,Rowing segment,-0.053944496414094184,-0.03497267759562805,0.023923444976076555,False,False,0.0,100.0,78.76643073811923,79.3187347931874,73.35590733859455,85.5
263,777.5,2522.6,3.36,22.5,9.4,2.6666666666666665,-0.010000000000000231,3.372,9.440000000000001,21.5,0.07284687135811778,2.7999999999999545,True,3,Rowing segment,-0.051449953227315263,-0.03169398907103815,0.028708133971291936,False,False,0.0,99.11190053285961,77.24974721941358,76.88564476885647,76.26290980826032,84.7
264,780.3,2532.0,3.34,22.0,9.4,2.727272727272727,-0.020000000000000018,3.3600000000000003,9.459999999999999,21.55,0.06633249580710417,2.7999999999999545,True,3,Rowing segment,-0.04770813844714702,-0.033879781420764685,0.031100478468899625,False,False,0.0,97.33570159857906,78.26086956521728,75.66909975669101,82.85689371714409,85.2
265,782.9,2540.3,3.25,23.0,8.3,2.608695652173913,-0.08999999999999986,3.339,9.330000000000002,21.7,0.06436872946806409,2.6000000000000227,True,3,Rowing segment,-0.041159962581852234,-0.019672131147540947,0.03827751196172252,False,False,0.0,94.22735346358789,71.68857431749248,72.01946472019468,84.84465809134002,81.6
266,785.7,2549.1,3.18,21.0,8.8,2.857142857142857,-0.06999999999999984,3.311,9.21,21.7,0.06674162452655705,2.800000000000068,True,3,Rowing segment,-0.032429061428126,-0.0065573770491801865,0.03827751196172252,False,False,0.0,90.0828892835997,65.62184024266936,72.01946472019468,82.4427652758824,77.7
267,788.5,2557.8,3.24,21.5,8.7,2.7906976744186047,0.06000000000000005,3.2950000000000004,9.14,21.7,0.06204836822995005,2.7999999999999545,True,3,Rowing segment,-0.027439975054568296,0.0010928961748635586,0.03827751196172252,False,False,0.0,87.71462403789225,62.08291203235588,72.01946472019468,87.19337510145174,76.3
268,791.3,2566.9,3.31,21.5,9.1,2.7906976744186047,0.06999999999999984,3.2950000000000004,9.120000000000001,21.7,0.06204836822995005,2.7999999999999545,True,3,Rowing segment,-0.027439975054568296,0.0032786885245902875,0.03827751196172252,False,False,0.0,87.71462403789225,61.07178968655207,72.01946472019468,87.19337510145174,76.0
269,794.3,2576.4,3.31,21.5,9.5,2.7906976744186047,0.0,3.3,9.190000000000001,21.7,0.060918889608319225,3.0,True,3,Rowing segment,-0.02899906454630495,-0.004371584699453457,0.03827751196172252,False,False,0.0,88.45470692717578,64.61071789686551,72.01946472019468,88.33665641800141,77.6
270,796.9,2585.5,3.24,21.5,9.0,2.7906976744186047,-0.06999999999999984,3.2950000000000004,9.129999999999999,21.7,0.06381396573025137,2.6000000000000227,True,3,Rowing segment,-0.027439975054568296,0.0021857923497271173,0.03827751196172252,False,False,0.0,87.71462403789225,61.57735085945387,72.01946472019468,85.40620127099291,75.9
271,799.7,2594.5,3.17,20.5,9.0,2.926829268292683,-0.07000000000000028,3.277,9.08,21.65,0.07149980574953829,2.800000000000068,True,3,Rowing segment,-0.02182725288431565,0.00765027322404394,0.03588516746411483,False,False,0.0,85.05032563647124,59.049544994944355,73.23600973236015,77.62643711454245,73.1
272,802.7,2604.0,3.14,20.0,9.6,3.0,-0.029999999999999805,3.254,9.080000000000002,21.5,0.07515909052728331,3.0,True,3,Rowing segment,-0.01465544122232621,0.007650273224043745,0.028708133971291936,False,False,0.0,81.64594434576667,59.04954499494441,76.88564476885647,73.92243436654007,71.9
273,805.5,2612.5,3.04,21.0,8.5,2.857142857142857,-0.10000000000000009,3.222,8.99,21.35,0.09138441393974465,2.7999999999999545,True,3,Rowing segment,-0.004677268475210516,0.017486338797814412,0.021531100478469036,False,False,0.0,76.90941385435163,54.499494438827064,80.53527980535277,57.498830805403955,66.7
274,808.5,2620.3,2.78,20.5,7.8,2.926829268292683,-0.26000000000000023,3.166,8.83,21.2,0.15819818793736595,3.0,True,3,Rowing segment,0.012784533832241948,0.03497267759562863,0.014354066985645968,False,False,0.0,68.62048549437532,46.410515672396286,84.18491484184919,0.0,52.9
275,811.5,2627.6,2.52,20.5,7.3,2.926829268292683,-0.2599999999999998,3.093,8.73,20.95,0.25434228905158396,3.0,True,3,Rowing segment,0.03554724041159959,0.045901639344262474,0.0023923444976076897,False,False,0.0,57.81527531083474,41.354903943377096,90.26763990267644,0.0,48.2
276,814.3,2635.2,2.5,20.0,7.6,3.0,-0.020000000000000018,3.025,8.61,20.85,0.3127032672252288,2.7999999999999545,True,3,Rowing segment,0.05675085749922044,0.05901639344262323,0.0023923444976075197,False,False,0.0,47.75014801657779,35.28816986855404,92.70072992700729,0.0,43.0
277,817.3,2643.8,2.69,20.5,8.6,2.926829268292683,0.18999999999999995,2.9699999999999998,8.6,20.75,0.3189914662738724,3.0,True,3,Rowing segment,0.07390084190832558,0.0601092896174866,0.007177033492822899,False,False,0.0,39.609236234458166,34.78260869565208,95.13381995133821,0.0,40.3
278,820.1,2652.2,2.84,21.0,8.4,2.857142857142857,0.1499999999999999,2.923,8.53,20.7,0.2972111109034183,2.800000000000068,True,3,Rowing segment,0.08855628313065164,0.06775956284153034,0.009569377990430589,False,False,0.0,32.65245707519237,31.243680485338654,96.3503649635037,0.0,36.8
279,823.1,2661.3,2.95,21.0,9.1,2.857142857142857,0.11000000000000032,2.887,8.49,20.65,0.26520641855815635,3.0,True,3,Rowing segment,0.0997817274711568,0.0721311475409838,0.011961722488038277,False,False,0.0,27.32386027235045,29.22143579373099,97.56690997566915,0.0,34.4
280,825.9,2670.4,3.09,20.5,9.2,2.926829268292683,0.13999999999999968,2.872,8.51,20.55,0.24661260668866322,2.7999999999999545,True,3,Rowing segment,0.10445899594636732,0.06994535519125707,0.01674641148325349,False,False,0.0,25.10361160449964,30.23255813953485,100.0,0.0,34.4
281,828.9,2680.2,3.19,20.5,9.7,2.926829268292683,0.10000000000000009,2.8739999999999997,8.58,20.55,0.2493636345224013,3.0,True,3,Rowing segment,0.10383536014967265,0.062295081967213325,0.01674641148325349,False,False,0.0,25.399644760213057,33.771486349848274,100.0,0.0,35.7
282,831.9,2689.9,3.24,20.5,9.8,2.926829268292683,0.050000000000000266,2.884,8.599999999999998,20.6,0.2628561076584161,3.0,True,3,Rowing segment,0.10071718116619893,0.060109289617486794,0.014354066985645798,False,False,0.0,26.8798105387803,34.78260869565202,98.78345498783453,0.0,36.4
283,834.7,2698.9,3.22,21.5,9.0,2.7906976744186047,-0.020000000000000018,2.902,8.65,20.65,0.28030935291804454,2.800000000000068,True,3,Rowing segment,0.09510445899594629,0.05464480874316958,0.011961722488038277,False,False,0.0,29.544108940201266,37.31041456016176,97.56690997566915,0.0,38.0
284,837.5,2708.1,3.2,20.5,9.2,2.926829268292683,-0.020000000000000018,2.944,8.79,20.65,0.29125017882683973,2.7999999999999545,True,3,Rowing segment,0.08200810726535701,0.03934426229508228,0.011961722488038277,False,False,0.0,35.760805210183484,44.38827098078857,97.56690997566915,0.0,42.7
285,840.3,2717.5,3.25,21.0,9.4,2.857142857142857,0.04999999999999982,3.0170000000000003,9.0,20.7,0.26331434530698067,2.7999999999999545,True,3,Rowing segment,0.059245400685999226,0.01639344262295105,0.009569377990430589,False,False,0.0,46.56601539372412,55.00505561172897,96.3503649635037,0.0,50.0
286,843.1,2727.2,3.35,21.0,9.7,2.857142857142857,0.10000000000000009,3.1020000000000003,9.209999999999999,20.8,0.2095921966316691,2.800000000000068,True,3,Rowing segment,0.032740879326473196,-0.006557377049179992,0.004784688995215209,False,False,0.0,59.14742451154531,65.62184024266926,93.91727493917274,0.0,57.8
287,846.1,2737.3,3.39,21.5,10.1,2.7906976744186047,0.040000000000000036,3.1719999999999997,9.36,20.9,0.16982343772282812,3.0,True,3,Rowing segment,0.010913626442157825,-0.02295081967213085,0.0,False,False,0.0,69.50858496151562,73.20525783619807,91.4841849148419,0.0,63.7
288,848.9,2746.7,3.34,20.5,9.4,2.926829268292683,-0.050000000000000266,3.222,9.459999999999999,20.85,0.13019643278949816,2.7999999999999545,True,3,Rowing segment,-0.004677268475210516,-0.033879781420764685,0.0023923444976075197,False,False,0.0,76.90941385435163,78.26086956521728,92.70072992700729,18.21251306666887,70.9
289,851.7,2755.9,3.28,20.5,9.2,2.926829268292683,-0.06000000000000005,3.2550000000000003,9.469999999999999,20.8,0.08885068623507433,2.800000000000068,True,3,Rowing segment,-0.01496725912067368,-0.03497267759562805,0.004784688995215209,False,False,0.0,81.79396092362346,78.76643073811923,93.91727493917274,60.06352170835466,79.3
290,854.7,2765.5,3.24,20.5,9.7,2.926829268292683,-0.03999999999999959,3.2700000000000005,9.52,20.8,0.06815016100086344,3.0,True,3,Rowing segment,-0.019644527595884195,-0.04043715846994506,0.004784688995215209,False,False,0.0,84.01420959147426,81.29423660262884,93.91727493917274,81.01701590452367,84.1
291,857.7,2775.2,3.25,20.0,9.7,3.0,0.009999999999999787,3.276,9.52,20.75,0.06275171533732712,3.0,True,3,Rowing segment,-0.02151543498596818,-0.04043715846994506,0.007177033492822899,False,False,0.0,84.90230905861452,81.29423660262884,95.13381995133821,86.48143280213453,85.4
292,860.5,2783.8,3.24,21.5,8.6,2.7906976744186047,-0.009999999999999787,3.2760000000000007,9.4,20.85,0.06275171533732712,2.7999999999999545,True,3,Rowing segment,-0.021515434985968456,-0.027322404371584497,0.0023923444976075197,False,False,0.0,84.90230905861462,75.22750252780585,92.70072992700729,86.48143280213453,82.9
293,863.4,2792.7,3.22,21.0,8.9,2.857142857142857,-0.020000000000000018,3.276,9.39,20.8,0.06275171533732712,2.8999999999999773,True,3,Rowing segment,-0.02151543498596818,-0.026229508196721135,0.004784688995215209,False,False,0.0,84.90230905861452,74.72194135490389,93.91727493917274,86.48143280213453,82.9
294,866.4,2801.9,3.2,21.5,9.3,2.7906976744186047,-0.020000000000000018,3.276,9.4,20.9,0.06275171533732712,3.0,True,3,Rowing segment,-0.02151543498596818,-0.027322404371584497,0.0,False,False,0.0,84.90230905861452,75.22750252780585,91.4841849148419,86.48143280213453,82.7
295,869.4,2811.4,3.19,21.0,9.5,2.857142857142857,-0.010000000000000231,3.2700000000000005,9.41,20.9,0.06815016100086349,3.0,True,3,Rowing segment,-0.019644527595884195,-0.028415300546447864,0.0,False,False,0.0,84.01420959147426,75.73306370070776,91.4841849148419,81.01701590452363,81.8
296,871.9,2820.3,3.17,21.0,8.9,2.857142857142857,-0.020000000000000018,3.252,9.330000000000002,20.9,0.06844300142778403,2.5,True,3,Rowing segment,-0.01403180542563141,-0.019672131147540947,0.0,False,False,0.0,81.34991119005318,71.68857431749248,91.4841849148419,80.72059684672396,79.4
297,874.9,2829.9,3.16,20.5,9.6,2.926829268292683,-0.009999999999999787,3.229,9.28,20.8,0.05404730438338564,3.0,True,3,Rowing segment,-0.006859993763642109,-0.014207650273223738,0.004784688995215209,False,False,0.0,77.94552989934871,69.16076845298274,93.91727493917274,95.29221525044935,79.9
298,877.7,2838.5,3.12,21.0,8.7,2.857142857142857,-0.040000000000000036,3.207,9.21,20.85,0.04831608887776099,2.800000000000068,True,3,Rowing segment,0.0,-0.0065573770491801865,0.0023923444976075197,False,False,0.0,74.6891651865008,65.62184024266936,92.70072992700729,100.0,78.0
299,880.5,2847.3,3.07,21.0,8.8,2.857142857142857,-0.050000000000000266,3.186,9.17,20.9,0.05777350411544272,2.7999999999999545,True,3,Rowing segment,0.00654817586529464,-0.002185792349726535,0.0,False,False,0.0,71.5808170515097,63.599595551061654,91.4841849148419,91.52047981977582,74.8
300,883.5,2857.0,3.12,20.5,9.7,2.926829268292683,0.050000000000000266,3.174,9.17,20.9,0.057773504115442895,3.0,True,3,Rowing segment,0.010289990645463024,-0.002185792349726535,0.0,False,False,0.0,69.8046181172291,63.599595551061654,91.4841849148419,91.52047981977563,74.1
301,886.1,2864.7,3.07,21.5,7.7,2.7906976744186047,-0.050000000000000266,3.1559999999999997,8.97,21.05,0.05947922139518251,2.6000000000000227,True,3,Rowing segment,0.01590271281571567,0.01967213114754114,0.007177033492823069,False,False,0.0,67.14031971580808,53.48837209302326,87.8345498783455,89.79391797088776,68.9
302,888.9,2872.9,2.92,21.0,8.2,2.857142857142857,-0.1499999999999999,3.124,8.93,21.0,0.0883427667918765,2.7999999999999545,True,3,Rowing segment,0.025880885562831225,0.024043715846994794,0.004784688995215379,False,False,0.0,62.4037892243931,51.46612740141548,89.05109489051097,60.57764813677874,62.3
303,891.9,2881.5,2.87,21.0,8.6,2.857142857142857,-0.04999999999999982,3.089,8.9,21.0,0.1121952662895244,3.0,True,3,Rowing segment,0.03679451200498905,0.027322404371584886,0.004784688995215379,False,False,0.0,57.223208999407916,49.94944388270977,89.05109489051097,36.433661250779224,56.3
304,894.7,2889.4,2.84,20.5,8.0,2.926829268292683,-0.03000000000000025,3.053,8.77,20.9,0.12910374811668868,2.800000000000068,True,3,Rowing segment,0.048019956345494205,0.041530054644809015,0.0,False,False,0.0,51.89461219656599,43.37714863498476,91.4841849148419,19.318550797156874,50.0
305,897.7,2898.0,2.82,20.5,8.6,2.926829268292683,-0.020000000000000018,3.016,8.68,20.85,0.13817862835233627,3.0,True,3,Rowing segment,0.05955721858434669,0.05136612021857949,0.0023923444976075197,False,False,0.0,46.41799881586733,38.827098078867465,92.70072992700729,10.132771779612092,45.3
306,900.7,2906.9,2.89,20.0,8.8,3.0,0.07000000000000028,2.988,8.669999999999998,20.75,0.13172361637576965,3.0,True,3,Rowing segment,0.06828811973807293,0.052459016393443046,0.007177033492822899,False,False,0.0,42.27353463587918,38.32153690596546,95.13381995133821,16.666666666668384,45.0
307,903.7,2915.8,2.94,20.5,8.9,2.926829268292683,0.04999999999999982,2.966,8.6,20.75,0.11739770961233484,3.0,True,3,Rowing segment,0.0751481135017149,0.0601092896174866,0.007177033492822899,False,False,0.0,39.01716992303139,34.78260869565208,95.13381995133821,31.16764192339272,44.8
308,906.9,2924.6,2.88,19.5,8.8,3.076923076923077,-0.06000000000000005,2.9419999999999997,8.61,20.6,0.10643725329455295,3.199999999999932,True,3,Rowing segment,0.0826317430620518,0.05901639344262323,0.014354066985645798,False,False,0.0,35.46477205447002,35.28816986855404,98.78345498783453,42.2620395410173,45.9
309,909.7,2932.5,2.78,20.5,7.9,2.926829268292683,-0.10000000000000009,2.9130000000000003,8.52,20.55,0.10719141756689297,2.800000000000068,True,3,Rowing segment,0.09167446211412524,0.06885245901639371,0.01674641148325349,False,False,0.0,31.172291296625243,30.73811931243675,100.0,41.49865907000785,42.9
310,912.7,2941.1,2.78,20.0,8.6,3.0,0.0,2.879,8.41,20.5,0.08608135686663,3.0,True,3,Rowing segment,0.10227627065793572,0.0808743169398909,0.019138755980861177,False,False,0.0,26.139727649496677,25.17694641051565,98.78345498783453,62.86669342464908,42.2
311,915.7,2949.8,2.84,20.0,8.7,3.0,0.06000000000000005,2.856,8.51,20.35,0.05420127099780924,3.0,True,3,Rowing segment,0.10944808231992516,0.06994535519125707,0.026315789473684077,False,False,0.0,22.73534635879215,30.23255813953485,95.13381995133821,95.13636710045182,47.1
312,918.7,2958.1,2.82,20.0,8.3,3.0,-0.020000000000000018,2.8459999999999996,8.52,20.25,0.05015531433014613,3.0,True,3,Rowing segment,0.11256626130339889,0.06885245901639371,0.031100478468899455,False,False,0.0,21.255180580224906,30.73811931243675,92.70072992700729,99.23176702845572,47.0
313,921.5,2966.1,2.77,20.5,7.9,2.926829268292683,-0.04999999999999982,2.836,8.45,20.2,0.054609726443395165,2.7999999999999545,True,3,Rowing segment,0.11568444028687247,0.07650273224043745,0.033492822966507144,False,False,0.0,19.77501480165772,27.19919110212326,91.48418491484182,94.72292016074162,44.4
314,924.5,2975.0,2.83,20.0,8.9,3.0,0.06000000000000005,2.835,8.54,20.15,0.054619898693915266,3.0,True,3,Rowing segment,0.1159962581852198,0.06666666666666697,0.03588516746411483,False,False,0.0,19.62699822380104,31.749241658240557,90.26763990267635,94.71262360112183,45.7
315,927.5,2984.4,2.99,20.0,9.4,3.0,0.16000000000000014,2.852,8.620000000000001,20.1,0.07284687135812257,3.0,True,3,Rowing segment,0.11069535391331463,0.05792349726775967,0.038277511961722355,False,False,0.0,22.143280047365266,35.793731041456,89.05109489051097,76.26290980825546,45.1
316,930.5,2994.0,3.14,21.0,9.7,2.857142857142857,0.1499999999999999,2.877,8.71,20.2,0.11690927156465347,3.0,True,3,Rowing segment,0.10289990645463053,0.0480874316939892,0.033492822966507144,False,False,0.0,25.843694493783207,40.34378159757329,91.48418491484182,31.662048885606687,41.6
317,933.3,3003.0,3.18,20.5,9.0,2.926829268292683,0.040000000000000036,2.901,8.72,20.2,0.15095621145808416,2.7999999999999545,True,3,Rowing segment,0.09541627689429376,0.04699453551912584,0.033492822966507144,False,False,0.0,29.396092362344525,40.8493427704752,91.48418491484182,0.0,38.3
318,936.3,3012.5,3.17,20.5,9.5,2.926829268292683,-0.010000000000000231,2.93,8.790000000000001,20.3,0.17275544693133232,3.0,True,3,Rowing segment,0.08637355784222005,0.03934426229508209,0.028708133971291766,False,False,0.0,33.68857312018947,44.388270980788676,93.91727493917274,0.0,41.4
319,939.1,3021.5,3.15,21.0,9.0,2.857142857142857,-0.020000000000000018,2.9669999999999996,8.9,20.35,0.1766383625125383,2.800000000000068,True,3,Rowing segment,0.0748362956033677,0.027322404371584886,0.026315789473684077,False,False,0.0,39.16518650088801,49.94944388270977,95.13381995133821,0.0,45.5
320,942.1,3030.8,3.13,20.5,9.3,2.926829268292683,-0.020000000000000018,3.002,8.97,20.4,0.17001960671247976,3.0,True,3,Rowing segment,0.06392266916120988,0.01967213114754114,0.023923444976076555,False,False,0.0,44.345766725873204,53.48837209302326,96.3503649635036,0.0,48.7
321,944.9,3039.5,3.1,21.0,8.7,2.857142857142857,-0.029999999999999805,3.028,8.97,20.5,0.16219330031374962,2.7999999999999545,True,3,Rowing segment,0.05581540380417831,0.01967213114754114,0.019138755980861177,False,False,0.0,48.194197750147985,53.48837209302326,98.78345498783453,0.0,50.4
322,947.9,3048.9,3.1,20.5,9.4,2.926829268292683,0.0,3.056,9.08,20.55,0.14561745927066505,3.0,True,3,Rowing segment,0.047084502650452074,0.00765027322404394,0.01674641148325349,False,False,0.0,52.33866193013615,59.049544994944355,100.0,2.603035277279986,54.4
323,950.7,3057.5,3.1,21.0,8.6,2.857142857142857,0.0,3.089,9.15,20.6,0.10545667883595754,2.800000000000068,True,3,Rowing segment,0.03679451200498905,1.9413735949729508e-16,0.014354066985645798,False,False,0.0,57.223208999407916,62.588473205257785,98.78345498783453,43.254597024203,63.2
324,953.6,3066.0,3.06,20.5,8.5,2.926829268292683,-0.040000000000000036,3.112,9.110000000000001,20.65,0.056332347131398744,2.8999999999999773,True,3,Rowing segment,0.029622700342999613,0.004371584699453652,0.011961722488038277,False,False,0.0,60.627590290112444,60.566228513650174,97.56690997566915,92.97924833696436,71.0
325,956.5,3074.5,3.08,20.5,8.6,2.926829268292683,0.020000000000000018,3.121,9.03,20.7,0.03928528138288394,2.8999999999999773,True,3,Rowing segment,0.026816339257873356,0.013114754098360956,0.009569377990430589,False,False,0.0,61.95973949082295,56.521739130434675,96.3503649635037,100.0,70.9
326,959.4,3082.9,3.09,21.0,8.4,2.857142857142857,0.009999999999999787,3.116,8.9,20.7,0.03977715704045837,2.8999999999999773,True,3,Rowing segment,0.02837542874961015,0.027322404371584886,0.009569377990430589,False,False,0.0,61.21965660153933,49.94944388270977,96.3503649635037,100.0,68.4
327,962.4,3091.6,3.06,21.5,8.7,2.7906976744186047,-0.029999999999999805,3.104,8.87,20.8,0.03627058802328263,3.0,True,3,Rowing segment,0.03211724352977854,0.030601092896175176,0.004784688995215209,False,False,0.0,59.44345766725872,48.432760364003954,93.91727493917274,100.0,66.8
328,965.4,3100.3,3.02,20.5,8.7,2.926829268292683,-0.040000000000000036,3.089,8.79,20.8,0.036953424138431154,3.0,True,3,Rowing segment,0.03679451200498905,0.03934426229508228,0.004784688995215209,False,False,0.0,57.223208999407916,44.38827098078857,93.91727493917274,100.0,64.7
329,968.4,3109.3,3.01,20.5,9.0,2.926829268292683,-0.010000000000000231,3.075,8.79,20.75,0.03778594682917313,3.0,True,3,Rowing segment,0.041159962581852096,0.03934426229508228,0.007177033492822899,False,False,0.0,55.150976909413835,44.38827098078857,95.13381995133821,100.0,64.1
330,970.9,3117.7,3.01,21.0,8.3,2.857142857142857,0.0,3.063,8.690000000000001,20.8,0.03743141876967145,2.5,True,3,Rowing segment,0.04490177736202049,0.050273224043715925,0.004784688995215209,False,False,0.0,53.37477797513318,39.332659251769485,93.91727493917274,100.0,61.5
331,973.7,3126.2,3.0,21.0,8.5,2.857142857142857,-0.009999999999999787,3.053,8.669999999999998,20.8,0.03973523485382148,2.800000000000068,True,3,Rowing segment,0.048019956345494205,0.052459016393443046,0.004784688995215209,False,False,0.0,51.89461219656599,38.32153690596546,93.91727493917274,100.0,60.7
332,976.5,3134.7,3.0,21.0,8.5,2.857142857142857,0.0,3.043,8.580000000000002,20.85,0.039171985454454106,2.7999999999999545,True,3,Rowing segment,0.05113813532896779,0.06229508196721313,0.0023923444976075197,False,False,0.0,50.414446417998796,33.77148634984839,92.70072992700729,100.0,58.4
333,979.3,3143.4,3.03,21.0,8.7,2.857142857142857,0.029999999999999805,3.036,8.59,20.85,0.033730961708456214,2.7999999999999545,True,3,Rowing segment,0.053320860617399386,0.06120218579234996,0.0023923444976075197,False,False,0.0,49.378330373001766,34.27704752275018,92.70072992700729,100.0,58.2
334,982.1,3152.1,3.04,21.5,8.7,2.7906976744186047,0.010000000000000231,3.034,8.61,20.95,0.032727833889683026,2.800000000000068,True,3,Rowing segment,0.053944496414094184,0.05901639344262323,0.0023923444976076897,False,False,0.0,49.0822972172883,35.28816986855404,90.26763990267644,100.0,58.1
335,984.9,3160.9,3.07,21.0,8.8,2.857142857142857,0.029999999999999805,3.033,8.629999999999999,21.0,0.0312872000806794,2.7999999999999545,True,3,Rowing segment,0.05425631431244152,0.056830601092896504,0.004784688995215379,False,False,0.0,48.934280639431556,36.29929221435785,89.05109489051097,100.0,58.2
336,987.9,3169.8,3.06,21.0,9.0,2.857142857142857,-0.009999999999999787,3.0300000000000002,8.69,21.0,0.02624669291336501,3.0,True,3,Rowing segment,0.05519176800748351,0.05027322404371612,0.004784688995215379,False,False,0.0,48.49023090586146,39.33265925176937,89.05109489051097,100.0,59.1
337,990.5,3177.7,3.0,21.5,7.9,2.7906976744186047,-0.06000000000000005,3.024,8.61,21.0,0.025473297566049803,2.6000000000000227,True,3,Rowing segment,0.05706267539756777,0.05901639344262323,0.004784688995215379,False,False,0.0,47.60213143872111,35.28816986855404,89.05109489051097,100.0,57.4
338,993.5,3187.5,3.08,21.5,9.8,2.7906976744186047,0.08000000000000007,3.03,8.72,21.1,0.030912061651645818,3.0,True,3,Rowing segment,0.05519176800748365,0.04699453551912584,0.009569377990430759,False,False,0.0,48.49023090586141,40.8493427704752,86.61800486618003,100.0,59.3
339,996.3,3197.5,3.3,20.5,10.0,2.926829268292683,0.21999999999999975,3.059,8.82,21.1,0.0898702768809916,2.7999999999999545,True,3,Rowing segment,0.046149048955409944,0.036065573770492,0.009569377990430759,False,False,0.0,52.782711663706294,45.90495449949438,86.61800486618003,59.03147124393513,56.4
340,999.1,3206.9,3.4,21.0,9.4,2.857142857142857,0.10000000000000009,3.098,8.930000000000001,21.1,0.13798550648527994,2.800000000000068,True,3,Rowing segment,0.0339881509198628,0.0240437158469946,0.009569377990430759,False,False,0.0,58.55535820011836,51.4661274014156,86.61800486618003,10.328253675589828,53.0
341,1001.9,3216.1,3.3,22.0,9.2,2.727272727272727,-0.10000000000000009,3.1279999999999997,9.0,21.2,0.14665151436881158,2.7999999999999545,True,3,Rowing segment,0.024633613969441904,0.01639344262295105,0.014354066985645968,False,False,0.0,62.99585553581993,55.00505561172897,84.18491484184919,1.556343599055121,54.2
342,1004.7,3225.3,3.22,21.0,9.3,2.857142857142857,-0.07999999999999963,3.15,9.080000000000002,21.2,0.1417352775031251,2.800000000000068,True,3,Rowing segment,0.017773620205799794,0.007650273224043745,0.014354066985645968,False,False,0.0,66.25222024866777,59.04954499494441,84.18491484184919,6.53265890828747,57.5
343,1007.7,3234.4,3.11,20.5,9.1,2.926829268292683,-0.11000000000000032,3.1580000000000004,9.120000000000001,21.15,0.13636552187248252,3.0,True,3,Rowing segment,0.015279077019020733,0.0032786885245902875,0.011961722488038277,False,False,0.0,67.4363528715216,61.07178968655207,85.40145985401465,11.968035168961567,59.6
344,1010.4,3241.8,2.96,21.5,7.4,2.7906976744186047,-0.1499999999999999,3.1499999999999995,8.99,21.15,0.14605934866804085,2.699999999999932,True,3,Rowing segment,0.017773620205799933,0.017486338797814412,0.011961722488038277,False,False,0.0,66.25222024866773,54.499494438827064,85.40145985401465,2.1557458090900594,55.4
345,1013.4,3250.5,2.91,21.5,8.7,2.7906976744186047,-0.04999999999999982,3.134,8.98,21.2,0.16351690364539326,3.0,True,3,Rowing segment,0.022762706579357642,0.01857923497267778,0.014354066985645968,False,False,0.0,63.88395500296029,53.993933265925165,84.18491484184919,0.0,53.9
346,1016.4,3259.0,2.9,21.0,8.5,2.857142857142857,-0.010000000000000231,3.118,8.930000000000001,21.2,0.17868656605600775,3.0,True,3,Rowing segment,0.02775179295291549,0.0240437158469946,0.014354066985645968,False,False,0.0,61.51568975725274,51.4661274014156,84.18491484184919,0.0,52.2
347,1018.9,3267.3,2.91,21.5,8.3,2.7906976744186047,0.010000000000000231,3.109,8.97,21.2,0.1873469745923004,2.5,True,3,Rowing segment,0.030558154038041744,0.01967213114754114,0.014354066985645968,False,False,0.0,60.18354055654229,53.48837209302326,84.18491484184919,0.0,52.4
348,1021.5,3275.3,2.96,21.5,8.1,2.7906976744186047,0.04999999999999982,3.097,8.8,21.2,0.19316371870054028,2.6000000000000227,True,3,Rowing segment,0.034299968818210125,0.038251366120218726,0.014354066985645968,False,False,0.0,58.40734162226163,44.893832153690575,84.18491484184919,0.0,48.8
349,1024.5,3284.6,3.01,21.0,9.2,2.857142857142857,0.04999999999999982,3.068,8.72,21.25,0.1806654366501777,3.0,True,3,Rowing segment,0.04334268787028369,0.04699453551912584,0.01674641148325366,False,False,0.0,54.114860864416805,40.8493427704752,82.96836982968372,0.0,45.7
350,1027.1,3292.8,3.02,21.5,8.3,2.7906976744186047,0.010000000000000231,3.0300000000000002,8.61,21.3,0.1380016102965615,2.599999999999909,True,3,Rowing segment,0.05519176800748351,0.05901639344262323,0.019138755980861347,False,False,0.0,48.49023090586146,35.28816986855404,81.75182481751825,10.311953069087988,43.1
351,1030.1,3302.1,3.02,21.0,9.2,2.857142857142857,0.0,3.002,8.610000000000001,21.2,0.10042133460796161,3.0,True,3,Rowing segment,0.06392266916120988,0.059016393442623036,0.014354066985645968,False,False,0.0,44.345766725873204,35.28816986855409,84.18491484184919,48.35147523687062,47.8
352,1032.9,3310.4,3.0,21.0,8.3,2.857142857142857,-0.020000000000000018,2.9799999999999995,8.51,21.2,0.06531972647421695,2.800000000000182,True,3,Rowing segment,0.07078266292485198,0.06994535519125707,0.014354066985645968,False,False,0.0,41.08940201302536,30.23255813953485,84.18491484184919,83.88203950927303,50.2
353,1035.7,3318.7,2.96,20.5,8.3,2.926829268292683,-0.040000000000000036,2.965,8.43,21.2,0.04672615256292005,2.7999999999999545,True,3,Rowing segment,0.07545993140006237,0.07868852459016418,0.014354066985645968,False,False,0.0,38.869153345174595,26.188068756319456,84.18491484184919,100.0,50.4
354,1038.7,3327.2,2.88,21.0,8.4,2.857142857142857,-0.08000000000000007,2.957,8.53,21.15,0.05396500923952681,3.0,True,3,Rowing segment,0.0779544745868413,0.06775956284153034,0.011961722488038277,False,False,0.0,37.68502072232083,31.243680485338654,85.40145985401465,95.37551607493128,51.2
355,1041.5,3335.4,2.87,21.0,8.2,2.857142857142857,-0.009999999999999787,2.9530000000000003,8.48,21.1,0.059076221950967844,2.7999999999999545,True,3,Rowing segment,0.07920174618023061,0.07322404371584716,0.009569377990430759,False,False,0.0,37.092954410894045,28.715874620829087,86.61800486618003,90.20184223463814,49.6
356,1044.3,3343.4,2.88,21.0,8.0,2.857142857142857,0.009999999999999787,2.9509999999999996,8.430000000000001,21.1,0.06136412270664011,2.7999999999999545,True,3,Rowing segment,0.07982538197692556,0.07868852459016398,0.009569377990430759,False,False,0.0,36.796921255180465,26.188068756319513,86.61800486618003,87.88598238746083,48.2
357,1047.3,3351.7,2.81,20.5,8.3,2.926829268292683,-0.06999999999999984,2.941,8.43,21.0,0.07534365710971794,3.0,True,3,Rowing segment,0.08294356096039913,0.07868852459016418,0.004784688995215379,False,False,0.0,35.31675547661334,26.188068756319456,89.05109489051097,73.73561230429311,45.9
358,1050.1,3360.0,2.76,20.5,8.2,2.926829268292683,-0.050000000000000266,2.9210000000000003,8.440000000000001,20.9,0.09397990328906722,2.7999999999999545,True,3,Rowing segment,0.08917991892734631,0.07759562841530063,0.0,False,False,0.0,32.35642391947896,26.693629929221476,91.4841849148419,54.87162350501287,42.6
359,1053.1,3368.2,2.73,20.5,8.3,2.926829268292683,-0.029999999999999805,2.893,8.35,20.85,0.10551987701113386,3.0,True,3,Rowing segment,0.09791082008107267,0.08743169398907129,0.0023923444976075197,True,False,0.0,28.211959739490755,22.14357937310407,92.70072992700729,43.19062654124264,38.0
360,1056.1,3376.3,2.64,21.0,8.1,2.857142857142857,-0.08999999999999986,2.855,8.33,20.8,0.12186057606954177,3.0,True,3,Rowing segment,0.10975990021827249,0.08961748633879801,0.004784688995215209,True,False,0.0,22.587329780935413,21.132457027300266,93.91727493917274,26.650237396148224,33.4
361,1059.1,3384.2,2.6,20.0,8.0,3.0,-0.040000000000000036,2.813,8.209999999999999,20.7,0.1307287267588911,3.0,True,3,Rowing segment,0.12285625194886177,0.10273224043715878,0.009569377990430589,True,False,0.0,16.37063351095319,15.065722952477156,96.3503649635037,17.673714245279637,28.1
362,1061.9,3391.6,2.6,20.5,7.4,2.926829268292683,0.0,2.773,8.120000000000001,20.65,0.12832683966255382,2.800000000000182,True,3,Rowing segment,0.1353289678827564,0.11256830601092906,0.011961722488038277,True,False,0.0,10.449970396684437,10.515672396359976,97.56690997566915,20.104953393249758,25.0
363,1064.7,3398.7,2.59,21.5,7.1,2.7906976744186047,-0.010000000000000231,2.7359999999999998,8.0,20.75,0.12158216243439429,2.7999999999999545,True,3,Rowing segment,0.14686623012160901,0.1256830601092898,0.007177033492822899,True,False,0.0,4.973357015985724,4.448938321536866,95.13381995133821,26.932053360825115,21.6
364,1067.5,3405.5,2.58,21.0,6.8,2.857142857142857,-0.009999999999999787,2.7060000000000004,7.840000000000001,20.75,0.11908913561792112,2.7999999999999545,True,3,Rowing segment,0.15622076707202978,0.14316939890710395,0.007177033492822899,True,False,0.0,0.5328596802842145,0.0,95.13381995133821,29.45554599392668,18.9
365,1070.4,3412.5,2.56,20.5,7.0,2.926829268292683,-0.020000000000000018,2.675,7.720000000000001,20.7,0.11177855091405504,2.900000000000091,True,3,Rowing segment,0.16588712192079827,0.1562841530054646,0.009569377990430589,True,False,0.0,0.0,0.0,96.3503649635037,36.85546906012511,20.0
366,1073.5,3420.3,2.54,20.0,7.8,3.0,-0.020000000000000018,2.641,7.7,20.6,0.09255028663141626,3.099999999999909,True,3,Rowing segment,0.17648893046460862,0.15846994535519143,0.014354066985645798,True,True,1.0,0.0,0.0,98.78345498783453,56.31871066825691,23.3
367,1076.4,3427.1,2.5,20.5,6.8,2.926829268292683,-0.040000000000000036,2.61,7.55,20.6,0.08082903768655962,2.900000000000091,True,3,Rowing segment,0.186155285313377,0.1748633879781423,0.014354066985645798,True,True,1.0,0.0,0.0,98.78345498783453,68.18319811285619,25.0
368,1079.4,3434.3,2.46,19.5,7.2,3.076923076923077,-0.040000000000000036,2.58,7.45,20.5,0.07438637868141916,3.0,True,3,Rowing segment,0.19550982226379787,0.18579234972677613,0.019138755980861177,True,True,1.0,0.0,0.0,98.78345498783453,74.70458907007713,26.0
369,1082.4,3441.5,2.45,20.5,7.2,2.926829268292683,-0.009999999999999787,2.552,7.340000000000001,20.5,0.06356099432830135,3.0,True,3,Rowing segment,0.2042407234175241,0.19781420765027333,0.019138755980861177,True,True,1.0,0.0,0.0,98.78345498783453,85.66226408788204,27.7
370,1085.4,3448.8,2.47,20.0,7.3,3.0,0.020000000000000018,2.535,7.260000000000001,20.4,0.06004627844885998,3.0,True,3,Rowing segment,0.2095416276894293,0.20655737704918045,0.023923444976076555,True,True,1.0,0.0,0.0,96.3503649635036,89.21993124597651,27.8
371,1095.9,3466.4,1.7,21.5,17.6,2.7906976744186047,-0.7700000000000002,2.445,8.22,20.55,0.26759214404679116,10.5,True,,Transition/Cooldown,,,,False,False,0.0,0.0,15.571284125379169,100.0,0.0,20.4
372,1098.5,3469.2,0.98,23.5,2.8,2.5531914893617023,-0.72,2.2830000000000004,7.76,20.85,0.5274898629884367,2.599999999999909,False,,Transition/Cooldown,,,,False,False,0.0,0.0,0.0,92.70072992700729,0.0,13.9
373,1100.7,3471.8,1.17,26.0,2.6,2.3076923076923075,0.18999999999999995,2.141,7.3100000000000005,21.3,0.6188780170599091,2.2000000000000455,True,,Transition/Cooldown,,,,False,False,0.0,0.0,0.0,81.75182481751825,0.0,12.3
374,1103.3,3475.9,1.36,23.0,4.1,2.608695652173913,0.19000000000000017,2.0189999999999997,7.039999999999999,21.5,0.6425202115281886,2.599999999999909,True,,Transition/Cooldown,,,,False,False,0.0,0.0,0.0,76.88564476885647,0.0,11.5
375,1105.5,3479.6,1.58,26.0,3.8,2.3076923076923075,0.21999999999999997,1.921,6.720000000000001,22.05,0.6253434611830935,2.2000000000000455,True,,Transition/Cooldown,,,,False,False,0.0,0.0,0.0,63.503649635036496,0.0,9.5
376,1108.3,3484.3,1.73,26.0,4.6,2.3076923076923075,0.1499999999999999,1.8400000000000003,6.4,22.65,0.5875750543074915,2.7999999999999545,True,,Transition/Cooldown,,,,False,False,0.0,0.0,0.0,48.905109489051156,0.0,7.3
377,1110.3,3488.0,1.78,25.0,3.8,2.4,0.050000000000000044,1.768,6.1,23.1,0.539892993513022,2.0,True,,Transition/Cooldown,,,,False,False,0.0,0.0,0.0,37.95620437956203,0.0,5.7
378,1113.1,3492.5,1.7,22.5,4.5,2.6666666666666665,-0.08000000000000007,1.6920000000000002,5.83,23.4,0.4820511729405307,2.7999999999999545,True,,Transition/Cooldown,,,,False,False,0.0,0.0,0.0,30.656934306569404,0.0,4.6
379,1118.5,3500.3,1.6,33.0,7.8,1.8181818181818181,-0.09999999999999987,1.607,5.89,24.65,0.401802881467473,5.400000000000091,True,,Transition/Cooldown,,,,False,False,0.0,0.0,0.0,0.24330900243314524,0.0,0.0
380,1119.5,3501.5,1.49,14.0,1.2,4.285714285714286,-0.1100000000000001,1.509,5.279999999999999,24.05,0.26371070007366504,1.0,True,,Transition/Cooldown,,,,False,False,0.0,0.0,0.0,14.841849148418508,0.0,2.2
381,1121.1,3503.2,1.27,27.5,1.7,2.1818181818181817,-0.21999999999999997,1.466,3.6900000000000004,24.65,0.2641632491892687,1.599999999999909,True,,Transition/Cooldown,,,,False,False,0.0,0.0,0.0,0.24330900243314524,0.0,0.0
382,1126.6,3507.9,0.99,12.0,4.7,5.0,-0.28,1.467,3.88,23.5,0.2621301627478831,5.5,False,,Transition/Cooldown,,,,False,False,0.0,0.0,0.0,28.223844282238463,0.0,4.2
383,1127.7,3508.8,0.78,46.0,0.8,1.3043478260869565,-0.20999999999999996,1.4280000000000002,3.7,25.5,0.3311528683587565,1.1000000000001364,False,,Transition/Cooldown,,,,False,False,0.0,0.0,0.0,0.0,0.0,0.0
384,1128.7,3509.4,0.64,51.0,0.7,1.1764705882352942,-0.14,1.356,3.3600000000000003,28.3,0.41518938115302556,1.0,False,,Transition/Cooldown,,,,False,False,0.0,0.0,0.0,0.0,0.0,0.0
385,1131.7,3511.0,0.54,20.0,1.6,3.0,-0.09999999999999998,1.252,3.1399999999999997,27.7,0.47830255417815204,3.0,False,,Transition/Cooldown,,,,False,False,0.0,0.0,0.0,0.0,0.0,0.0
387,1134.3,3512.2,0.43,34.5,0.6,1.7391304347826086,-0.11000000000000004,1.1219999999999999,2.74,28.55,0.5095924297362119,2.599999999999909,False,,Transition/Cooldown,,,,False,False,0.0,0.0,0.0,0.0,0.0,0.0
388,1135.7,3513.0,0.46,52.0,0.8,1.1538461538461537,0.030000000000000027,0.99,2.4400000000000004,31.25,0.49082696656879343,1.400000000000091,False,,Transition/Cooldown,,,,False,False,0.0,0.0,0.0,0.0,0.0,0.0
389,1136.7,3513.7,0.53,56.0,0.7,1.0714285714285714,0.07,0.873,2.06,34.6,0.43954648344756914,1.0,False,,Transition/Cooldown,,,,False,False,0.0,0.0,0.0,0.0,0.0,0.0
390,1139.5,3515.6,0.58,20.5,1.9,2.926829268292683,0.04999999999999993,0.771,1.47,33.35,0.36394291371650317,2.7999999999999545,False,,Transition/Cooldown,,,,False,False,0.0,0.0,0.0,0.0,0.0,0.0
391,1141.7,3517.1,0.6,27.5,1.6,2.1818181818181817,0.020000000000000018,0.682,1.5100000000000002,34.7,0.263556867150595,2.2000000000000455,False,,Transition/Cooldown,,,,False,False,0.0,0.0,0.0,0.0,0.0,0.0
392,1142.9,3517.9,0.61,44.5,0.8,1.348314606741573,0.010000000000000009,0.616,1.4200000000000002,36.4,0.16365274889911502,1.2000000000000455,False,,Transition/Cooldown,,,,False,False,0.0,0.0,0.0,0.0,0.0,0.0
393,1144.4,3518.8,0.59,59.5,0.9,1.0084033613445378,-0.020000000000000018,0.576,1.04,41.15,0.09766154707863578,1.5,False,,Transition/Cooldown,,,,False,False,0.0,0.0,0.0,0.0,51.144988508834366,7.7
394,1145.5,3519.6,0.56,51.5,0.7,1.1650485436893203,-0.029999999999999916,0.554,1.0299999999999998,41.7,0.06636598861208495,1.099999999999909,False,,Transition/Cooldown,,,,False,False,0.0,0.0,0.0,0.0,82.82299161626317,12.4
395,1147.3,3520.6,0.57,29.5,1.0,2.0338983050847457,0.009999999999999898,0.5469999999999999,1.06,39.55,0.059637795622253305,1.7999999999999545,False,,Transition/Cooldown,,,,False,False,0.0,0.0,0.0,0.0,89.63340590131483,13.4
396,1148.5,3521.4,0.59,58.5,0.9,1.0256410256410255,0.020000000000000018,0.5519999999999999,0.99,43.4,0.06106462878707973,1.2000000000000455,False,,Transition/Cooldown,,,,False,False,0.0,0.0,0.0,0.0,88.18913624632646,13.2
397,1150.3,3522.3,0.58,48.5,0.9,1.2371134020618557,-0.010000000000000009,0.567,1.02,44.8,0.04372896319645698,1.7999999999999545,False,,Transition/Cooldown,,,,False,False,0.0,0.0,0.0,0.0,100.0,15.0
398,1152.1,3523.4,0.53,25.0,1.1,2.4,-0.04999999999999993,0.574,1.05,42.1,0.027162065050224046,1.7999999999999545,False,,Transition/Cooldown,,,,False,False,0.0,0.0,0.0,0.0,100.0,15.0
399,1153.6,3524.2,0.51,41.0,0.8,1.4634146341463414,-0.020000000000000018,0.572,1.06,40.6,0.031198290551698028,1.5,False,,Transition/Cooldown,,,,False,False,0.0,0.0,0.0,0.0,100.0,15.0
400,1155.3,3525.3,0.56,32.0,1.1,1.875,0.050000000000000044,0.5700000000000001,0.9800000000000001,41.75,0.03126943839906031,1.7000000000000455,False,,Transition/Cooldown,,,,False,False,0.0,0.0,0.0,0.0,100.0,15.0
401,1156.4,3525.9,0.6,50.5,0.6,1.188118811881188,0.039999999999999925,0.57,0.8799999999999999,44.05,0.03126943839906031,1.1000000000001364,False,,Transition/Cooldown,,,,False,False,0.0,0.0,0.0,0.0,100.0,15.0
402,1158.1,3526.9,0.58,38.0,1.0,1.5789473684210527,-0.020000000000000018,0.567,0.9,43.4,0.028303906287401013,1.699999999999818,False,,Transition/Cooldown,,,,False,False,0.0,0.0,0.0,0.0,100.0,15.0
403,1160.7,3528.2,0.51,21.0,1.4,2.857142857142857,-0.06999999999999995,0.5589999999999999,0.95,39.55,0.03212821536028945,2.6000000000001364,False,,Transition/Cooldown,,,,False,False,0.0,0.0,0.0,0.0,100.0,15.0
405,1165.4,3530.1,0.48,21.5,1.4,2.7906976744186047,-0.030000000000000027,0.5509999999999999,1.02,36.55,0.04067486256226825,4.7000000000000455,False,,Transition/Cooldown,,,,False,False,0.0,0.0,0.0,0.0,100.0,15.0
406,1166.9,3530.3,0.36,24.5,0.2,2.4489795918367347,-0.12,0.53,0.9400000000000001,36.05,0.07195677714984793,1.5,False,,Transition/Cooldown,,,,False,False,0.0,0.0,0.0,0.0,77.16388133511815,11.6
