StrokeNumber,Time,Distance,Speed,StrokeRate,DistancePerStroke,StrokeDuration,SpeedChange,RollingSpeed,RollingDistancePerStroke,RollingStrokeRate,SpeedConsistency,TimeGap,IsRowing,SessionSegment,SessionPhase,SpeedDecline,DistancePerStrokeDecline,StrokeRateChange,FatigueSignal,FatigueConfirmed,FatigueSeverity,SpeedScore,DistancePerStrokeScore,RhythmScore,ConsistencyScore,StrokeScore
1,2.3,1.5,0.55,25.5,1.5,2.3529411764705883,,,,,,0.0,False,,Transition/Cooldown,,,,False,False,0.0,,,,100.0,
2,2.9,2.5,1.15,50.5,1.0,1.188118811881188,0.5999999999999999,,,,,0.6000000000000001,True,1,Rowing segment,,,,False,False,0.0,,,,100.0,
3,6.3,9.0,1.81,20.0,6.5,3.0,0.6600000000000001,,,,,3.4,True,1,Rowing segment,,,,False,False,0.0,,,,100.0,
4,9.3,17.3,2.32,20.0,8.3,3.0,0.5099999999999998,,,,,3.000000000000001,True,1,Rowing segment,,,,False,False,0.0,,,,100.0,
5,11.9,25.6,2.83,21.0,8.4,2.857142857142857,0.5100000000000002,1.732,5.140000000000001,27.4,0.907369825374417,2.5999999999999996,True,1,Rowing segment,0.48097093197482765,0.42569832402234625,0.2123893805309733,False,False,0.0,0.0,0.0,0.0,0.0,0.0
6,14.7,34.6,3.08,23.0,9.0,2.608695652173913,0.25,1.9566666666666668,5.783333333333334,26.666666666666668,0.9805644632897251,2.799999999999999,True,1,Rowing segment,0.41364499051043846,0.35381750465549333,0.1799410029498525,False,False,0.0,0.0,0.0,10.029498525073755,0.0,1.5
7,17.5,43.9,3.2,20.5,9.2,2.926829268292683,0.1200000000000001,2.1342857142857143,6.271428571428571,25.785714285714285,1.0109872591161762,2.8000000000000007,True,1,Rowing segment,0.3604178261055695,0.2992817238627294,0.1409608091024019,False,False,0.0,0.0,0.0,29.519595448799052,0.0,4.4
8,20.1,52.3,3.19,23.0,8.4,2.608695652173913,-0.010000000000000231,2.26625,6.5375,25.4375,1.007669695031916,2.6000000000000014,True,1,Rowing segment,0.3208720407551693,0.26955307262569833,0.12555309734513267,False,False,0.0,0.0,0.0,37.223451327433665,0.0,5.6
9,22.9,61.3,3.2,22.0,9.0,2.727272727272727,0.010000000000000231,2.37,6.811111111111111,25.055555555555557,0.9926479738557875,2.799999999999997,True,1,Rowing segment,0.2897812406353011,0.23898199875853504,0.10865290068829891,False,False,0.0,0.0,0.0,45.67354965585054,0.0,6.9
10,25.5,69.8,3.23,22.5,8.5,2.6666666666666665,0.029999999999999805,2.4560000000000004,6.9799999999999995,24.8,0.9745905123007647,2.6000000000000014,True,1,Rowing segment,0.2640095894516031,0.2201117318435754,0.09734513274336279,False,False,0.0,0.0,0.0,51.32743362831861,0.0,7.7
11,28.3,78.7,3.2,21.0,8.9,2.857142857142857,-0.029999999999999805,2.721,7.720000000000001,24.35,0.7277736217014495,2.8000000000000007,True,1,Rowing segment,0.18459694336230137,0.13743016759776522,0.07743362831858407,False,False,0.0,7.701528318849293,31.284916201117337,61.28318584070798,0.0,22.8
12,30.9,87.1,3.18,22.0,8.4,2.727272727272727,-0.020000000000000018,2.9240000000000004,8.459999999999999,21.5,0.48275137378249794,2.599999999999998,True,1,Rowing segment,0.12376385975427012,0.05474860335195533,0.04867256637168148,False,False,0.0,38.118070122864886,72.62569832402232,75.66371681415927,0.0,50.1
13,33.7,96.0,3.19,23.0,8.9,2.608695652173913,0.009999999999999787,3.062,8.7,21.8,0.28611574969271164,2.8000000000000043,True,1,Rowing segment,0.08240934971531313,0.02793296089385475,0.0353982300884956,False,False,0.0,58.79532514234342,86.03351955307258,82.3008849557522,0.0,63.0
14,36.5,105.0,3.23,21.0,9.0,2.857142857142857,0.040000000000000036,3.1529999999999996,8.77,21.9,0.12092697520955999,2.799999999999997,True,1,Rowing segment,0.05513934671860958,0.020111731843575387,0.030973451327433753,False,False,0.0,72.4303266406952,89.94413407821227,84.51327433628313,21.86564405416973,72.8
15,39.3,113.6,3.28,23.0,8.6,2.608695652173913,0.04999999999999982,3.198,8.790000000000001,22.1,0.05072803301265998,2.799999999999997,True,1,Rowing segment,0.04165418040155822,0.017877094972066857,0.022123893805309734,False,False,0.0,79.17290979922086,91.06145251396651,88.93805309734513,96.24852042142092,87.4
16,41.7,122.4,3.32,23.0,8.8,2.608695652173913,0.040000000000000036,3.222,8.77,22.1,0.045166359162546646,2.4000000000000057,True,1,Rowing segment,0.03446209169913089,0.020111731843575387,0.022123893805309734,False,False,0.0,82.76895415043455,89.94413407821227,88.93805309734513,100.0,88.8
17,44.3,131.0,3.29,23.5,8.6,2.5531914893617023,-0.029999999999999805,3.2310000000000003,8.709999999999999,22.4,0.04909175083453589,2.5999999999999943,True,1,Rowing segment,0.031765058435720535,0.026815642458100586,0.008849557522124019,False,False,0.0,84.1174707821397,86.5921787709497,95.57522123893798,97.98232681719186,88.8
18,46.9,139.6,3.25,23.0,8.6,2.608695652173913,-0.040000000000000036,3.2370000000000005,8.73,22.4,0.04715223571935358,2.6000000000000014,True,1,Rowing segment,0.029967036260113638,0.024581005586592052,0.008849557522124019,False,False,0.0,85.01648186994314,87.70949720670396,95.57522123893798,100.0,89.8
19,49.5,148.0,3.24,23.5,8.4,2.5531914893617023,-0.009999999999999787,3.2409999999999997,8.67,22.55,0.0453259797957484,2.6000000000000014,True,1,Rowing segment,0.028768354809709348,0.03128491620111725,0.0022123893805310046,False,False,0.0,85.61582259514533,84.35754189944134,98.89380530973449,100.0,89.3
20,51.9,156.0,3.22,23.5,8.0,2.5531914893617023,-0.020000000000000018,3.2400000000000007,8.620000000000001,22.65,0.045704364002675246,2.3999999999999986,True,1,Rowing segment,0.029068025172310188,0.036871508379888084,0.0022123893805308477,False,False,0.0,85.46598741384487,81.56424581005595,98.89380530973457,100.0,88.3
21,54.5,164.6,3.27,22.5,8.7,2.6666666666666665,0.04999999999999982,3.247,8.6,22.8,0.04423422506009125,2.6000000000000014,True,1,Rowing segment,0.026970332634102447,0.039106145251396614,0.008849557522123862,False,False,0.0,86.51483368294876,80.44692737430164,95.57522123893807,100.0,87.8
22,57.3,173.5,3.37,23.0,8.9,2.608695652173913,0.10000000000000009,3.2659999999999996,8.65,22.9,0.052323778320930686,2.799999999999997,True,1,Rowing segment,0.021276595744680906,0.03351955307262558,0.013274336283185714,False,False,0.0,89.36170212765953,83.24022346368719,93.36283185840715,94.55766693753519,88.6
23,59.7,182.3,3.44,24.5,8.9,2.4489795918367347,0.06999999999999984,3.2910000000000004,8.65,23.05,0.06903300337922169,2.4000000000000057,True,1,Rowing segment,0.013784836679652196,0.03351955307262558,0.01991150442477873,False,False,0.0,93.10758166017386,83.24022346368719,90.04424778761063,76.85255368643664,86.8
24,62.3,191.2,3.43,23.5,8.9,2.5531914893617023,-0.009999999999999787,3.311,8.64,23.3,0.07781031065639368,2.5999999999999943,True,1,Rowing segment,0.007791429427629548,0.03463687150837975,0.030973451327433597,False,False,0.0,96.1042852861852,82.68156424581008,84.5132743362832,67.55210924093487,85.4
25,64.7,199.4,3.39,24.5,8.2,2.4489795918367347,-0.040000000000000036,3.322,8.6,23.45,0.08066391179868913,2.4000000000000057,True,1,Rowing segment,0.0044950554390169855,0.039106145251396614,0.037610619469026454,False,False,0.0,97.75247228049149,80.44692737430164,81.19469026548678,64.5284303317364,84.2
26,67.3,208.0,3.35,23.0,8.6,2.608695652173913,-0.040000000000000036,3.325,8.58,23.45,0.08113774296425408,2.5999999999999943,True,1,Rowing segment,0.0035960443512135353,0.04134078212290494,0.037610619469026454,False,False,0.0,98.20197782439323,79.32960893854751,81.19469026548678,64.02635830751258,83.9
27,69.9,216.7,3.31,23.0,8.7,2.608695652173913,-0.040000000000000036,3.3270000000000004,8.59,23.4,0.08042249547096761,2.6000000000000085,True,1,Rowing segment,0.0029967036260111907,0.040223463687150775,0.03539823008849545,False,False,0.0,98.50164818699436,79.88826815642457,82.30088495575228,64.78423533813633,84.5
28,72.4,225.0,3.34,23.0,8.3,2.608695652173913,0.029999999999999805,3.336,8.56,23.4,0.07574812062208401,2.5,True,1,Rowing segment,0.00029967036260110575,0.04357541899441328,0.03539823008849545,False,False,0.0,99.85016481869941,78.21229050279332,82.30088495575228,69.73720806959795,85.1
29,75.3,234.2,3.4,23.5,9.3,2.5531914893617023,0.06000000000000005,3.3519999999999994,8.65,23.4,0.06988880056521525,2.8999999999999915,True,1,Rowing segment,-0.0044950554390169855,0.03351955307262558,0.03539823008849545,False,False,0.0,100.0,83.24022346368719,82.30088495575228,75.94575004682265,87.9
30,77.7,243.0,3.4,22.5,8.8,2.6666666666666665,0.0,3.37,8.73,23.3,0.053333333333332955,2.4000000000000057,True,1,Rowing segment,-0.009889121965837688,0.024581005586592052,0.030973451327433597,False,False,0.0,100.0,87.70949720670396,84.5132743362832,93.48794133593242,92.4
31,80.5,252.3,3.32,21.5,9.3,2.7906976744186047,-0.08000000000000007,3.375,8.790000000000001,23.2,0.044534630719624074,2.799999999999997,True,1,Rowing segment,-0.01138747377884335,0.017877094972066857,0.026548672566371584,False,False,0.0,100.0,91.06145251396651,86.72566371681421,100.0,94.9
32,83.1,261.0,3.25,23.0,8.7,2.608695652173913,-0.06999999999999984,3.3630000000000004,8.77,23.2,0.059637795622127426,2.5999999999999943,True,1,Rowing segment,-0.007791429427629814,0.020111731843575387,0.026548672566371584,False,False,0.0,100.0,89.94413407821227,86.72566371681421,86.80772616012446,92.5
33,85.7,269.8,3.28,23.0,8.7,2.608695652173913,0.029999999999999805,3.347,8.75,23.05,0.05812821078348185,2.6000000000000085,True,1,Rowing segment,-0.002996703626011457,0.02234636871508372,0.01991150442477873,False,False,0.0,100.0,88.82681564245809,90.04424778761063,88.4072839156231,92.9
34,88.3,278.6,3.34,22.0,8.9,2.727272727272727,0.06000000000000005,3.3379999999999996,8.75,22.9,0.05028805910838982,2.5999999999999943,True,1,Rowing segment,-0.00029967036260110575,0.02234636871508372,0.013274336283185714,False,False,0.0,100.0,88.82681564245809,93.36283185840715,96.71471725433544,94.6
35,91.3,288.6,3.35,21.0,10.0,2.857142857142857,0.010000000000000231,3.3339999999999996,8.930000000000001,22.55,0.04718756898449731,3.0,True,1,Rowing segment,0.0008990110878034504,0.002234636871508134,0.0022123893805310046,False,False,0.0,99.55049445609825,98.8826815642459,98.89380530973449,100.0,99.3
36,94.1,297.9,3.32,21.0,9.3,2.857142857142857,-0.03000000000000025,3.3310000000000004,9.0,22.35,0.04701063709417297,2.799999999999997,True,1,Rowing segment,0.0017980221756066345,-0.00558659217877103,0.011061946902654867,False,False,0.0,99.10098891219664,100.0,94.46902654867256,100.0,98.9
37,96.5,306.1,3.32,23.5,8.2,2.5531914893617023,0.0,3.332,8.95,22.4,0.04661902329879256,2.4000000000000057,True,1,Rowing segment,0.001498351813005662,0.0,0.008849557522124019,False,False,0.0,99.25082409349716,99.99999999999997,95.57522123893798,100.0,99.1
38,99.3,314.7,3.33,23.5,8.6,2.5531914893617023,0.010000000000000231,3.3310000000000004,8.98,22.45,0.04653553003411036,2.799999999999997,True,1,Rowing segment,0.0017980221756066345,-0.0033519553072626973,0.006637168141593014,False,False,0.0,99.10098891219664,100.0,96.6814159292035,100.0,99.2
39,101.7,323.7,3.4,23.5,9.0,2.5531914893617023,0.06999999999999984,3.3310000000000004,8.95,22.45,0.04653553003411036,2.4000000000000057,True,1,Rowing segment,0.0017980221756066345,0.0,0.006637168141593014,False,False,0.0,99.10098891219664,99.99999999999997,96.6814159292035,100.0,99.2
40,104.3,332.8,3.45,23.0,9.1,2.608695652173913,0.050000000000000266,3.336,8.98,22.5,0.05641118880348346,2.5999999999999943,True,1,Rowing segment,0.00029967036260110575,-0.0033519553072626973,0.004424778761062009,False,False,0.0,99.85016481869941,100.0,97.78761061946899,90.2266422942699,98.1
41,106.9,342.1,3.46,22.5,9.3,2.6666666666666665,0.009999999999999787,3.35,8.98,22.6,0.06815016100086972,2.6000000000000085,True,1,Rowing segment,-0.003895714713814907,-0.0033519553072626973,0.0,False,False,0.0,100.0,100.0,100.0,77.78801444162198,96.7
42,109.5,351.3,3.5,23.5,9.3,2.5531914893617023,0.040000000000000036,3.375,9.040000000000001,22.65,0.07306770072260987,2.5999999999999943,True,1,Rowing segment,-0.01138747377884335,-0.010055865921787893,0.0022123893805308477,False,False,0.0,100.0,100.0,98.89380530973457,72.57738394341203,95.7
43,112.3,361.1,3.51,22.5,9.7,2.6666666666666665,0.009999999999999787,3.3979999999999997,9.14,22.6,0.07598245411496857,2.799999999999997,True,1,Rowing segment,-0.018279892118669448,-0.021229050279329753,0.0,False,False,0.0,100.0,100.0,100.0,69.48890804278204,95.4
44,114.9,370.1,3.44,21.5,9.0,2.7906976744186047,-0.06999999999999984,3.408,9.15,22.55,0.07405703507732678,2.6000000000000085,True,1,Rowing segment,-0.021276595744680906,-0.02234636871508392,0.0022123893805310046,False,False,0.0,100.0,100.0,98.89380530973449,71.52908417293442,95.6
45,118.1,380.3,3.31,19.5,10.2,3.076923076923077,-0.1299999999999999,3.404,9.169999999999998,22.4,0.07848566748139413,3.1999999999999886,True,1,Rowing segment,-0.02007791429427635,-0.024581005586592052,0.008849557522124019,False,False,0.0,100.0,100.0,95.57522123893798,66.8365004063048,94.4
46,120.5,388.5,3.25,23.0,8.2,2.608695652173913,-0.06000000000000005,3.397,9.059999999999999,22.6,0.08920014947670565,2.4000000000000057,True,1,Rowing segment,-0.01798022175606834,-0.012290502793296026,0.0,False,False,0.0,100.0,100.0,100.0,55.48342349866458,93.3
47,123.3,397.3,3.32,21.5,8.8,2.7906976744186047,0.06999999999999984,3.397,9.12,22.4,0.08920014947670565,2.799999999999997,True,1,Rowing segment,-0.01798022175606834,-0.018994413407821223,0.008849557522124019,False,False,0.0,100.0,100.0,95.57522123893798,55.48342349866458,92.7
48,126.3,406.9,3.36,22.0,9.6,2.727272727272727,0.040000000000000036,3.4,9.22,22.25,0.08717797887081329,3.0,True,1,Rowing segment,-0.01887923284387179,-0.03016759776536328,0.015486725663716876,False,False,0.0,100.0,100.0,92.25663716814157,57.626117696957266,92.5
49,128.9,416.2,3.33,22.0,9.3,2.727272727272727,-0.029999999999999805,3.393,9.25,22.1,0.08994442728707527,2.6000000000000085,True,1,Rowing segment,-0.016781540305663787,-0.03351955307262578,0.022123893805309734,False,False,0.0,100.0,100.0,88.93805309734513,54.6947859121276,91.5
50,131.7,425.6,3.3,21.0,9.3,2.857142857142857,-0.03000000000000025,3.378,9.27,21.9,0.09186947262284668,2.799999999999983,True,1,Rowing segment,-0.0122864848666468,-0.03575418994413411,0.030973451327433753,False,False,0.0,100.0,100.0,84.51327433628313,52.65500575688814,90.6
51,134.3,434.2,3.24,22.0,8.7,2.727272727272727,-0.05999999999999961,3.3560000000000003,9.209999999999999,21.85,0.09628660919936417,2.6000000000000227,True,1,Rowing segment,-0.005693736889421808,-0.02905027932960892,0.0331858407079646,False,False,0.0,100.0,100.0,83.4070796460177,47.974602981775206,89.7
52,137.1,443.5,3.23,21.0,9.3,2.857142857142857,-0.010000000000000231,3.3289999999999997,9.209999999999999,21.6,0.08900062421753609,2.799999999999983,True,1,Rowing segment,0.0023973629008091123,-0.02905027932960892,0.04424778761061947,False,False,0.0,98.8013185495954,100.0,77.87610619469027,55.69484068274871,89.6
53,139.9,452.9,3.27,21.5,9.4,2.7906976744186047,0.040000000000000036,3.3050000000000006,9.18,21.5,0.06346477588219893,2.8000000000000114,True,1,Rowing segment,0.009589451603236184,-0.025698324022346418,0.04867256637168148,False,False,0.0,95.20527419838186,100.0,75.66371681415927,82.7526536670609,92.1
54,142.7,462.2,3.29,22.5,9.3,2.6666666666666665,0.020000000000000018,3.29,9.209999999999999,21.6,0.0421637021355778,2.799999999999983,True,1,Rowing segment,0.014084507042253435,-0.02905027932960892,0.04424778761061947,False,False,0.0,92.95774647887328,100.0,77.87610619469027,100.0,94.2
55,145.7,472.5,3.37,19.5,10.3,3.076923076923077,0.08000000000000007,3.2960000000000003,9.220000000000002,21.6,0.049035134795821646,3.0,True,1,Rowing segment,0.012286484866646534,-0.030167597765363482,0.04424778761061947,False,False,0.0,93.8567575666767,100.0,77.87610619469027,98.04231723408836,94.2
56,148.3,481.6,3.42,23.0,9.0,2.608695652173913,0.04999999999999982,3.3129999999999997,9.3,21.6,0.05963779562212724,2.6000000000000227,True,1,Rowing segment,0.007192088702427337,-0.03910614525139681,0.04424778761061947,False,False,0.0,96.40395564878628,100.0,77.87610619469027,86.80772616012466,93.4
57,151.1,491.0,3.4,21.5,9.5,2.7906976744186047,-0.020000000000000018,3.321,9.37,21.6,0.06573515886579309,2.799999999999983,True,1,Rowing segment,0.004794725801618092,-0.04692737430167598,0.04424778761061947,False,False,0.0,97.60263709919091,100.0,77.87610619469027,80.34695336033386,92.9
58,153.9,500.5,3.37,21.5,9.5,2.7906976744186047,-0.029999999999999805,3.322,9.36,21.55,0.06646636576327704,2.8000000000000114,True,1,Rowing segment,0.0044950554390169855,-0.04581005586592181,0.04646017699115047,False,False,0.0,97.75247228049149,100.0,76.76991150442475,79.57216572746792,92.7
59,156.4,508.9,3.39,22.5,8.4,2.6666666666666665,0.020000000000000018,3.3280000000000003,9.27,21.6,0.06988880056521499,2.5,True,1,Rowing segment,0.002697033263410085,-0.03575418994413411,0.04424778761061947,False,False,0.0,98.65148336829493,100.0,77.87610619469027,75.94575004682294,92.6
60,159.3,518.4,3.44,23.0,9.4,2.608695652173913,0.04999999999999982,3.342,9.280000000000001,21.8,0.07728734264634339,2.9000000000000057,True,1,Rowing segment,-0.001498351813005795,-0.03687150837988848,0.0353982300884956,False,False,0.0,100.0,100.0,82.3008849557522,68.10624671962348,92.6
61,161.7,527.3,3.48,23.0,9.0,2.608695652173913,0.040000000000000036,3.3660000000000005,9.31,21.9,0.07933053216343194,2.3999999999999773,True,1,Rowing segment,-0.008690440515433264,-0.040223463687150976,0.030973451327433753,False,False,0.0,100.0,100.0,84.51327433628313,65.94128085990755,92.6
62,164.3,536.2,3.44,23.0,8.9,2.608695652173913,-0.040000000000000036,3.3869999999999996,9.27,22.1,0.06600505031182582,2.6000000000000227,True,1,Rowing segment,-0.014983518130056885,-0.03575418994413411,0.022123893805309734,False,False,0.0,100.0,100.0,88.93805309734513,80.06097608725014,95.3
63,166.9,545.0,3.35,23.0,8.8,2.608695652173913,-0.08999999999999986,3.3950000000000005,9.21,22.25,0.05400617248673217,2.5999999999999943,True,1,Rowing segment,-0.017380881030866265,-0.029050279329609116,0.015486725663716876,False,False,0.0,100.0,100.0,92.25663716814157,92.77500022890032,97.8
64,169.7,554.3,3.34,23.0,9.3,2.608695652173913,-0.010000000000000231,3.4,9.21,22.3,0.04472135954999586,2.799999999999983,True,1,Rowing segment,-0.01887923284387179,-0.029050279329609116,0.013274336283185872,False,False,0.0,100.0,100.0,93.36283185840706,100.0,99.0
65,172.1,562.6,3.36,23.0,8.3,2.608695652173913,0.020000000000000018,3.399,9.010000000000002,22.65,0.04557045826702507,2.4000000000000057,True,1,Rowing segment,-0.018579562481270687,-0.0067039106145253945,0.0022123893805308477,False,False,0.0,100.0,100.0,98.89380530973457,100.0,99.8
66,174.7,571.7,3.4,23.0,9.0,2.608695652173913,0.040000000000000036,3.397,9.01,22.65,0.04498147766951791,2.5999999999999943,True,1,Rowing segment,-0.01798022175606834,-0.006703910614525196,0.0022123893805308477,False,False,0.0,100.0,100.0,98.89380530973457,100.0,99.8
67,177.4,580.5,3.42,22.5,8.9,2.6666666666666665,0.020000000000000018,3.399,8.95,22.75,0.04557045826702507,2.700000000000017,True,1,Rowing segment,-0.018579562481270687,0.0,0.006637168141592857,False,False,0.0,100.0,99.99999999999997,96.68141592920357,100.0,99.5
68,180.3,589.6,3.38,23.0,9.1,2.608695652173913,-0.040000000000000036,3.4,8.91,22.9,0.04496912521077357,2.9000000000000057,True,1,Rowing segment,-0.01887923284387179,0.004469273743016665,0.013274336283185714,False,False,0.0,100.0,97.76536312849164,93.36283185840715,100.0,98.2
69,182.7,598.5,3.37,23.0,8.9,2.608695652173913,-0.009999999999999787,3.3979999999999997,8.96,22.95,0.04589843860815607,2.3999999999999773,True,1,Rowing segment,-0.018279892118669448,-0.0011173184357543646,0.015486725663716719,False,False,0.0,100.0,100.0,92.25663716814164,100.0,98.8
70,185.3,607.4,3.37,23.0,8.9,2.608695652173913,0.0,3.3910000000000005,8.91,22.95,0.04408325456829757,2.6000000000000227,True,1,Rowing segment,-0.016182199580461708,0.004469273743016665,0.015486725663716719,False,False,0.0,100.0,97.76536312849164,92.25663716814164,100.0,98.1
71,187.9,616.3,3.37,23.5,8.9,2.5531914893617023,0.0,3.38,8.9,23.0,0.031269438398822645,2.5999999999999943,True,1,Rowing segment,-0.012885825591849013,0.005586592178770831,0.017699115044247725,False,False,0.0,100.0,97.20670391061458,91.15044247787614,100.0,97.7
72,190.9,626.4,3.39,19.5,10.1,3.076923076923077,0.020000000000000018,3.375,9.02,22.65,0.023687784005919522,3.0,True,1,Rowing segment,-0.01138747377884335,-0.007821229050279361,0.0022123893805308477,False,False,0.0,100.0,100.0,98.89380530973457,100.0,99.8
73,193.7,635.6,3.35,22.5,9.2,2.6666666666666665,-0.040000000000000036,3.375,9.059999999999999,22.6,0.023687784005919522,2.799999999999983,True,1,Rowing segment,-0.01138747377884335,-0.012290502793296026,0.0,False,False,0.0,100.0,100.0,100.0,100.0,100.0
74,196.1,643.8,3.31,23.0,8.3,2.608695652173913,-0.040000000000000036,3.372,8.959999999999999,22.6,0.029739610697593725,2.4000000000000057,True,1,Rowing segment,-0.0104884626910399,-0.0011173184357541662,0.0,False,False,0.0,100.0,100.0,100.0,100.0,100.0
75,198.9,653.3,3.36,23.0,9.4,2.608695652173913,0.04999999999999982,3.372,9.07,22.6,0.029739610697593725,2.8000000000000114,True,1,Rowing segment,-0.0104884626910399,-0.013407821229050392,0.0,False,False,0.0,100.0,100.0,100.0,100.0,100.0
76,201.5,662.1,3.4,21.5,8.9,2.7906976744186047,0.040000000000000036,3.372,9.06,22.45,0.029739610697593725,2.5999999999999943,True,1,Rowing segment,-0.0104884626910399,-0.012290502793296226,0.006637168141593014,False,False,0.0,100.0,100.0,96.6814159292035,100.0,99.5
77,204.3,670.8,3.38,22.5,8.7,2.6666666666666665,-0.020000000000000018,3.368,9.04,22.45,0.02485513584307614,2.8000000000000114,True,1,Rowing segment,-0.009289781240635344,-0.010055865921787694,0.006637168141593014,False,False,0.0,100.0,100.0,96.6814159292035,100.0,99.5
78,206.9,680.1,3.38,22.5,9.3,2.6666666666666665,0.0,3.368,9.06,22.4,0.02485513584307614,2.5999999999999943,True,1,Rowing segment,-0.009289781240635344,-0.012290502793296226,0.008849557522124019,False,False,0.0,100.0,100.0,95.57522123893798,100.0,99.3
79,209.7,689.5,3.39,22.5,9.4,2.6666666666666665,0.010000000000000231,3.37,9.11,22.35,0.02581988897471593,2.799999999999983,True,1,Rowing segment,-0.009889121965837688,-0.017877094972067055,0.011061946902654867,False,False,0.0,100.0,100.0,94.46902654867256,100.0,99.2
80,212.3,698.2,3.34,23.0,8.7,2.608695652173913,-0.050000000000000266,3.367,9.09,22.35,0.027507574714370195,2.6000000000000227,True,1,Rowing segment,-0.008990110878034238,-0.015642458100558723,0.011061946902654867,False,False,0.0,100.0,100.0,94.46902654867256,100.0,99.2
81,214.9,706.9,3.29,23.0,8.6,2.608695652173913,-0.04999999999999982,3.3590000000000004,9.059999999999999,22.3,0.03665151201974244,2.5999999999999943,True,1,Rowing segment,-0.0065927479772252585,-0.012290502793296026,0.013274336283185872,False,False,0.0,100.0,100.0,93.36283185840706,100.0,99.0
82,217.5,715.5,3.29,23.0,8.6,2.608695652173913,0.0,3.349,8.91,22.65,0.04067486256208417,2.5999999999999943,True,1,Rowing segment,-0.0035960443512138016,0.004469273743016665,0.0022123893805308477,False,False,0.0,100.0,97.76536312849164,98.89380530973457,100.0,99.1
83,220.1,724.2,3.31,23.0,8.7,2.608695652173913,0.020000000000000018,3.3449999999999998,8.86,22.7,0.0424918292799398,2.5999999999999943,True,1,Rowing segment,-0.0023973629008091123,0.010055865921787694,0.004424778761061852,False,False,0.0,100.0,94.97206703910615,97.78761061946908,100.0,97.9
84,222.9,733.4,3.3,21.5,9.2,2.7906976744186047,-0.010000000000000231,3.344,8.95,22.55,0.043512450325548555,2.8000000000000114,True,1,Rowing segment,-0.0020976925382080063,0.0,0.0022123893805310046,False,False,0.0,100.0,99.99999999999997,98.89380530973449,100.0,99.8
85,225.5,741.6,3.29,23.5,8.2,2.5531914893617023,-0.009999999999999787,3.3369999999999997,8.83,22.6,0.04620004810002307,2.5999999999999943,True,1,Rowing segment,0.0,0.013407821229050192,0.0,False,False,0.0,99.99999999999997,93.2960893854749,100.0,100.0,97.7
86,227.9,750.3,3.38,23.5,8.8,2.5531914893617023,0.08999999999999986,3.335,8.819999999999999,22.8,0.04352521619066868,2.4000000000000057,True,1,Rowing segment,0.0005993407252022115,0.014525139664804558,0.008849557522123862,False,False,0.0,99.7003296373989,92.73743016759771,95.57522123893807,100.0,96.7
87,230.3,758.3,3.3,31.5,8.0,1.9047619047619047,-0.08000000000000007,3.3269999999999995,8.75,23.7,0.04164666186436134,2.4000000000000057,True,1,Rowing segment,0.002996703626011457,0.02234636871508372,0.04867256637168132,False,False,0.0,98.50164818699426,88.82681564245809,75.66371681415934,100.0,91.9
88,231.3,760.7,3.31,45.0,2.4,1.3333333333333333,0.010000000000000231,3.3200000000000003,8.059999999999999,25.95,0.03741657386773949,1.0,True,1,Rowing segment,0.0050943961642191974,0.09944134078212298,0.14823008849557512,False,False,0.0,97.45280191789035,50.2793296089385,25.884955752212445,100.0,70.6
89,233.7,769.3,3.36,23.0,8.5,2.608695652173913,0.04999999999999982,3.317,7.970000000000001,26.0,0.03198958163736021,2.3999999999999773,True,1,Rowing segment,0.005993407252022648,0.10949720670391047,0.15044247787610612,False,False,0.0,97.00329637398862,45.251396648044725,24.77876106194694,100.0,68.5
90,236.3,777.8,3.25,23.5,8.6,2.5531914893617023,-0.10999999999999988,3.308,7.959999999999999,26.05,0.03705851229249954,2.6000000000000227,True,1,Rowing segment,0.008690440515432999,0.11061452513966484,0.15265486725663713,False,False,0.0,95.65477974228347,44.69273743016755,23.672566371681437,100.0,67.7
91,238.9,786.6,3.26,23.0,8.8,2.608695652173913,0.009999999999999787,3.3049999999999997,7.980000000000001,26.05,0.039791121287711236,2.5999999999999943,True,1,Rowing segment,0.00958945160323645,0.10837988826815621,0.15265486725663713,False,False,0.0,95.20527419838176,45.810055865921846,23.672566371681437,100.0,67.9
92,241.5,795.2,3.29,23.0,8.7,2.608695652173913,0.03000000000000025,3.3049999999999997,7.989999999999999,26.05,0.03979112128771123,2.5999999999999943,True,1,Rowing segment,0.00958945160323645,0.10726256983240223,0.15265486725663713,False,False,0.0,95.20527419838176,46.368715083798854,23.672566371681437,100.0,68.1
93,244.1,803.8,3.31,23.5,8.6,2.5531914893617023,0.020000000000000018,3.3049999999999997,7.9799999999999995,26.1,0.03979112128771123,2.5999999999999943,True,1,Rowing segment,0.00958945160323645,0.10837988826815641,0.15486725663716813,False,False,0.0,95.20527419838176,45.81005586592179,22.56637168141594,100.0,67.7
94,246.7,812.5,3.33,23.5,8.7,2.5531914893617023,0.020000000000000018,3.308,7.93,26.3,0.040496913462633274,2.5999999999999943,True,1,Rowing segment,0.008690440515432999,0.11396648044692734,0.16371681415929198,False,False,0.0,95.65477974228347,43.01675977653629,18.14159292035401,100.0,66.3
95,249.3,820.9,3.39,23.0,8.4,2.608695652173913,0.06000000000000005,3.318,7.95,26.25,0.047328638264796836,2.6000000000000227,True,1,Rowing segment,0.005693736889421542,0.1117318435754189,0.16150442477876098,False,False,0.0,97.1531315552892,44.13407821229054,19.247787610619515,99.85052283542528,67.3
96,251.7,829.7,3.43,23.5,8.9,2.5531914893617023,0.040000000000000036,3.3229999999999995,7.960000000000001,26.25,0.05638163609624038,2.3999999999999773,True,1,Rowing segment,0.004195385076416013,0.11061452513966463,0.16150442477876098,False,False,0.0,97.90230746179195,44.692737430167654,19.247787610619515,90.2579563753712,66.3
97,254.3,838.6,3.4,23.0,8.9,2.608695652173913,-0.03000000000000025,3.3329999999999997,8.05,25.4,0.06056218108504465,2.6000000000000227,True,1,Rowing segment,0.0011986814504045562,0.10055865921787695,0.12389380530973439,False,False,0.0,99.40065927479768,49.72067039106148,38.05309734513281,85.82824630683841,70.8
98,256.9,847.5,3.37,23.5,8.9,2.5531914893617023,-0.029999999999999805,3.339,8.7,23.25,0.06100091074001321,2.599999999999966,True,1,Rowing segment,-0.0005993407252023446,0.02793296089385475,0.02876106194690259,False,False,0.0,100.0,86.03351955307258,85.61946902654871,85.36336788185248,90.8
99,259.5,856.4,3.4,23.0,8.9,2.608695652173913,0.029999999999999805,3.343,8.74,23.25,0.06377913277693349,2.6000000000000227,True,1,Rowing segment,-0.0017980221756069008,0.023463687150837888,0.02876106194690259,False,False,0.0,100.0,88.26815642458102,85.61946902654871,82.41956075562288,91.1
100,262.1,865.3,3.41,23.5,8.9,2.5531914893617023,0.010000000000000231,3.3590000000000004,8.77,23.25,0.05762908216439856,2.6000000000000227,True,1,Rowing segment,-0.0065927479772252585,0.020111731843575387,0.02876106194690259,False,False,0.0,100.0,89.94413407821227,85.61946902654871,88.9361611494209,92.7
101,264.6,873.7,3.41,23.5,8.4,2.5531914893617023,0.0,3.374,8.73,23.3,0.047656176001762376,2.5,True,1,Rowing segment,-0.011087803416242244,0.024581005586592052,0.030973451327433597,False,False,0.0,100.0,87.70949720670396,84.5132743362832,99.50346348906105,93.3
102,267.3,882.9,3.5,23.0,9.1,2.608695652173913,0.08999999999999986,3.3950000000000005,8.77,23.3,0.05254627590144599,2.6999999999999886,True,1,Rowing segment,-0.017380881030866265,0.020111731843575387,0.030973451327433597,False,False,0.0,100.0,89.94413407821227,84.5132743362832,94.32190825648468,93.3
103,269.9,892.5,3.54,23.0,9.6,2.608695652173913,0.040000000000000036,3.418,8.87,23.25,0.06088240030309556,2.599999999999966,True,1,Rowing segment,-0.02427329937069236,0.008938547486033527,0.02876106194690259,False,False,0.0,100.0,95.53072625698321,85.61946902654871,85.48894167116613,94.1
104,272.7,901.9,3.41,21.0,9.3,2.857142857142857,-0.1299999999999999,3.4259999999999997,8.930000000000001,23.0,0.05274677451960358,2.8000000000000114,True,1,Rowing segment,-0.02667066227150134,0.002234636871508134,0.017699115044247725,False,False,0.0,100.0,98.8826815642459,91.15044247787614,94.10945970014618,97.4
105,275.3,910.3,3.26,22.0,8.5,2.727272727272727,-0.15000000000000036,3.4129999999999994,8.940000000000001,22.9,0.07424434134815894,2.6000000000000227,True,1,Rowing segment,-0.022774947557686432,0.0011173184357539678,0.013274336283185714,False,False,0.0,100.0,99.44134078212296,93.36283185840715,71.33061424233289,94.5
106,278.1,919.1,3.16,23.5,8.8,2.5531914893617023,-0.09999999999999964,3.386,8.93,22.9,0.1085459452131769,2.8000000000000114,True,1,Rowing segment,-0.014683847767455913,0.0022346368715083324,0.013274336283185714,False,False,0.0,100.0,98.88268156424577,93.36283185840715,34.98459705686696,88.9
107,280.7,927.8,3.19,21.0,8.7,2.857142857142857,0.029999999999999805,3.3649999999999998,8.91,22.7,0.12465507967543367,2.599999999999966,True,1,Rowing segment,-0.008390770152831893,0.004469273743016665,0.004424778761061852,False,False,0.0,100.0,97.76536312849164,97.78761061946908,17.91534046139671,86.6
108,283.3,936.5,3.27,23.0,8.7,2.608695652173913,0.08000000000000007,3.3549999999999995,8.89,22.65,0.1281708928648686,2.6000000000000227,True,1,Rowing segment,-0.0053940665268204365,0.006703910614524997,0.0022123893805308477,False,False,0.0,100.0,96.64804469273747,98.89380530973457,14.189980938648251,85.8
109,286.1,945.7,3.29,22.5,9.2,2.6666666666666665,0.020000000000000018,3.344,8.919999999999998,22.6,0.1285992915135136,2.8000000000000114,True,1,Rowing segment,-0.0020976925382080063,0.0033519553072626973,0.0,False,False,0.0,100.0,98.32402234636861,100.0,13.736049259326366,86.5
110,288.7,954.2,3.28,21.5,8.6,2.7906976744186047,-0.010000000000000231,3.3310000000000004,8.89,22.4,0.12775410408715251,2.599999999999966,True,1,Rowing segment,0.0017980221756066345,0.006703910614524997,0.008849557522124019,False,False,0.0,99.10098891219664,96.64804469273747,95.57522123893798,14.631610785963556,85.0
111,291.4,962.7,3.24,22.5,8.5,2.6666666666666665,-0.03999999999999959,3.314,8.9,22.3,0.1273839340995032,2.6999999999999886,True,1,Rowing segment,0.006892418339826098,0.005586592178770831,0.013274336283185872,False,False,0.0,96.55379083008691,97.20670391061458,93.36283185840706,15.023843312045738,84.1
112,294.3,971.6,3.25,23.0,8.9,2.608695652173913,0.009999999999999787,3.289,8.879999999999999,22.3,0.11019679366176342,2.900000000000034,True,1,Rowing segment,0.01438417740485454,0.007821229050279361,0.013274336283185872,False,False,0.0,92.8079112975727,96.08938547486028,93.36283185840706,33.235356224891824,85.1
113,297.3,981.4,3.27,20.0,9.8,3.0,0.020000000000000018,3.2620000000000005,8.9,22.0,0.06613118276073174,3.0,True,1,Rowing segment,0.022475277195085196,0.005586592178770831,0.026548672566371743,False,False,0.0,88.76236140245734,97.20670391061458,86.72566371681413,79.92732600564987,90.1
114,299.7,989.9,3.27,23.5,8.5,2.5531914893617023,0.0,3.2479999999999998,8.819999999999999,22.25,0.04157990967870038,2.3999999999999773,True,1,Rowing segment,0.02667066227150134,0.014525139664804558,0.015486725663716876,False,False,0.0,86.66466886424928,92.73743016759771,92.25663716814157,100.0,91.6
115,302.3,998.6,3.26,23.5,8.6,2.5531914893617023,-0.010000000000000231,3.2479999999999998,8.83,22.4,0.04157990967870038,2.6000000000000227,True,1,Rowing segment,0.02667066227150134,0.013407821229050192,0.008849557522124019,False,False,0.0,86.66466886424928,93.2960893854749,95.57522123893798,100.0,92.3
116,304.9,1007.3,3.3,23.0,8.8,2.608695652173913,0.040000000000000036,3.2619999999999996,8.83,22.35,0.03084008934992037,2.599999999999966,True,1,Rowing segment,0.02247527719508546,0.013407821229050192,0.011061946902654867,False,False,0.0,88.76236140245724,93.2960893854749,94.46902654867256,100.0,92.9
117,307.5,1015.9,3.32,22.5,8.6,2.6666666666666665,0.020000000000000018,3.275,8.819999999999999,22.5,0.023687784005918432,2.6000000000000227,True,1,Rowing segment,0.018579562481270552,0.014525139664804558,0.004424778761062009,False,False,0.0,90.7102187593647,92.73743016759771,97.78761061946899,100.0,93.9
118,310.3,1025.0,3.26,20.5,9.1,2.926829268292683,-0.06000000000000005,3.2739999999999996,8.860000000000001,22.25,0.024129281427803833,2.8000000000000114,True,1,Rowing segment,0.01887923284387179,0.010055865921787496,0.015486725663716876,False,False,0.0,90.56038357806405,94.97206703910621,92.25663716814157,100.0,93.8
119,313.1,1033.9,3.2,23.0,8.9,2.608695652173913,-0.05999999999999961,3.2649999999999997,8.830000000000002,22.3,0.03274480450731337,2.8000000000000114,True,1,Rowing segment,0.02157626610728201,0.013407821229049995,0.013274336283185872,False,False,0.0,89.21186694635895,93.29608938547496,93.36283185840706,100.0,92.9
120,315.7,1042.4,3.22,23.0,8.5,2.608695652173913,0.020000000000000018,3.2589999999999995,8.819999999999999,22.45,0.03510302297840142,2.599999999999966,True,1,Rowing segment,0.02337428828288891,0.014525139664804558,0.006637168141593014,False,False,0.0,88.31285585855554,92.73743016759771,96.6814159292035,100.0,92.9
121,318.3,1050.5,3.29,23.5,8.1,2.5531914893617023,0.06999999999999984,3.2640000000000002,8.78,22.55,0.03565264521898845,2.6000000000000227,True,1,Rowing segment,0.021875936469882982,0.018994413407821223,0.0022123893805310046,False,False,0.0,89.06203176505849,90.50279329608934,98.89380530973449,100.0,92.7
122,320.7,1059.3,3.39,23.0,8.8,2.608695652173913,0.10000000000000009,3.278,8.77,22.55,0.05287301349039499,2.3999999999999773,True,1,Rowing segment,0.017680551393467102,0.020111731843575387,0.0022123893805310046,False,False,0.0,91.1597243032664,89.94413407821227,98.89380530973449,93.97569674783888,92.3
123,323.9,1070.0,3.38,19.5,10.6,3.076923076923077,-0.010000000000000231,3.289,8.85,22.5,0.06172519744804321,3.1999999999999886,True,1,Rowing segment,0.01438417740485454,0.01117318435754186,0.004424778761062009,False,False,0.0,92.8079112975727,94.41340782122903,97.78761061946899,84.59591288934381,92.9
124,326.5,1078.4,3.26,23.0,8.4,2.608695652173913,-0.1200000000000001,3.2880000000000003,8.84,22.45,0.06214677966091361,2.6000000000000227,True,1,Rowing segment,0.014683847767455646,0.012290502793296026,0.006637168141593014,False,False,0.0,92.65807611627213,93.85474860335196,96.6814159292035,84.14920391286644,92.4
125,329.1,1087.2,3.24,23.5,8.9,2.5531914893617023,-0.019999999999999574,3.286,8.870000000000001,22.45,0.06345602151621695,2.6000000000000227,True,1,Rowing segment,0.01528318849265799,0.00893854748603333,0.006637168141593014,False,False,0.0,92.358405753671,95.53072625698334,96.6814159292035,82.76192980288477,92.7
126,331.7,1096.7,3.44,23.0,9.4,2.608695652173913,0.19999999999999973,3.3,8.93,22.45,0.08013876853447481,2.599999999999966,True,1,Rowing segment,0.01108780341624211,0.0022346368715083324,0.006637168141593014,False,False,0.0,94.45609829187889,98.88268156424577,96.6814159292035,65.0848727121299,91.9
127,334.1,1105.0,3.52,23.5,8.4,2.5531914893617023,0.08000000000000007,3.3199999999999994,8.91,22.55,0.10635370755695829,2.400000000000034,True,1,Rowing segment,0.005094396164219464,0.004469273743016665,0.0022123893805310046,False,False,0.0,97.45280191789024,97.76536312849164,98.89380530973449,37.30749448875081,88.8
128,337.1,1114.8,3.39,23.0,9.7,2.608695652173913,-0.1299999999999999,3.3329999999999997,8.97,22.8,0.10614978934400983,3.0,True,1,Rowing segment,0.0011986814504045562,-0.002234636871508531,0.008849557522123862,False,False,0.0,99.40065927479768,100.0,95.57522123893807,37.523566451491085,89.8
129,339.6,1122.7,3.29,21.5,7.9,2.7906976744186047,-0.10000000000000009,3.342,8.870000000000001,22.65,0.09704523572941468,2.5,True,1,Rowing segment,-0.001498351813005795,0.00893854748603333,0.0022123893805308477,False,False,0.0,100.0,95.53072625698334,98.89380530973457,47.17076147608148,90.3
130,342.4,1130.9,3.2,22.0,8.2,2.727272727272727,-0.08999999999999986,3.34,8.84,22.55,0.09999999999999941,2.7999999999999545,True,1,Rowing segment,-0.0008990110878034504,0.012290502793296026,0.0022123893805310046,False,False,0.0,100.0,93.85474860335196,98.89380530973449,44.03989000487316,89.3
131,344.9,1139.9,3.23,23.0,9.0,2.608695652173913,0.029999999999999805,3.3340000000000005,8.93,22.5,0.10500793620801498,2.5,True,1,Rowing segment,0.0008990110878031842,0.0022346368715083324,0.004424778761062009,False,False,0.0,99.55049445609838,98.88268156424577,97.78761061946899,38.73347529037405,89.9
132,347.5,1148.5,3.28,22.5,8.6,2.6666666666666665,0.04999999999999982,3.3229999999999995,8.91,22.45,0.1042486344168481,2.6000000000000227,True,1,Rowing segment,0.004195385076416013,0.004469273743016665,0.006637168141593014,False,False,0.0,97.90230746179195,97.76536312849164,96.6814159292035,39.538032303489445,88.9
133,350.3,1157.6,3.24,22.0,9.1,2.727272727272727,-0.03999999999999959,3.309,8.760000000000002,22.7,0.10514011814927873,2.8000000000000114,True,1,Rowing segment,0.00839077015283176,0.021229050279329358,0.004424778761061852,False,False,0.0,95.80461492358411,89.38547486033531,97.78761061946908,38.59341516001729,85.3
134,353.3,1167.2,3.2,19.5,9.6,3.076923076923077,-0.040000000000000036,3.303,8.879999999999999,22.35,0.1098534377148827,3.0,True,1,Rowing segment,0.01018879232843866,0.007821229050279361,0.011061946902654867,False,False,0.0,94.90560383578067,96.08938547486028,94.46902654867256,33.59917656388145,86.1
135,355.9,1175.3,3.12,23.0,8.1,2.608695652173913,-0.08000000000000007,3.2910000000000004,8.8,22.3,0.12323870243465566,2.599999999999966,True,1,Rowing segment,0.013784836679652196,0.016759776536312693,0.013274336283185872,False,False,0.0,93.10758166017386,91.62011173184364,93.36283185840706,19.416135343671037,81.6
136,358.7,1184.3,3.11,21.5,8.9,2.7906976744186047,-0.010000000000000231,3.258,8.75,22.15,0.12308984974851056,2.8000000000000114,True,1,Rowing segment,0.023673958645489886,0.02234636871508372,0.019911504424778886,False,False,0.0,88.16302067725502,88.82681564245809,90.04424778761056,19.573859813641082,78.4
137,361.3,1192.6,3.17,22.5,8.4,2.6666666666666665,0.06000000000000005,3.223,8.75,22.05,0.08380532998164905,2.6000000000000227,True,1,Rowing segment,0.03416242133652978,0.02234636871508372,0.02433628318584074,False,False,0.0,82.91878933173507,88.82681564245809,87.83185840707964,61.19978016966513,82.5
138,364.1,1201.6,3.19,21.5,9.0,2.7906976744186047,0.020000000000000018,3.2030000000000003,8.68,21.9,0.060009258544918204,2.8000000000000114,True,1,Rowing segment,0.040155828588552434,0.030167597765363083,0.030973451327433753,False,False,0.0,79.92208570572377,84.91620111731845,84.51327433628313,86.41412363854425,83.3
139,366.9,1210.7,3.22,22.0,9.1,2.727272727272727,0.03000000000000025,3.196,8.8,21.95,0.052323778320926856,2.7999999999999545,True,1,Rowing segment,0.04225352112676044,0.016759776536312693,0.028761061946902748,False,False,0.0,78.87323943661978,91.62011173184364,85.61946902654863,94.55766693753924,86.7
140,369.6,1219.3,3.24,21.5,8.6,2.7906976744186047,0.020000000000000018,3.2,8.84,21.9,0.054160256030903874,2.7000000000000455,True,1,Rowing segment,0.041054839676355884,0.012290502793296026,0.030973451327433753,False,False,0.0,79.47258016182201,93.85474860335196,84.51327433628313,92.6117331360116,87.2
141,372.3,1227.9,3.27,23.0,8.6,2.608695652173913,0.029999999999999805,3.2039999999999997,8.8,21.9,0.05796550698475545,2.6999999999999886,True,1,Rowing segment,0.03985615822595146,0.016759776536312693,0.030973451327433753,False,False,0.0,80.07192088702425,91.62011173184364,84.51327433628313,88.57968503971983,86.1
142,374.9,1236.8,3.29,22.5,8.9,2.6666666666666665,0.020000000000000018,3.2049999999999996,8.830000000000002,21.9,0.05948856099191364,2.599999999999966,True,1,Rowing segment,0.03955648786335035,0.013407821229049995,0.030973451327433753,False,False,0.0,80.22175606832481,93.29608938547496,84.51327433628313,86.96585533844981,86.5
143,377.5,1245.2,3.25,23.0,8.4,2.608695652173913,-0.040000000000000036,3.2060000000000004,8.76,22.0,0.060221812216724326,2.6000000000000227,True,1,Rowing segment,0.03925681750074898,0.021229050279329555,0.026548672566371743,False,False,0.0,80.37159124962551,89.38547486033521,86.72566371681413,86.1889015340998,85.4
144,380.1,1253.8,3.2,23.0,8.6,2.608695652173913,-0.04999999999999982,3.2060000000000004,8.66,22.35,0.060221812216724326,2.6000000000000227,True,1,Rowing segment,0.03925681750074898,0.03240223463687142,0.011061946902654867,False,False,0.0,80.37159124962551,83.79888268156425,94.46902654867256,86.1889015340998,84.6
145,382.7,1262.3,3.23,23.5,8.5,2.5531914893617023,0.029999999999999805,3.217,8.7,22.4,0.052291915670055616,2.599999999999966,True,1,Rowing segment,0.03596044351213655,0.02793296089385475,0.008849557522124019,False,False,0.0,82.0197782439317,86.03351955307258,95.57522123893798,94.59142863744977,87.3
146,385.5,1271.1,3.21,22.5,8.8,2.6666666666666665,-0.020000000000000018,3.2270000000000003,8.690000000000001,22.5,0.036832956257493735,2.8000000000000114,True,1,Rowing segment,0.032963739886125096,0.029050279329608717,0.004424778761062009,False,False,0.0,83.51813005693742,85.47486033519563,97.78761061946899,100.0,88.8
147,387.9,1279.0,3.18,23.5,8.0,2.5531914893617023,-0.029999999999999805,3.228,8.65,22.6,0.03521363372331488,2.3999999999999773,True,1,Rowing segment,0.03266406952352399,0.03351955307262558,0.0,False,False,0.0,83.66796523823798,83.24022346368719,100.0,100.0,88.4
148,390.6,1287.6,3.23,22.5,8.6,2.6666666666666665,0.04999999999999982,3.232,8.61,22.7,0.03259175083087762,2.7000000000000455,True,1,Rowing segment,0.03146538807311943,0.037988826815642446,0.004424778761061852,False,False,0.0,84.2673059634403,81.00558659217876,97.78761061946908,100.0,87.5
149,393.6,1297.3,3.25,20.0,9.6,3.0,0.020000000000000018,3.2350000000000003,8.66,22.5,0.03274480450731108,3.0,True,1,Rowing segment,0.03056637698531598,0.03240223463687142,0.004424778761062009,False,False,0.0,84.716811507342,83.79888268156425,97.78761061946899,100.0,88.6
150,396.3,1305.5,3.19,23.0,8.2,2.608695652173913,-0.06000000000000005,3.2300000000000004,8.62,22.65,0.03559026084010138,2.6999999999999886,True,1,Rowing segment,0.032064728798321646,0.03687150837988828,0.0022123893805308477,False,False,0.0,83.96763560083913,81.56424581005584,98.89380530973457,100.0,87.8
151,398.9,1314.4,3.18,23.0,8.9,2.608695652173913,-0.009999999999999787,3.221,8.65,22.65,0.035730472522294374,2.599999999999966,True,1,Rowing segment,0.034761762061731996,0.03351955307262558,0.0022123893805308477,False,False,0.0,82.61911896913398,83.24022346368719,98.89380530973457,100.0,87.9
152,401.5,1322.7,3.17,22.5,8.3,2.6666666666666665,-0.010000000000000231,3.2089999999999996,8.59,22.65,0.029608557321598977,2.6000000000000227,True,1,Rowing segment,0.0383578064129458,0.040223463687150775,0.0022123893805308477,False,False,0.0,80.82109679352706,79.88826815642457,98.89380530973457,100.0,86.1
153,404.1,1330.9,3.08,23.0,8.2,2.608695652173913,-0.08999999999999986,3.1919999999999997,8.57,22.65,0.04709328803319526,2.6000000000000227,True,1,Rowing segment,0.04345220257716513,0.04245810055865911,0.0022123893805308477,False,False,0.0,78.27389871141743,78.77094972067044,98.89380530973457,100.0,84.8
154,406.9,1339.7,3.11,22.5,8.9,2.6666666666666665,0.029999999999999805,3.183,8.6,22.6,0.05355163655554778,2.7999999999999545,True,1,Rowing segment,0.04614923584057534,0.039106145251396614,0.0,False,False,0.0,76.92538207971228,80.44692737430164,100.0,93.25662700155068,84.1
155,409.5,1348.3,3.23,23.0,8.6,2.608695652173913,0.1200000000000001,3.183,8.61,22.55,0.05355163655554778,2.6000000000000227,True,1,Rowing segment,0.04614923584057534,0.037988826815642446,0.0022123893805310046,False,False,0.0,76.92538207971228,81.00558659217876,98.89380530973449,93.25662700155068,84.1
156,412.1,1356.8,3.26,23.0,8.5,2.608695652173913,0.029999999999999805,3.1879999999999997,8.58,22.6,0.05846176338238084,2.6000000000000227,True,1,Rowing segment,0.044650884027569684,0.04134078212290494,0.0,False,False,0.0,77.67455798621513,79.32960893854751,100.0,88.0538512149381,83.2
157,414.6,1364.8,3.23,23.5,8.0,2.5531914893617023,-0.029999999999999805,3.193,8.58,22.6,0.05982381539895798,2.5,True,1,Rowing segment,0.04315253221456389,0.04134078212290494,0.0,False,False,0.0,78.423733892718,79.32960893854751,100.0,86.61061939998213,83.2
158,417.3,1373.5,3.31,22.0,8.7,2.727272727272727,0.08000000000000007,3.2010000000000005,8.59,22.55,0.06983313444681104,2.6999999999999886,True,1,Rowing segment,0.04075516931375464,0.040223463687150775,0.0022123893805310046,False,False,0.0,79.62241534312264,79.88826815642457,98.89380530973449,76.00473392711378,82.1
159,419.7,1382.1,3.38,23.5,8.6,2.5531914893617023,0.06999999999999984,3.214,8.489999999999998,22.9,0.08934328302800358,2.3999999999999773,True,1,Rowing segment,0.03685945459994,0.051396648044692836,0.013274336283185714,False,False,0.0,81.57027270002996,74.30167597765357,93.36283185840715,55.33175903026935,76.9
160,422.7,1391.6,3.33,22.5,9.4,2.6666666666666665,-0.04999999999999982,3.228,8.610000000000001,22.85,0.09589345939924837,3.0,True,1,Rowing segment,0.03266406952352399,0.037988826815642245,0.011061946902654867,False,False,0.0,83.66796523823798,81.00558659217889,94.46902654867256,48.391184942423536,79.1
161,425.1,1399.3,3.21,23.0,7.8,2.608695652173913,-0.1200000000000001,3.2310000000000003,8.5,22.85,0.09468661761598257,2.400000000000034,True,1,Rowing segment,0.031765058435720535,0.050279329608938474,0.011061946902654867,False,False,0.0,84.1174707821397,74.86033519553075,94.46902654867256,49.66995582343914,77.3
162,427.9,1408.1,3.15,20.5,8.8,2.926829268292683,-0.06000000000000005,3.229,8.55,22.65,0.09631545393479912,2.7999999999999545,True,1,Rowing segment,0.03236439916092288,0.04469273743016744,0.0022123893805308477,False,False,0.0,83.8178004195385,77.65363128491626,98.89380530973457,47.94403906838052,78.5
163,430.5,1416.2,3.13,23.5,8.1,2.5531914893617023,-0.020000000000000018,3.2340000000000004,8.540000000000001,22.7,0.08871928263410868,2.6000000000000227,True,1,Rowing segment,0.030866047347917088,0.04581005586592161,0.004424778761061852,False,False,0.0,84.56697632604143,77.09497206703918,97.78761061946908,55.99295053401042,79.6
164,433.1,1424.5,3.16,23.5,8.3,2.5531914893617023,0.03000000000000025,3.239,8.48,22.8,0.08211780156173856,2.6000000000000227,True,1,Rowing segment,0.02936769553491156,0.0525139664804468,0.008849557522123862,False,False,0.0,85.31615223254417,73.74301675977657,95.57522123893807,62.98788713960132,79.5
165,435.7,1433.2,3.28,22.5,8.8,2.6666666666666665,0.11999999999999966,3.2439999999999998,8.5,22.75,0.0830261003138957,2.599999999999966,True,1,Rowing segment,0.027869343721905897,0.050279329608938474,0.006637168141592857,False,False,0.0,86.06532813904704,74.86033519553075,96.68141592920357,62.025452782731236,80.1
166,438.5,1441.9,3.37,22.0,8.7,2.727272727272727,0.0900000000000003,3.255,8.52,22.65,0.09216531041798856,2.8000000000000114,True,1,Rowing segment,0.024572969733293336,0.04804469273743014,0.0022123893805308477,False,False,0.0,87.71351513335328,75.97765363128488,98.89380530973457,52.341535703748654,80.0
167,441.4,1451.1,3.41,22.5,9.2,2.6666666666666665,0.040000000000000036,3.2729999999999997,8.64,22.55,0.10360716405946166,2.8999999999999773,True,1,Rowing segment,0.0191789032064729,0.03463687150837975,0.0022123893805310046,False,False,0.0,90.41054839676353,82.68156424581008,98.89380530973449,40.217734999762264,81.4
168,443.7,1459.8,3.41,23.5,8.8,2.5531914893617023,0.0,3.283,8.65,22.7,0.11205653335110109,2.3000000000000114,True,1,Rowing segment,0.01618219958046144,0.03351955307262558,0.004424778761061852,False,False,0.0,91.90890020976926,83.24022346368719,97.78761061946908,31.264774004446583,80.7
169,446.1,1468.3,3.4,23.5,8.5,2.5531914893617023,-0.010000000000000231,3.285,8.64,22.7,0.1141392911217585,2.400000000000034,True,1,Rowing segment,0.015582858855259096,0.03463687150837975,0.004424778761061852,False,False,0.0,92.20857057237042,82.68156424581008,97.78761061946908,29.05788157972595,80.2
170,448.9,1477.7,3.4,23.0,9.4,2.608695652173913,0.0,3.2920000000000003,8.64,22.75,0.11923832344417432,2.7999999999999545,True,1,Rowing segment,0.01348516631705109,0.03463687150837975,0.006637168141592857,False,False,0.0,93.25741684147442,82.68156424581008,96.68141592920357,23.654941322207044,79.6
171,451.3,1486.1,3.41,23.5,8.4,2.5531914893617023,0.010000000000000231,3.312,8.7,22.8,0.12072006185109861,2.400000000000034,True,1,Rowing segment,0.0074917590650284424,0.02793296089385475,0.008849557522123862,False,False,0.0,96.25412046748576,86.03351955307258,95.57522123893807,22.084889676389995,81.4
172,453.9,1495.3,3.49,23.5,9.3,2.5531914893617023,0.08000000000000007,3.346,8.75,23.1,0.11786998487033518,2.599999999999966,True,1,Rowing segment,-0.002697033263410351,0.02234636871508372,0.022123893805309734,False,False,0.0,100.0,88.82681564245809,88.93805309734513,25.10483438015274,83.2
173,456.5,1504.2,3.57,23.0,8.9,2.608695652173913,0.07999999999999963,3.3899999999999997,8.83,23.05,0.11015141094572044,2.6000000000000227,True,1,Rowing segment,-0.015882529217860337,0.013407821229050192,0.01991150442477873,False,False,0.0,100.0,93.2960893854749,90.04424778761063,33.28344380072976,86.2
174,459.4,1513.7,3.57,23.0,9.5,2.608695652173913,0.0,3.431,8.95,23.0,0.08937436868463676,2.8999999999999773,True,1,Rowing segment,-0.028169014084507137,0.0,0.017699115044247725,False,False,0.0,100.0,99.99999999999997,91.15044247787614,55.29882063430813,92.0
175,461.3,1521.2,3.34,38.0,7.5,1.5789473684210527,-0.22999999999999998,3.437,8.82,24.55,0.07958922316773821,1.900000000000034,True,1,Rowing segment,-0.029967036260113905,0.014525139664804359,0.08628318584070793,False,False,0.0,100.0,92.73743016759776,56.858407079646035,65.66717158719712,85.8
176,462.4,1523.9,3.37,38.0,2.6,1.5789473684210527,0.03000000000000025,3.4370000000000003,8.209999999999999,26.15,0.07958922316773821,1.099999999999966,True,1,Rowing segment,-0.029967036260114037,0.08268156424581008,0.15707964601769897,False,False,0.0,100.0,58.65921787709494,21.460176991150515,65.66717158719712,68.6
177,464.9,1533.1,3.5,23.0,9.2,2.608695652173913,0.1299999999999999,3.446,8.209999999999999,26.2,0.08126773310757489,2.5,True,1,Rowing segment,-0.032664069523524256,0.08268156424581008,0.15929203539822998,False,False,0.0,100.0,58.65921787709494,20.353982300885022,63.88862060866703,68.2
178,467.5,1542.0,3.36,23.0,8.9,2.608695652173913,-0.14000000000000012,3.4410000000000003,8.22,26.15,0.08517302650748085,2.6000000000000227,True,1,Rowing segment,-0.031165717710518594,0.08156424581005572,0.15707964601769897,False,False,0.0,100.0,59.21787709497211,21.460176991150515,59.75056742649423,67.9
179,470.1,1550.7,3.3,23.5,8.7,2.5531914893617023,-0.06000000000000005,3.431,8.24,26.15,0.09573690801125327,2.6000000000000227,True,1,Rowing segment,-0.028169014084507137,0.07932960893854739,0.15707964601769897,False,False,0.0,100.0,60.3351955307263,21.460176991150515,48.55706696534203,66.6
180,472.6,1559.0,3.3,23.0,8.2,2.608695652173913,0.0,3.4210000000000003,8.12,26.15,0.10418466511173359,2.5,True,1,Rowing segment,-0.02517231045849581,0.09273743016759778,0.15707964601769897,False,False,0.0,100.0,53.63128491620106,21.460176991150515,39.6058142495519,62.9
181,475.1,1567.8,3.34,24.5,8.8,2.4489795918367347,0.040000000000000036,3.414,8.16,26.25,0.10731055658953224,2.5,True,1,Rowing segment,-0.023074617920287806,0.08826815642458091,0.16150442477876098,False,False,0.0,100.0,55.865921787709496,19.247787610619515,36.29361620134812,62.9
182,477.9,1577.1,3.33,20.5,9.3,2.926829268292683,-0.009999999999999787,3.3979999999999997,8.16,25.95,0.1066458312984291,2.7999999999999545,True,1,Rowing segment,-0.018279892118669448,0.08826815642458091,0.14823008849557512,False,False,0.0,100.0,55.865921787709496,25.884955752212445,36.99795985096645,64.0
183,480.5,1585.0,3.28,23.5,7.8,2.5531914893617023,-0.050000000000000266,3.3689999999999998,8.05,26.0,0.09326783415995357,2.6000000000000227,True,1,Rowing segment,-0.00958945160323645,0.10055865921787695,0.15044247787610612,False,False,0.0,100.0,49.72067039106148,24.77876106194694,51.17330033404013,63.8
184,483.4,1593.9,3.28,23.0,8.9,2.608695652173913,0.0,3.34,7.99,26.0,0.06446359868604395,2.8999999999999773,True,1,Rowing segment,-0.0008990110878034504,0.10726256983240214,0.15044247787610612,False,False,0.0,100.0,46.36871508379892,24.77876106194694,81.69429992545028,67.2
185,485.9,1603.0,3.32,22.0,9.2,2.727272727272727,0.040000000000000036,3.338,8.16,24.4,0.06477310827461757,2.5,True,1,Rowing segment,-0.00029967036260123884,0.08826815642458091,0.07964601769911492,False,False,0.0,100.0,55.865921787709496,60.17699115044255,81.3663432249522,75.8
186,488.5,1611.6,3.27,23.0,8.6,2.608695652173913,-0.04999999999999982,3.3280000000000003,8.760000000000002,22.9,0.06696599468718607,2.6000000000000227,True,1,Rowing segment,0.002697033263410085,0.021229050279329358,0.013274336283185714,False,False,0.0,98.65148336829493,89.38547486033531,93.36283185840715,79.04275837012642,91.7
187,491.1,1620.3,3.24,23.0,8.7,2.608695652173913,-0.029999999999999805,3.3020000000000005,8.709999999999999,22.9,0.03614784456460015,2.6000000000000227,True,1,Rowing segment,0.010488462691039634,0.026815642458100586,0.013274336283185714,False,False,0.0,94.75576865448015,86.5921787709497,93.36283185840715,100.0,92.5
188,493.5,1628.5,3.32,24.5,8.3,2.4489795918367347,0.07999999999999963,3.2980000000000005,8.65,23.05,0.030840089349918262,2.3999999999999773,True,1,Rowing segment,0.01168714414144419,0.03351955307262558,0.01991150442477873,False,False,0.0,94.15642792927785,83.24022346368719,90.04424778761063,100.0,90.6
189,496.0,1637.2,3.47,24.5,8.7,2.4489795918367347,0.15000000000000036,3.315,8.65,23.15,0.06258327785172722,2.5,True,1,Rowing segment,0.006592747977224992,0.03351955307262558,0.02433628318584058,False,False,0.0,96.70362601138748,83.24022346368719,87.83185840707971,83.68668994975359,88.7
190,498.4,1645.4,3.59,23.5,8.2,2.5531914893617023,0.11999999999999966,3.344,8.65,23.2,0.10658330075579277,2.3999999999999773,True,1,Rowing segment,-0.0020976925382080063,0.03351955307262558,0.026548672566371584,False,False,0.0,100.0,83.24022346368719,86.72566371681421,37.064217282724464,82.7
191,501.4,1655.6,3.62,23.0,10.2,2.608695652173913,0.03000000000000025,3.372,8.79,23.05,0.1376630346574956,3.0,True,1,Rowing segment,-0.0104884626910399,0.017877094972067055,0.01991150442477873,False,False,0.0,100.0,91.06145251396647,90.04424778761063,4.132097054287209,81.0
192,503.5,1664.1,3.58,24.5,8.5,2.4489795918367347,-0.040000000000000036,3.397,8.709999999999999,23.45,0.15122095680750558,2.1000000000000227,True,1,Rowing segment,-0.01798022175606834,0.026815642458100586,0.037610619469026454,False,False,0.0,100.0,86.5921787709497,81.19469026548678,0.0,77.5
193,506.1,1673.4,3.52,25.0,9.3,2.4,-0.06000000000000005,3.4210000000000003,8.86,23.6,0.14962545832102717,2.6000000000000227,True,1,Rowing segment,-0.02517231045849581,0.010055865921787694,0.04424778761061947,False,False,0.0,100.0,94.97206703910615,77.87610619469027,0.0,79.9
194,508.5,1682.4,3.58,24.5,9.0,2.4489795918367347,0.06000000000000005,3.4509999999999996,8.87,23.75,0.14828276291524037,2.3999999999999773,True,1,Rowing segment,-0.03416242133652978,0.008938547486033527,0.05088495575221232,False,False,0.0,100.0,95.53072625698321,74.55752212389383,0.0,79.6
195,510.7,1690.8,3.68,24.5,8.4,2.4489795918367347,0.10000000000000009,3.4869999999999997,8.790000000000001,24.0,0.1564217944462259,2.1999999999999886,True,1,Rowing segment,-0.04495055439017079,0.017877094972066857,0.06194690265486719,False,False,0.0,100.0,91.06145251396651,69.0265486725664,0.0,77.2
196,513.4,1699.6,3.68,23.5,8.8,2.5531914893617023,0.0,3.528,8.809999999999999,24.05,0.14665151436881313,2.6999999999999886,True,1,Rowing segment,-0.05723703925681759,0.015642458100558723,0.06415929203539819,False,False,0.0,100.0,92.1787709497206,67.92035398230091,0.0,77.5
197,515.9,1709.2,3.66,24.5,9.6,2.4489795918367347,-0.020000000000000018,3.5699999999999994,8.9,24.2,0.11075498483890549,2.5,True,1,Rowing segment,-0.06982319448606523,0.005586592178770831,0.07079646017699105,False,False,0.0,100.0,97.20670391061458,64.60176991150448,32.64389623960899,83.6
198,518.5,1718.5,3.6,22.5,9.2,2.6666666666666665,-0.06000000000000005,3.598,8.989999999999998,24.0,0.06746192341692166,2.6000000000000227,True,1,Rowing segment,-0.07821396463889725,-0.004469273743016665,0.06194690265486719,False,False,0.0,100.0,100.0,69.0265486725664,78.51727174260115,92.1
199,521.5,1728.5,3.41,19.5,10.0,3.076923076923077,-0.18999999999999995,3.592,9.120000000000001,23.5,0.0813497251241654,3.0,True,1,Rowing segment,-0.07641594246329049,-0.01899441340782142,0.03982300884955746,False,False,0.0,100.0,100.0,80.08849557522127,63.80174177770051,91.6
200,524.2,1737.2,3.25,22.5,8.7,2.6666666666666665,-0.16000000000000014,3.5580000000000007,9.17,23.4,0.13538422688366764,2.7000000000000455,True,1,Rowing segment,-0.06622715013485196,-0.024581005586592253,0.03539823008849545,False,False,0.0,100.0,100.0,82.30088495575228,6.546724278012839,83.3
201,526.7,1745.8,3.27,23.5,8.6,2.5531914893617023,0.020000000000000018,3.5230000000000006,9.01,23.45,0.1604888365795771,2.5,True,1,Rowing segment,-0.05573868744381206,-0.006703910614525196,0.037610619469026454,False,False,0.0,100.0,100.0,81.19469026548678,0.0,82.2
202,529.3,1754.5,3.31,23.0,8.7,2.608695652173913,0.040000000000000036,3.496,9.03,23.3,0.17212398631993814,2.599999999999909,True,1,Rowing segment,-0.04764758765358114,-0.008938547486033527,0.030973451327433597,False,False,0.0,100.0,100.0,84.5132743362832,0.0,82.7
203,531.9,1763.1,3.25,23.0,8.6,2.608695652173913,-0.06000000000000005,3.469,8.959999999999999,23.1,0.18835250639868406,2.6000000000000227,True,1,Rowing segment,-0.03955648786335035,-0.0011173184357541662,0.022123893805309734,False,False,0.0,100.0,100.0,88.93805309734513,0.0,83.3
204,534.6,1771.8,3.25,22.5,8.7,2.6666666666666665,0.0,3.436,8.93,22.9,0.19551641022345514,2.7000000000000455,True,1,Rowing segment,-0.029667365897512798,0.0022346368715083324,0.013274336283185714,False,False,0.0,100.0,98.88268156424577,93.36283185840715,0.0,83.6
205,537.6,1781.4,3.32,21.5,9.6,2.7906976744186047,0.06999999999999984,3.4,9.05,22.6,0.17795130420052133,3.0,True,1,Rowing segment,-0.01887923284387179,-0.01117318435754206,0.0,False,False,0.0,100.0,100.0,100.0,0.0,85.0
206,540.4,1790.1,3.37,23.0,8.7,2.608695652173913,0.050000000000000266,3.3690000000000007,9.04,22.55,0.14828276291524134,2.7999999999999545,True,1,Rowing segment,-0.009589451603236715,-0.010055865921787694,0.0022123893805310046,False,False,0.0,100.0,100.0,98.89380530973449,0.0,84.8
207,542.7,1798.7,3.34,22.5,8.6,2.6666666666666665,-0.03000000000000025,3.3369999999999997,8.940000000000001,22.35,0.10739853092312017,2.300000000000068,True,1,Rowing segment,0.0,0.0011173184357539678,0.011061946902654867,False,False,0.0,99.99999999999997,99.44134078212296,94.46902654867256,36.20039850071088,89.4
208,545.9,1808.5,3.2,19.0,9.8,3.1578947368421053,-0.13999999999999968,3.2969999999999997,9.0,22.0,0.06447221623821149,3.199999999999932,True,1,Rowing segment,0.01198681450404556,-0.00558659217877103,0.026548672566371743,False,False,0.0,94.00659274797718,100.0,86.72566371681413,81.68516875769467,93.2
209,548.5,1816.7,3.09,23.0,8.2,2.608695652173913,-0.11000000000000032,3.2649999999999997,8.82,22.35,0.07975657409336998,2.6000000000000227,True,1,Rowing segment,0.02157626610728201,0.014525139664804359,0.011061946902654867,False,False,0.0,89.21186694635895,92.73743016759776,94.46902654867256,65.48984636231984,87.7
210,551.5,1826.1,3.11,20.0,9.4,3.0,0.020000000000000018,3.251,8.889999999999999,22.1,0.09374314789774195,3.0,True,1,Rowing segment,0.02577165118369789,0.006703910614525196,0.022123893805309734,False,False,0.0,87.11417440815106,96.64804469273736,88.93805309734513,50.66965737465762,85.3
211,554.1,1834.4,3.1,22.0,8.3,2.727272727272727,-0.009999999999999787,3.2340000000000004,8.86,21.95,0.10469001862642006,2.6000000000000227,True,1,Rowing segment,0.030866047347917088,0.010055865921787694,0.028761061946902748,False,False,0.0,84.56697632604143,94.97206703910615,85.61946902654863,39.07034110952588,81.5
212,557.0,1843.3,3.13,23.0,8.9,2.608695652173913,0.029999999999999805,3.2159999999999997,8.879999999999999,21.95,0.10564090116995509,2.8999999999999773,True,1,Rowing segment,0.03626011387473779,0.007821229050279361,0.028761061946902748,False,False,0.0,81.86994306263105,96.08938547486028,85.61946902654863,38.06278492047171,80.8
213,559.5,1851.9,3.21,23.0,8.6,2.608695652173913,0.08000000000000007,3.2119999999999997,8.88,21.95,0.10496560283148955,2.5,True,1,Rowing segment,0.03745879532514235,0.007821229050279163,0.028761061946902748,False,False,0.0,81.27060233742883,96.0893854748604,85.61946902654863,38.778331782705045,80.7
214,561.9,1860.1,3.26,23.0,8.3,2.608695652173913,0.04999999999999982,3.2129999999999996,8.84,22.0,0.10541452566995899,2.3999999999999773,True,1,Rowing segment,0.03715912496254124,0.012290502793296026,0.026548672566371743,False,False,0.0,81.42043751872934,93.85474860335196,86.72566371681413,38.302652649269575,80.1
215,564.6,1869.0,3.34,22.5,8.9,2.6666666666666665,0.08000000000000007,3.215,8.77,22.1,0.10783217413081306,2.7000000000000455,True,1,Rowing segment,0.036559784237338896,0.020111731843575387,0.022123893805309734,False,False,0.0,81.72010788133053,89.94413407821227,88.93805309734513,35.74090968085311,78.8
216,568.1,1880.6,3.33,17.0,11.6,3.5294117647058822,-0.009999999999999787,3.211,9.06,21.5,0.10202940752547876,3.5,True,1,Rowing segment,0.03775846568774345,-0.012290502793296226,0.04867256637168148,False,False,0.0,81.12076715612825,100.0,75.66371681415927,41.88952755862585,81.0
217,570.9,1889.3,3.2,23.0,8.7,2.608695652173913,-0.1299999999999999,3.197,9.069999999999999,21.55,0.09141480551128983,2.7999999999999545,True,1,Rowing segment,0.041953850764159334,-0.013407821229050192,0.04646017699115047,False,False,0.0,79.0230746179203,100.0,76.76991150442475,53.13677152840546,82.1
218,573.5,1897.3,3.16,21.5,8.0,2.7906976744186047,-0.040000000000000036,3.193,8.89,21.8,0.09214119599831713,2.6000000000000227,True,1,Rowing segment,0.04315253221456389,0.006703910614524997,0.0353982300884956,False,False,0.0,78.423733892718,96.64804469273747,82.3008849557522,52.36708736935718,81.5
219,576.4,1906.0,3.25,23.5,8.7,2.5531914893617023,0.08999999999999986,3.2090000000000005,8.94,21.85,0.08595218308907575,2.8999999999999773,True,1,Rowing segment,0.03835780641294553,0.0011173184357541662,0.0331858407079646,False,False,0.0,80.82109679352722,99.44134078212291,83.4070796460177,58.92497225560199,84.4
220,578.7,1914.3,3.25,23.5,8.3,2.5531914893617023,0.0,3.223,8.830000000000002,22.2,0.07916929820187836,2.300000000000068,True,1,Rowing segment,0.03416242133652978,0.013407821229049995,0.01769911504424788,False,False,0.0,82.91878933173507,93.29608938547496,91.15044247787606,66.11212454291923,85.3
221,581.9,1924.2,3.16,18.5,9.9,3.2432432432432434,-0.08999999999999986,3.229,8.989999999999998,21.85,0.07062420107709481,3.199999999999932,True,1,Rowing segment,0.03236439916092288,-0.004469273743016665,0.0331858407079646,False,False,0.0,83.8178004195385,100.0,83.4070796460177,75.16651885553034,88.1
222,584.5,1932.3,3.07,22.0,8.2,2.727272727272727,-0.0900000000000003,3.223,8.92,21.75,0.08165646194746587,2.6000000000000227,True,1,Rowing segment,0.03416242133652978,0.0033519553072624986,0.03761061946902661,False,False,0.0,82.91878933173507,98.32402234636871,81.19469026548668,63.47672310233576,85.1
223,587.1,1940.7,3.09,23.0,8.4,2.608695652173913,0.020000000000000018,3.211,8.9,21.75,0.09194805296712191,2.6000000000000227,True,1,Rowing segment,0.03775846568774345,0.005586592178770831,0.03761061946902661,False,False,0.0,81.12076715612825,97.20670391061458,81.19469026548668,52.57174193765955,82.5
224,590.0,1949.7,3.14,21.0,9.0,2.857142857142857,0.050000000000000266,3.199,8.969999999999999,21.55,0.09267026371915661,2.8999999999999773,True,1,Rowing segment,0.04135451003895712,-0.0022346368715083324,0.04646017699115047,False,False,0.0,79.32274498052143,100.0,76.76991150442475,51.80648663040696,82.0
225,592.7,1958.3,3.11,22.5,8.6,2.6666666666666665,-0.03000000000000025,3.1759999999999997,8.940000000000001,21.55,0.08167687011089164,2.7000000000000455,True,1,Rowing segment,0.04824692837878335,0.0011173184357539678,0.04646017699115047,False,False,0.0,75.87653581060832,99.44134078212296,76.76991150442475,63.45509858992183,82.4
226,595.5,1966.8,3.05,22.0,8.5,2.727272727272727,-0.06000000000000005,3.148,8.629999999999999,22.05,0.07020604595680749,2.7999999999999545,True,1,Rowing segment,0.05663769853161511,0.03575418994413411,0.02433628318584074,False,False,0.0,71.6811507341924,82.1229050279329,87.83185840707964,75.60959648093704,78.3
227,597.9,1974.6,2.97,31.5,7.8,1.9047619047619047,-0.07999999999999963,3.125,8.54,22.9,0.08695464973830717,2.3999999999999773,True,1,Rowing segment,0.06353011687144135,0.04581005586592181,0.013274336283185714,False,False,0.0,68.23494156427928,77.09497206703908,93.36283185840715,57.86275749141191,73.5
228,598.7,1977.1,3.12,38.0,2.5,1.5789473684210527,0.1499999999999999,3.1209999999999996,7.99,24.55,0.08608135686663282,0.8000000000000682,True,1,Rowing segment,0.06472879832184603,0.10726256983240214,0.08628318584070793,False,False,0.0,67.63560083907693,46.36871508379892,56.858407079646035,58.78809957881765,57.2
229,601.5,1985.7,3.2,23.0,8.6,2.608695652173913,0.08000000000000007,3.1160000000000005,7.980000000000001,24.5,0.07890923055427221,2.7999999999999545,True,1,Rowing segment,0.06622715013485143,0.10837988826815621,0.08407079646017693,False,False,0.0,66.88642493257423,45.810055865921846,57.96460176991154,66.38769250838445,58.1
230,604.5,1995.3,3.14,21.5,9.6,2.7906976744186047,-0.06000000000000005,3.105,8.11,24.3,0.06450667493455066,3.0,True,1,Rowing segment,0.06952352412346412,0.09385474860335195,0.07522123893805306,False,False,0.0,65.23823793826793,53.072625698323996,62.38938053097347,81.6486562851508,63.0
231,606.9,2003.3,3.19,22.5,8.0,2.6666666666666665,0.04999999999999982,3.108,7.92,24.7,0.06795423296438886,2.3999999999999773,True,1,Rowing segment,0.06862451303566067,0.1150837988826815,0.09292035398230078,False,False,0.0,65.68774348216965,42.458100558659225,53.53982300884961,77.99562000458839,57.6
232,609.5,2011.6,3.25,23.0,8.3,2.608695652173913,0.06000000000000005,3.1260000000000003,7.93,24.8,0.07961016127215385,2.6000000000000227,True,1,Rowing segment,0.0632304465088401,0.11396648044692734,0.09734513274336279,False,False,0.0,68.3847767455799,43.01675977653629,51.32743362831861,65.6449855487274,56.5
233,612.4,2021.1,3.42,23.0,9.5,2.608695652173913,0.16999999999999993,3.1590000000000003,8.040000000000001,24.8,0.12077987323133837,2.8999999999999773,True,1,Rowing segment,0.05334132454300255,0.10167597765363111,0.09734513274336279,False,False,0.0,73.3293377284987,49.16201117318442,51.32743362831861,22.021513472098352,53.9
234,615.4,2031.0,3.47,19.5,9.9,3.076923076923077,0.050000000000000266,3.192,8.13,24.65,0.15519163780450504,3.0,True,1,Rowing segment,0.04345220257716499,0.09162011173184341,0.09070796460176977,False,False,0.0,78.27389871141749,54.18994413407829,54.64601769911511,0.0,54.6
235,618.0,2039.6,3.34,22.5,8.6,2.6666666666666665,-0.13000000000000034,3.215,8.129999999999999,24.65,0.15869257491556887,2.6000000000000227,True,1,Rowing segment,0.036559784237338896,0.09162011173184362,0.09070796460176977,False,False,0.0,81.72010788133053,54.189944134078175,54.64601769911511,0.0,55.8
236,620.7,2048.6,3.21,21.5,9.0,2.7906976744186047,-0.1299999999999999,3.2310000000000003,8.18,24.6,0.14790762883187153,2.7000000000000455,True,1,Rowing segment,0.031765058435720535,0.08603351955307259,0.08849557522123894,False,False,0.0,84.1174707821397,56.983240223463675,55.75221238938053,0.0,57.7
237,622.8,2054.9,2.99,33.0,6.4,1.8181818181818181,-0.21999999999999975,3.2330000000000005,8.040000000000001,24.75,0.14407174138833287,2.099999999999909,True,1,Rowing segment,0.031165717710518192,0.10167597765363111,0.09513274336283178,False,False,0.0,84.41714114474085,49.16201117318442,52.43362831858411,0.0,54.6
238,623.5,2057.4,3.1,50.5,2.5,1.188118811881188,0.10999999999999988,3.2310000000000003,8.040000000000001,26.0,0.14594138853967678,0.7000000000000455,True,1,Rowing segment,0.031765058435720535,0.10167597765363111,0.15044247787610612,False,False,0.0,84.1174707821397,49.16201117318442,24.77876106194694,0.0,50.4
239,626.3,2066.0,3.2,22.5,8.5,2.6666666666666665,0.10000000000000009,3.2310000000000003,8.030000000000001,25.95,0.14594138853967678,2.7999999999999545,True,1,Rowing segment,0.031765058435720535,0.10279329608938528,0.14823008849557512,False,False,0.0,84.1174707821397,48.603351955307346,25.884955752212445,0.0,50.3
240,629.2,2074.9,3.06,22.5,8.9,2.6666666666666665,-0.14000000000000012,3.2230000000000003,7.959999999999999,26.05,0.1534818121689561,2.900000000000091,True,1,Rowing segment,0.03416242133652965,0.11061452513966484,0.15265486725663713,False,False,0.0,82.91878933173514,44.69273743016755,23.672566371681437,0.0,48.2
241,631.9,2083.8,3.15,22.0,8.9,2.727272727272727,0.08999999999999986,3.219,8.05,26.0,0.15495160534825084,2.699999999999932,True,1,Rowing segment,0.03536110278693434,0.10055865921787695,0.15044247787610612,False,False,0.0,82.31944860653279,49.72067039106148,24.77876106194694,0.0,49.9
242,635.0,2093.6,3.18,18.5,9.8,3.2432432432432434,0.03000000000000025,3.2119999999999997,8.2,25.55,0.1549767007578168,3.1000000000000227,True,1,Rowing segment,0.03745879532514235,0.08379888268156425,0.1305309734513274,False,False,0.0,81.27060233742883,58.10055865921787,34.73451327433631,0.0,54.0
243,637.5,2101.8,3.14,23.0,8.3,2.608695652173913,-0.040000000000000036,3.184,8.080000000000002,25.55,0.1375338342210957,2.5,True,1,Rowing segment,0.04584956547797411,0.09720670391061424,0.1305309734513274,False,False,0.0,77.07521726101291,51.396648044692846,34.73451327433631,4.268997978810751,50.8
244,640.3,2111.0,3.19,22.5,9.2,2.6666666666666665,0.04999999999999982,3.1559999999999997,8.01,25.85,0.09465727652959614,2.7999999999999545,True,1,Rowing segment,0.05424033563080613,0.10502793296089381,0.14380530973451328,False,False,0.0,72.87983218459692,47.48603351955305,28.097345132743367,49.70104567084797,53.8
245,642.9,2119.7,3.28,22.0,8.7,2.727272727272727,0.08999999999999986,3.15,8.02,25.8,0.08286535263104321,2.6000000000000227,True,1,Rowing segment,0.0560383578064129,0.10391061452513964,0.14159292035398227,False,False,0.0,71.98082109679355,48.04469273743017,29.203539823008875,62.195781204296374,55.7
246,645.6,2128.4,3.31,23.0,8.7,2.608695652173913,0.03000000000000025,3.1599999999999997,7.99,25.95,0.09591663046625655,2.7000000000000455,True,1,Rowing segment,0.053041654180401576,0.10726256983240214,0.14823008849557512,False,False,0.0,73.47917290979922,46.36871508379892,25.884955752212445,48.366632854334625,53.1
247,648.4,2137.1,3.37,22.5,8.8,2.6666666666666665,0.06000000000000005,3.198,8.23,24.9,0.09635582205785305,2.7999999999999545,True,1,Rowing segment,0.04165418040155822,0.08044692737430155,0.10176991150442465,False,False,0.0,79.17290979922086,59.776536312849174,49.11504424778768,47.90126496078961,63.2
248,650.5,2144.9,3.33,33.0,7.8,1.8181818181818181,-0.040000000000000036,3.221,8.76,23.15,0.09780365819106983,2.1000000000000227,True,1,Rowing segment,0.034761762061731996,0.021229050279329555,0.02433628318584058,False,False,0.0,82.61911896913398,89.38547486033521,87.83185840707971,46.367136201483916,80.3
249,651.4,2147.1,3.37,42.0,2.2,1.4285714285714286,0.040000000000000036,3.2380000000000004,8.129999999999999,25.1,0.10799176923368832,0.8999999999999773,True,1,Rowing segment,0.02966736589751253,0.09162011173184362,0.11061946902654866,False,False,0.0,85.16631705124371,54.189944134078175,44.690265486725664,35.571802534299636,60.8
250,654.4,2156.4,3.38,22.5,9.3,2.6666666666666665,0.009999999999999787,3.2700000000000005,8.17,25.1,0.09614803401237189,3.0,True,1,Rowing segment,0.02007791429427608,0.08715083798882675,0.11061946902654866,False,False,0.0,89.96104285286194,56.42458100558661,44.690265486725664,48.12143740233819,65.2
251,656.5,2164.1,3.16,31.5,7.7,1.9047619047619047,-0.21999999999999975,3.271,8.05,26.05,0.09480389115314594,2.1000000000000227,True,1,Rowing segment,0.01977824393167511,0.10055865921787695,0.15265486725663713,False,False,0.0,90.1108780341624,49.72067039106148,23.672566371681437,49.54569265446565,59.9
252,657.4,2166.0,3.23,45.5,2.0,1.3186813186813187,0.06999999999999984,3.276,7.2700000000000005,28.75,0.09070097390142184,0.8999999999999773,True,1,Rowing segment,0.018279892118669448,0.1877094972067038,0.27212389380530966,False,False,0.0,90.86005394066527,6.1452513966480655,0.0,53.89314828740156,42.0
253,659.9,2174.9,3.3,22.5,8.8,2.6666666666666665,0.06999999999999984,3.2920000000000003,7.32,28.7,0.0771434450300916,2.5,True,1,Rowing segment,0.01348516631705109,0.18212290502793285,0.2699115044247786,False,False,0.0,93.25741684147442,8.938547486033565,0.0,68.25872079208425,46.0
254,663.0,2184.4,3.19,23.0,9.5,2.608695652173913,-0.10999999999999988,3.2920000000000003,7.35,28.75,0.0771434450300916,3.1000000000000227,True,1,Rowing segment,0.01348516631705109,0.17877094972067037,0.27212389380530966,False,False,0.0,93.25741684147442,10.61452513966482,0.0,68.25872079208425,46.6
255,665.3,2192.5,3.17,23.0,8.1,2.608695652173913,-0.020000000000000018,3.281,7.290000000000001,28.85,0.0863391246448802,2.2999999999999545,True,1,Rowing segment,0.01678154030566365,0.18547486033519536,0.27654867256637167,False,False,0.0,91.60922984716812,7.26256983240231,0.0,58.514968557454736,43.4
256,668.0,2201.2,3.19,23.0,8.7,2.608695652173913,0.020000000000000018,3.2689999999999997,7.289999999999999,28.85,0.09011720763045696,2.7000000000000455,True,1,Rowing segment,0.020377584656877456,0.18547486033519556,0.27654867256637167,False,False,0.0,89.81120767156125,7.262569832402199,0.0,54.511707670230415,42.2
257,670.5,2209.9,3.26,23.0,8.8,2.608695652173913,0.06999999999999984,3.258,7.290000000000001,28.9,0.08283853102404734,2.5,True,1,Rowing segment,0.023673958645489886,0.18547486033519536,0.27876106194690253,False,False,0.0,88.16302067725502,7.26256983240231,0.0,62.224201408571645,42.7
258,673.1,2218.5,3.28,23.0,8.6,2.608695652173913,0.020000000000000018,3.253,7.37,27.9,0.07944949478896689,2.6000000000000227,True,1,Rowing segment,0.025172310458495547,0.17653631284916194,0.23451327433628305,False,False,0.0,87.41384477075219,11.73184357541901,0.0,65.81522793103763,44.6
259,675.6,2226.5,3.24,23.5,8.0,2.5531914893617023,-0.03999999999999959,3.2399999999999998,7.95,26.05,0.0679869268479032,2.5,True,1,Rowing segment,0.029068025172310455,0.1117318435754189,0.15265486725663713,False,False,0.0,85.46598741384474,44.13407821229054,23.672566371681437,77.96097752965493,60.6
260,678.0,2234.2,3.18,33.0,7.7,1.8181818181818181,-0.06000000000000005,3.2199999999999998,7.790000000000001,27.1,0.04898979485566365,2.3999999999999773,True,1,Rowing segment,0.03506143242433323,0.12960893854748587,0.1991150442477876,False,False,0.0,82.46928378783335,35.195530726257026,0.4424778761062065,98.0903594845515,56.0
261,678.7,2236.6,3.23,42.0,2.5,1.4285714285714286,0.04999999999999982,3.2269999999999994,7.2700000000000005,28.15,0.04423422506008946,0.7000000000000455,True,1,Rowing segment,0.03296373988612536,0.1877094972067038,0.2455752212389379,False,False,0.0,83.51813005693731,6.1452513966480655,0.0,100.0,46.4
262,681.6,2245.1,3.21,22.5,8.5,2.6666666666666665,-0.020000000000000018,3.225,7.92,25.85,0.04453463071962449,2.8999999999999773,True,1,Rowing segment,0.03356308061132744,0.1150837988826815,0.14380530973451328,False,False,0.0,83.21845969433627,42.458100558659225,28.097345132743367,100.0,63.2
263,684.4,2253.0,3.07,21.0,8.0,2.857142857142857,-0.14000000000000012,3.2020000000000004,7.840000000000001,25.7,0.05865151319446145,2.7999999999999545,True,1,Rowing segment,0.04045549895115354,0.12402234636871493,0.13716814159292026,False,False,0.0,79.77225052442321,37.988826815642526,31.41592920353987,87.85279210534195,59.1
264,687.0,2261.5,3.11,23.0,8.4,2.608695652173913,0.040000000000000036,3.194,7.7299999999999995,25.7,0.06552353266829752,2.6000000000000227,True,1,Rowing segment,0.042852861851962784,0.13631284916201117,0.13716814159292026,False,False,0.0,78.57356907401858,31.843575418994405,31.41592920353987,80.57119271197867,55.4
265,689.6,2269.5,3.12,23.5,8.0,2.5531914893617023,0.010000000000000231,3.189,7.719999999999999,25.75,0.0693541635375998,2.6000000000000227,True,1,Rowing segment,0.04435121366496844,0.1374301675977654,0.13938053097345127,False,False,0.0,77.82439316751577,31.284916201117284,30.309734513274368,76.51225202935868,54.2
266,692.6,2278.3,3.06,23.0,8.8,2.608695652173913,-0.06000000000000005,3.1759999999999997,7.730000000000001,25.75,0.08044321668799241,3.0,True,1,Rowing segment,0.04824692837878335,0.13631284916201095,0.13938053097345127,False,False,0.0,75.87653581060832,31.84357541899452,30.309734513274368,64.76227911378452,52.0
267,694.8,2285.5,3.06,23.0,7.2,2.608695652173913,0.0,3.156,7.5699999999999985,25.75,0.08208396784864908,2.199999999999932,True,1,Rowing segment,0.054240335630806,0.1541899441340783,0.13938053097345127,False,False,0.0,72.87983218459698,22.905027932960838,30.309734513274368,63.02373737920638,47.5
268,697.4,2293.6,3.1,23.5,8.1,2.5531914893617023,0.040000000000000036,3.1380000000000003,7.5200000000000005,25.8,0.07083627444874652,2.6000000000000227,True,1,Rowing segment,0.059634402157626436,0.15977653631284905,0.14159292035398227,False,False,0.0,70.18279892118677,20.111731843575456,29.203539823008875,74.94180567765783,47.2
269,700.4,2303.0,3.13,19.5,9.4,3.076923076923077,0.029999999999999805,3.127,7.659999999999999,25.4,0.061110101001756276,3.0,True,1,Rowing segment,0.06293077614623913,0.14413407821229052,0.12389380530973439,False,False,0.0,68.53461192688042,27.93296089385472,38.05309734513281,85.24766976040556,52.3
270,703.1,2311.1,3.05,22.0,8.1,2.727272727272727,-0.08000000000000007,3.114,7.7,24.3,0.06239658110292428,2.7000000000000455,True,1,Rowing segment,0.0668264908600539,0.13966480446927365,0.07522123893805306,False,False,0.0,66.58675456997304,30.16759776536315,62.38938053097347,83.88451403014253,55.8
271,705.7,2319.0,2.97,22.5,7.9,2.6666666666666665,-0.07999999999999963,3.088,8.239999999999998,22.35,0.06285786435372831,2.6000000000000227,True,1,Rowing segment,0.07461792028768345,0.07932960893854758,0.011061946902654867,False,False,0.0,62.691039856158255,60.33519553072619,94.46902654867256,83.39573779020147,69.7
272,708.4,2326.8,3.08,22.5,7.8,2.6666666666666665,0.10999999999999988,3.075,8.17,22.35,0.04600724580614812,2.699999999999932,True,1,Rowing segment,0.07851363500149823,0.08715083798882675,0.011061946902654867,False,False,0.0,60.743182499250864,56.42458100558661,94.46902654867256,100.0,70.2
273,711.4,2336.1,3.23,22.0,9.3,2.727272727272727,0.1499999999999999,3.091,8.3,22.45,0.06707375708046683,3.0,True,1,Rowing segment,0.07371890919988,0.07262569832402219,0.006637168141593014,False,False,0.0,63.14054540005998,63.68715083798887,96.6814159292035,78.92857321967276,70.7
274,714.4,2345.6,3.23,19.0,9.6,3.1578947368421053,0.0,3.103,8.42,22.05,0.08028421735033651,3.0,True,1,Rowing segment,0.07012286484866634,0.059217877094972,0.02433628318584074,False,False,0.0,64.9385675756668,70.391061452514,87.83185840707964,64.93075498685621,70.3
275,717.0,2354.4,3.19,21.5,8.8,2.7906976744186047,-0.040000000000000036,3.1100000000000003,8.5,21.85,0.08485281374238855,2.6000000000000227,True,1,Rowing segment,0.06802517231045833,0.050279329608938474,0.0331858407079646,False,False,0.0,65.9874138447708,74.86033519553075,83.4070796460177,60.08986522460445,70.8
276,719.8,2363.2,3.16,23.0,8.9,2.608695652173913,-0.029999999999999805,3.12,8.51,21.85,0.08419553960210317,2.7999999999999545,True,1,Rowing segment,0.065028468684447,0.049162011173184306,0.0331858407079646,False,False,0.0,67.48576565777647,75.41899441340782,83.4070796460177,60.78631362662037,71.6
277,722.3,2371.9,3.15,22.5,8.6,2.6666666666666665,-0.010000000000000231,3.129,8.65,21.8,0.08184674024595776,2.5,True,1,Rowing segment,0.062331435421036786,0.03351955307262558,0.0353982300884956,False,False,0.0,68.83428228948158,83.24022346368719,82.3008849557522,63.275104007956905,75.1
278,725.6,2382.2,3.19,20.0,10.3,3.0,0.040000000000000036,3.138,8.870000000000001,21.45,0.08323994767471467,3.300000000000068,True,1,Rowing segment,0.05963440215762657,0.00893854748603333,0.05088495575221248,False,False,0.0,70.18279892118667,95.53072625698334,74.55752212389376,61.79885988398579,78.5
279,728.0,2390.1,3.15,23.0,7.9,2.608695652173913,-0.040000000000000036,3.1399999999999997,8.72,21.8,0.08326663997864733,2.3999999999999773,True,1,Rowing segment,0.05903506143242436,0.02569832402234622,0.0353982300884956,False,False,0.0,70.48246928378781,87.1508379888269,82.3008849557522,61.77057668937851,76.8
280,730.6,2398.5,3.13,23.0,8.4,2.608695652173913,-0.020000000000000018,3.148,8.75,21.9,0.07728734264634562,2.6000000000000227,True,1,Rowing segment,0.05663769853161511,0.02234636871508372,0.030973451327433753,False,False,0.0,71.6811507341924,88.82681564245809,84.51327433628313,68.10624671962113,79.1
281,733.2,2406.8,3.06,36.0,8.4,1.6666666666666667,-0.06999999999999984,3.157,8.8,23.25,0.05677440737985383,2.6000000000000227,True,1,Rowing segment,0.053940665268204895,0.016759776536312693,0.02876106194690259,False,False,0.0,73.02966736589755,91.62011173184364,85.61946902654871,89.84177549122512,83.9
282,734.2,2409.7,3.17,31.5,3.0,1.9047619047619047,0.10999999999999988,3.166,8.319999999999999,24.15,0.04993328882953302,1.0,True,1,Rowing segment,0.051243632004794676,0.07039106145251406,0.06858407079646005,False,False,0.0,74.37818399760265,64.80446927374295,65.70796460176997,97.09063223204211,73.1
283,736.7,2417.8,3.22,23.0,8.1,2.608695652173913,0.050000000000000266,3.165,8.2,24.25,0.048591265790379964,2.5,True,1,Rowing segment,0.05154330236739578,0.08379888268156425,0.07300884955752206,False,False,0.0,74.22834881630207,58.10055865921787,63.49557522123897,98.51264132048865,70.6
284,739.6,2426.3,3.09,21.5,8.5,2.7906976744186047,-0.13000000000000034,3.1510000000000002,8.09,24.5,0.047946729699627946,2.8999999999999773,True,1,Rowing segment,0.05573868744381166,0.09608938547486028,0.08407079646017693,False,False,0.0,72.13065627809416,51.95530726256985,57.96460176991154,99.19559247120779,67.0
285,742.1,2434.4,3.11,23.5,8.1,2.5531914893617023,0.020000000000000018,3.143,8.02,24.7,0.04738729318663264,2.5,True,1,Rowing segment,0.05813605034462091,0.10391061452513964,0.09292035398230078,False,False,0.0,70.93197482768953,48.04469273743017,53.53982300884961,99.78837201573052,64.6
286,744.7,2442.9,3.17,22.0,8.5,2.727272727272727,0.06000000000000005,3.1439999999999997,7.9799999999999995,24.6,0.04788875998951793,2.6000000000000227,True,1,Rowing segment,0.0578363799820198,0.10837988826815641,0.08849557522123894,False,False,0.0,71.08181000899005,45.81005586592179,55.75221238938053,99.25701723980421,64.2
287,748.3,2454.0,3.18,16.5,11.1,3.6363636363636362,0.010000000000000231,3.147,8.23,24.0,0.04922736366426344,3.599999999999909,True,1,Rowing segment,0.05693736889421635,0.08044692737430155,0.06194690265486719,False,False,0.0,71.53131555289183,59.776536312849174,69.0265486725664,97.83863131364505,71.0
288,751.0,2461.9,3.06,23.0,8.0,2.608695652173913,-0.1200000000000001,3.134,8.0,24.3,0.05358275012643032,2.7000000000000455,True,1,Rowing segment,0.06083308360803112,0.10614525139664797,0.07522123893805306,False,False,0.0,69.58345819598443,46.92737430167598,62.38938053097347,93.22365902762013,64.1
289,753.7,2470.5,3.05,21.5,8.6,2.7906976744186047,-0.010000000000000231,3.124,8.07,24.15,0.05929212051829448,2.7000000000000455,True,1,Rowing segment,0.06382978723404245,0.09832402234636861,0.06858407079646005,False,False,0.0,68.08510638297876,50.83798882681567,65.70796460176997,87.17400388037163,64.6
290,756.5,2478.8,3.13,21.5,8.3,2.7906976744186047,0.08000000000000007,3.124,8.059999999999999,24.0,0.05929212051829448,2.7999999999999545,True,1,Rowing segment,0.06382978723404245,0.09944134078212298,0.06194690265486719,False,False,0.0,68.08510638297876,50.2793296089385,69.0265486725664,87.17400388037163,64.9
291,759.0,2487.2,3.19,24.5,8.3,2.4489795918367347,0.06000000000000005,3.1369999999999996,8.05,22.85,0.057936747118448144,2.5,True,1,Rowing segment,0.05993407252022781,0.10055865921787695,0.011061946902654867,False,False,0.0,70.03296373988609,49.72067039106148,94.46902654867256,88.6101590256935,69.4
292,762.5,2497.9,3.19,17.0,10.7,3.5294117647058822,0.0,3.1390000000000002,8.819999999999999,21.4,0.05952590472503265,3.5,True,1,Rowing segment,0.05933473179502533,0.014525139664804558,0.05309734513274349,False,False,0.0,70.33263410248729,92.73743016759771,73.45132743362825,86.92628587776063,81.1
293,765.4,2506.6,3.14,20.5,8.7,2.926829268292683,-0.04999999999999982,3.131,8.879999999999999,21.15,0.05237683966538744,2.8999999999999773,True,1,Rowing segment,0.06173209469583457,0.007821229050279361,0.06415929203539836,False,False,0.0,69.13395265208266,96.08938547486028,67.92035398230082,94.50144307858392,82.2
294,768.4,2515.7,3.17,23.0,9.2,2.608695652173913,0.029999999999999805,3.139,8.95,21.3,0.05152130088074999,3.0,True,1,Rowing segment,0.059334731795025464,0.0,0.05752212389380534,False,False,0.0,70.33263410248725,99.99999999999997,71.23893805309733,95.40797291583674,84.6
295,771.0,2524.7,3.21,21.5,9.0,2.7906976744186047,0.040000000000000036,3.149,9.040000000000001,21.1,0.054863466897383285,2.6000000000000227,True,1,Rowing segment,0.056338028169014,-0.010055865921787893,0.0663716814159292,False,False,0.0,71.83098591549297,100.0,66.8141592920354,91.86661012839232,83.9
296,773.6,2532.9,3.04,34.5,8.2,1.7391304347826086,-0.16999999999999993,3.136,9.01,22.35,0.06397916327472306,2.6000000000000227,True,1,Rowing segment,0.06023374288282878,-0.006703910614525196,0.011061946902654867,False,False,0.0,69.88312855858557,100.0,94.46902654867256,82.20760822014125,86.0
297,774.4,2534.8,3.06,32.0,1.9,1.875,0.020000000000000018,3.124,8.09,23.9,0.06603029607687973,0.7999999999999545,True,1,Rowing segment,0.06382978723404245,0.09608938547486028,0.05752212389380518,False,False,0.0,68.08510638297876,51.95530726256985,71.23893805309741,80.03422564682991,64.7
298,777.0,2543.1,3.17,23.5,8.3,2.5531914893617023,0.10999999999999988,3.135,8.12,23.95,0.06328945848682778,2.6000000000000227,True,1,Rowing segment,0.06053341324543002,0.09273743016759778,0.05973451327433618,False,False,0.0,69.73329337728495,53.63128491620106,70.1327433628319,82.93842017203676,66.1
299,779.6,2551.3,3.09,23.5,8.2,2.5531914893617023,-0.08000000000000007,3.139,8.08,24.15,0.05839520528262845,2.6000000000000227,True,1,Rowing segment,0.059334731795025464,0.09720670391061445,0.06858407079646005,False,False,0.0,70.33263410248725,51.39664804469274,65.70796460176997,88.12437625064642,65.7
300,782.0,2559.2,3.12,24.5,8.0,2.4489795918367347,0.03000000000000025,3.138,8.05,24.45,0.05865151319446347,2.3999999999999773,True,1,Rowing segment,0.05963440215762657,0.10055865921787695,0.08185840707964592,False,False,0.0,70.18279892118667,49.72067039106148,59.070796460177036,87.85279210533982,64.0
301,785.2,2569.2,3.17,19.5,10.0,3.076923076923077,0.04999999999999982,3.136,8.219999999999999,23.95,0.0569990253328004,3.2000000000000455,True,1,Rowing segment,0.06023374288282878,0.08156424581005592,0.05973451327433618,False,False,0.0,69.88312855858557,59.217877094972,70.1327433628319,89.60377006121412,69.1
302,787.8,2577.6,3.17,23.0,8.4,2.608695652173913,0.0,3.134,7.99,24.55,0.05521674464226622,2.599999999999909,True,1,Rowing segment,0.06083308360803112,0.10726256983240214,0.08628318584070793,False,False,0.0,69.58345819598443,46.36871508379892,56.858407079646035,91.49227664132607,62.8
303,791.6,2589.3,3.13,15.5,11.7,3.870967741935484,-0.040000000000000036,3.133,8.290000000000001,24.05,0.05518655230720531,3.800000000000068,True,1,Rowing segment,0.06113275397063223,0.07374301675977636,0.06415929203539819,False,False,0.0,69.43362301468386,63.1284916201118,67.92035398230091,91.5242684727667,70.3
304,794.6,2597.7,2.97,21.0,8.5,2.857142857142857,-0.1599999999999997,3.1130000000000004,8.219999999999999,23.85,0.07349225204816869,3.0,True,1,Rowing segment,0.06712616122265488,0.08156424581005592,0.05530973451327433,False,False,0.0,66.43691938867252,59.217877094972,72.34513274336283,72.12752889186415,65.7
305,797.2,2605.7,2.86,23.0,8.0,2.608695652173913,-0.11000000000000032,3.0780000000000003,8.12,24.0,0.10053191864610614,2.6000000000000227,True,1,Rowing segment,0.07761462391369478,0.09273743016759778,0.06194690265486719,False,False,0.0,61.192688043152586,53.63128491620106,69.0265486725664,43.476268422373884,57.1
306,799.8,2614.0,3.01,22.5,8.3,2.6666666666666665,0.1499999999999999,3.075,8.13,22.8,0.10222524150130757,2.599999999999909,True,1,Rowing segment,0.07851363500149823,0.09162011173184341,0.008849557522123862,False,False,0.0,60.743182499250864,54.18994413407829,95.57522123893807,41.682021662429804,60.8
307,802.5,2622.7,3.13,21.5,8.7,2.7906976744186047,0.1200000000000001,3.082,8.809999999999999,21.75,0.10347302385968665,2.7000000000000455,True,1,Rowing segment,0.07641594246329035,0.015642458100558723,0.03761061946902661,False,False,0.0,61.792028768354825,92.1787709497206,81.19469026548668,40.359870102991536,72.1
308,805.6,2632.1,3.12,20.0,9.4,3.0,-0.009999999999999787,3.077,8.92,21.4,0.09989438867568858,3.1000000000000227,True,1,Rowing segment,0.07791429427629602,0.0033519553072624986,0.05309734513274349,False,False,0.0,61.042852861851955,98.32402234636871,73.45132743362825,44.15179588028024,73.4
309,808.2,2640.6,3.12,23.0,8.5,2.608695652173913,0.0,3.08,8.95,21.35,0.10077477638554296,2.6000000000000227,True,1,Rowing segment,0.07701528318849257,0.0,0.05530973451327433,False,False,0.0,61.49235840575367,99.99999999999997,72.34513274336283,43.21893609453495,73.9
310,811.4,2650.8,3.16,18.5,10.2,3.2432432432432434,0.040000000000000036,3.084,9.17,20.75,0.10330107023217,3.199999999999932,True,1,Rowing segment,0.075816601738088,-0.024581005586592253,0.08185840707964608,False,False,0.0,62.091699130955966,100.0,59.070796460176965,40.54207235584879,71.7
311,814.4,2660.0,3.12,20.0,9.1,3.0,-0.040000000000000036,3.079,9.08,20.8,0.09982762921935087,3.0,True,1,Rowing segment,0.07731495355109368,-0.014525139664804558,0.07964601769911507,False,False,0.0,61.34252322445315,100.0,60.17699115044246,44.22253427364782,72.1
312,817.0,2667.4,2.98,23.5,7.5,2.5531914893617023,-0.14000000000000012,3.06,8.989999999999998,20.85,0.0986576572463288,2.6000000000000227,True,1,Rowing segment,0.08300869044051534,-0.004469273743016665,0.07743362831858407,False,False,0.0,58.495654779742274,100.0,61.28318584070798,45.46223786317416,71.5
313,819.6,2673.6,2.81,22.5,6.2,2.6666666666666665,-0.16999999999999993,3.028,8.44,21.55,0.12245634142647127,2.6000000000000227,True,1,Rowing segment,0.0925981420437518,0.05698324022346367,0.04646017699115047,False,False,0.0,53.70092897812406,71.50837988826812,76.76991150442475,20.245125928502205,58.4
314,822.5,2681.8,2.69,20.0,8.2,3.0,-0.1200000000000001,3.0,8.41,21.45,0.16261747890200967,2.8999999999999773,True,1,Rowing segment,0.1009889121965837,0.060335195530726166,0.05088495575221248,False,False,0.0,49.50554390170813,69.83240223463687,74.55752212389376,0.0,53.0
315,825.4,2690.7,2.85,21.5,8.9,2.7906976744186047,0.16000000000000014,2.9989999999999997,8.499999999999998,21.3,0.1636018201474442,2.8999999999999773,True,1,Rowing segment,0.10128858255918492,0.05027932960893867,0.05752212389380534,False,False,0.0,49.355708720407506,74.86033519553064,71.23893805309733,0.0,54.2
316,828.4,2700.2,3.03,21.5,9.5,2.7906976744186047,0.17999999999999972,3.0010000000000003,8.62,21.2,0.16387325725830176,3.0,True,1,Rowing segment,0.10068924183398245,0.03687150837988828,0.061946902654867346,False,False,0.0,49.65537908300876,81.56424581005584,69.02654867256632,0.0,56.3
317,831.0,2709.1,2.97,20.5,8.9,2.926829268292683,-0.05999999999999961,2.9850000000000003,8.64,21.1,0.1575683273306504,2.6000000000000227,True,1,Rowing segment,0.10548396763560068,0.03463687150837975,0.0663716814159292,False,False,0.0,47.258016182199654,82.68156424581008,66.8141592920354,0.0,55.5
318,834.0,2718.3,2.93,21.0,9.2,2.857142857142857,-0.040000000000000036,2.966,8.620000000000001,21.2,0.1507905095746384,3.0,True,1,Rowing segment,0.11117770452502235,0.036871508379888084,0.061946902654867346,False,False,0.0,44.41114773748877,81.56424581005595,69.02654867256632,0.0,54.4
319,837.0,2727.8,3.0,19.5,9.5,3.076923076923077,0.06999999999999984,2.9539999999999997,8.72,20.85,0.14167254889749292,3.0,True,1,Rowing segment,0.11477374887623615,0.02569832402234622,0.07743362831858407,False,False,0.0,42.61312556188191,87.1508379888269,61.28318584070798,0.0,54.6
320,839.8,2736.7,3.08,21.5,8.9,2.7906976744186047,0.08000000000000007,2.946,8.59,21.15,0.13057139383835323,2.7999999999999545,True,1,Rowing segment,0.11717111177704513,0.040223463687150775,0.06415929203539836,False,False,0.0,41.41444411147743,79.88826815642457,67.92035398230082,11.64640746670984,54.4
321,842.4,2745.2,3.15,22.0,8.6,2.727272727272727,0.06999999999999984,2.949,8.540000000000001,21.35,0.1352733857375142,2.6000000000000227,True,1,Rowing segment,0.11627210068924182,0.04581005586592161,0.05530973451327433,False,False,0.0,41.86394965537909,77.09497206703918,72.34513274336283,6.66417167839688,53.5
322,845.2,2754.4,3.11,34.5,9.2,1.7391304347826086,-0.040000000000000036,2.9619999999999997,8.709999999999999,22.45,0.1445145129197956,2.800000000000068,True,1,Rowing segment,0.11237638597542704,0.026815642458100586,0.006637168141593014,False,False,0.0,43.811807012286486,86.5921787709497,96.6814159292035,0.0,60.1
323,846.0,2757.0,3.23,30.5,2.6,1.9672131147540983,0.1200000000000001,3.004,8.35,23.25,0.15600569790164326,0.7999999999999545,True,1,Rowing segment,0.09979023074617913,0.06703910614525137,0.02876106194690259,False,False,0.0,50.10488462691043,66.48044692737432,85.61946902654871,0.0,53.6
324,849.0,2766.3,3.3,22.0,9.3,2.727272727272727,0.06999999999999984,3.065,8.459999999999999,23.45,0.13778001790293776,3.0,True,1,Rowing segment,0.08151033862750968,0.05474860335195533,0.037610619469026454,False,False,0.0,59.244830686245145,72.62569832402232,81.19469026548678,4.008141478740845,58.9
325,851.6,2774.8,3.22,22.5,8.6,2.6666666666666665,-0.07999999999999963,3.102,8.430000000000001,23.55,0.12245634142646841,2.6000000000000227,True,1,Rowing segment,0.07042253521126757,0.058100558659217635,0.042035398230088464,False,False,0.0,64.78873239436616,70.94972067039117,78.98230088495578,20.245125928505225,62.4
326,854.2,2783.4,3.26,22.0,8.6,2.727272727272727,0.03999999999999959,3.125,8.34,23.6,0.1288625452005183,2.6000000000000227,True,1,Rowing segment,0.06353011687144135,0.06815642458100553,0.04424778761061947,False,False,0.0,68.23494156427928,65.92178770949718,77.87610619469027,13.457105363009969,60.7
327,856.8,2792.1,3.29,23.0,8.7,2.608695652173913,0.03000000000000025,3.157,8.32,23.85,0.12579083167438376,2.599999999999909,True,1,Rowing segment,0.053940665268204895,0.07039106145251386,0.05530973451327433,False,False,0.0,73.02966736589755,64.80446927374305,72.34513274336283,16.711896394037318,61.6
328,859.6,2801.4,3.36,23.0,9.3,2.608695652173913,0.06999999999999984,3.2,8.33,24.05,0.11234866364234909,2.800000000000068,True,1,Rowing segment,0.041054839676355884,0.06927374301675969,0.06415929203539819,False,False,0.0,79.47258016182201,65.36312849162012,67.92035398230091,30.955232426511124,65.5
329,862.2,2810.0,3.34,23.0,8.6,2.608695652173913,-0.020000000000000018,3.2340000000000004,8.239999999999998,24.4,0.09524238085595246,2.6000000000000227,True,1,Rowing segment,0.030866047347917088,0.07932960893854758,0.07964601769911492,False,False,0.0,84.56697632604143,60.33519553072619,60.17699115044255,49.08106848305456,67.1
330,864.6,2817.5,3.21,22.0,7.5,2.727272727272727,-0.1299999999999999,3.247,8.1,24.45,0.07944949478896209,2.3999999999999773,True,1,Rowing segment,0.026970332634102447,0.09497206703910611,0.08185840707964592,False,False,0.0,86.51483368294876,52.51396648044693,59.070796460177036,65.81522793104271,67.4
331,867.5,2826.3,3.14,21.5,8.8,2.7906976744186047,-0.06999999999999984,3.246,8.12,24.4,0.08085652588243496,2.8999999999999773,True,1,Rowing segment,0.02727000299670355,0.09273743016759778,0.07964601769911492,False,False,0.0,86.36499850164819,53.63128491620106,60.17699115044255,64.32433623673322,67.7
332,870.4,2835.2,3.22,23.0,8.9,2.608695652173913,0.08000000000000007,3.257,8.09,23.25,0.06650814486461291,2.8999999999999773,True,1,Rowing segment,0.02397362900809099,0.09608938547486028,0.02876106194690259,False,False,0.0,88.0131854959545,51.95530726256985,85.61946902654871,79.52789654573745,73.8
333,873.5,2845.4,3.23,17.5,10.2,3.4285714285714284,0.009999999999999787,3.257,8.85,21.95,0.06650814486461291,3.1000000000000227,True,1,Rowing segment,0.02397362900809099,0.01117318435754186,0.028761061946902748,False,False,0.0,88.0131854959545,94.41340782122903,85.61946902654863,79.52789654573745,88.6
334,876.4,2853.9,3.14,22.0,8.5,2.727272727272727,-0.08999999999999986,3.2409999999999997,8.77,21.95,0.07385421074281123,2.8999999999999773,True,1,Rowing segment,0.028768354809709348,0.020111731843575387,0.028761061946902748,False,False,0.0,85.61582259514533,89.94413407821227,85.61946902654863,71.74399706088398,85.1
335,879.0,2862.5,3.11,22.0,8.6,2.727272727272727,-0.03000000000000025,3.2300000000000004,8.77,21.9,0.08472176684758762,2.6000000000000227,True,1,Rowing segment,0.032064728798321646,0.020111731843575387,0.030973451327433753,False,False,0.0,83.96763560083913,89.94413407821227,84.51327433628313,60.22872265848073,82.6
336,881.6,2870.9,3.11,21.5,8.3,2.7906976744186047,0.0,3.215,8.74,21.85,0.09180292902613248,2.6000000000000227,True,1,Rowing segment,0.036559784237338896,0.023463687150837888,0.0331858407079646,False,False,0.0,81.72010788133053,88.26815642458102,83.4070796460177,52.72551542516123,79.9
337,884.4,2879.7,3.12,23.5,8.9,2.5531914893617023,0.010000000000000231,3.198,8.76,21.9,0.09211104409593841,2.7999999999999545,True,1,Rowing segment,0.04165418040155822,0.021229050279329555,0.030973451327433753,False,False,0.0,79.17290979922086,89.38547486033521,84.51327433628313,52.399036358283304,79.5
338,887.0,2888.3,3.2,22.0,8.6,2.727272727272727,0.08000000000000007,3.182,8.690000000000001,21.8,0.07269418439217842,2.6000000000000227,True,1,Rowing segment,0.04644890620317645,0.029050279329608717,0.0353982300884956,False,False,0.0,76.77554689841176,85.47486033519563,82.3008849557522,72.97316225798696,80.1
339,889.8,2897.6,3.31,22.5,9.3,2.6666666666666665,0.10999999999999988,3.1790000000000003,8.760000000000002,21.75,0.06573515886579066,2.7999999999999545,True,1,Rowing segment,0.04734791729097977,0.021229050279329358,0.03761061946902661,False,False,0.0,76.3260413545101,89.38547486033531,81.19469026548668,80.34695336033643,82.2
340,892.2,2906.0,3.37,22.0,8.5,2.727272727272727,0.06000000000000005,3.195,8.860000000000001,21.75,0.08934950102453197,2.400000000000091,True,1,Rowing segment,0.04255319148936167,0.010055865921787496,0.03761061946902661,False,False,0.0,78.72340425531914,94.97206703910621,81.19469026548668,55.325170434308376,81.3
341,895.0,2915.5,3.4,22.5,9.5,2.6666666666666665,0.029999999999999805,3.221,8.930000000000001,21.85,0.10754327294421931,2.7999999999999545,True,1,Rowing segment,0.034761762061731996,0.002234636871508134,0.0331858407079646,False,False,0.0,82.61911896913398,98.8826815642459,83.4070796460177,36.047029695945064,81.4
342,897.6,2924.6,3.43,22.0,9.0,2.727272727272727,0.03000000000000025,3.242,8.940000000000001,21.75,0.12620970203945509,2.6000000000000227,True,1,Rowing segment,0.02846868444710811,0.0011173184357539678,0.03761061946902661,False,False,0.0,85.7656577764459,99.44134078212296,81.19469026548668,16.26806089447077,79.4
343,900.4,2933.6,3.48,22.5,9.1,2.6666666666666665,0.04999999999999982,3.2670000000000003,8.83,22.25,0.14667045449653848,2.7999999999999545,True,1,Rowing segment,0.02097692538207953,0.013407821229050192,0.015486725663716876,False,False,0.0,89.51153730896021,93.2960893854749,92.25663716814157,0.0,77.8
344,903.0,2943.0,3.5,23.0,9.4,2.608695652173913,0.020000000000000018,3.303,8.92,22.35,0.15592377054901183,2.6000000000000227,True,1,Rowing segment,0.01018879232843866,0.0033519553072624986,0.011061946902654867,False,False,0.0,94.90560383578067,98.32402234636871,94.46902654867256,0.0,81.8
345,905.8,2952.3,3.41,21.5,9.3,2.7906976744186047,-0.08999999999999986,3.3329999999999997,8.99,22.3,0.14298795598075378,2.7999999999999545,True,1,Rowing segment,0.0011986814504045562,-0.0044692737430168635,0.013274336283185872,False,False,0.0,99.40065927479768,100.0,93.36283185840706,0.0,83.8
346,908.4,2961.0,3.27,22.5,8.7,2.6666666666666665,-0.14000000000000012,3.349,9.03,22.4,0.12278707858184813,2.6000000000000227,True,1,Rowing segment,-0.0035960443512138016,-0.008938547486033527,0.008849557522124019,False,False,0.0,100.0,100.0,95.57522123893798,19.89467647487013,87.3
347,911.6,2971.1,3.18,19.0,10.1,3.1578947368421053,-0.08999999999999986,3.3549999999999995,9.15,21.95,0.11128042655081606,3.2000000000000455,True,1,Rowing segment,-0.0053940665268204365,-0.02234636871508392,0.028761061946902748,False,False,0.0,100.0,100.0,85.61946902654863,32.08713762370827,87.7
348,914.0,2979.0,3.11,24.5,7.9,2.4489795918367347,-0.07000000000000028,3.346,9.080000000000002,22.2,0.12764534199621883,2.3999999999999773,True,1,Rowing segment,-0.002697033263410351,-0.014525139664804756,0.01769911504424788,False,False,0.0,100.0,100.0,91.15044247787606,14.746855217149912,85.9
349,916.8,2988.2,3.2,22.5,9.2,2.6666666666666665,0.0900000000000003,3.335,9.069999999999999,22.2,0.13558515159607912,2.7999999999999545,True,1,Rowing segment,0.0005993407252022115,-0.013407821229050192,0.01769911504424788,False,False,0.0,99.7003296373989,100.0,91.15044247787606,6.333824231734253,84.5
350,919.4,2997.0,3.32,22.0,8.8,2.727272727272727,0.11999999999999966,3.3300000000000005,9.1,22.2,0.13507199726235972,2.6000000000000227,True,1,Rowing segment,0.0020976925382077405,-0.01675977653631289,0.01769911504424788,False,False,0.0,98.95115373089612,100.0,91.15044247787606,6.87756312818808,84.3
351,922.2,3006.2,3.3,22.5,9.2,2.6666666666666665,-0.020000000000000018,3.3200000000000003,9.069999999999999,22.2,0.13299958228839456,2.800000000000068,True,1,Rowing segment,0.0050943961642191974,-0.013407821229050192,0.01769911504424788,False,False,0.0,97.45280191789035,100.0,91.15044247787606,9.073496314157058,84.1
352,925.2,3015.6,3.24,21.5,9.5,2.7906976744186047,-0.05999999999999961,3.3009999999999997,9.12,22.15,0.12905209972892012,3.0,True,1,Rowing segment,0.010788133053641005,-0.018994413407821223,0.019911504424778886,False,False,0.0,94.60593347317946,100.0,90.04424778761056,13.256253176214639,83.6
353,927.4,3022.6,3.23,23.5,7.0,2.5531914893617023,-0.010000000000000231,3.276,8.91,22.25,0.11384199576605682,2.199999999999932,True,1,Rowing segment,0.018279892118669448,0.004469273743016665,0.015486725663716876,False,False,0.0,90.86005394066527,97.76536312849164,92.25663716814157,29.372896065637843,84.3
354,932.8,3039.0,3.19,11.5,16.4,5.217391304347826,-0.040000000000000036,3.245,9.61,21.1,0.0844919457042387,5.399999999999977,True,1,Rowing segment,0.02756967335930466,-0.07374301675977656,0.0663716814159292,False,False,0.0,86.21516332034767,100.0,66.8141592920354,60.472241394765305,84.3
355,935.2,3045.8,2.88,22.0,6.8,2.727272727272727,-0.31000000000000005,3.1919999999999997,9.36,21.15,0.12568037060557652,2.400000000000091,True,1,Rowing segment,0.04345220257716513,-0.04581005586592181,0.06415929203539836,False,False,0.0,78.27389871141743,100.0,67.92035398230082,16.828941064047285,75.1
356,938.0,3054.4,2.83,22.0,8.6,2.727272727272727,-0.04999999999999982,3.148,9.35,21.1,0.16591831993149134,2.7999999999999545,True,1,Rowing segment,0.05663769853161511,-0.04469273743016764,0.0663716814159292,False,False,0.0,71.6811507341924,100.0,66.8141592920354,0.0,70.1
357,940.6,3062.8,3.1,23.0,8.3,2.608695652173913,0.27,3.1399999999999997,9.17,21.5,0.16613247725836114,2.6000000000000227,True,1,Rowing segment,0.05903506143242436,-0.024581005586592253,0.04867256637168148,False,False,0.0,70.48246928378781,100.0,75.66371681415927,0.0,71.0
358,943.2,3071.3,3.2,23.0,8.5,2.608695652173913,0.10000000000000009,3.149,9.23,21.35,0.16676330531624697,2.6000000000000227,True,1,Rowing segment,0.056338028169014,-0.031284916201117445,0.05530973451327433,False,False,0.0,71.83098591549297,100.0,72.34513274336283,0.0,71.0
359,945.8,3079.6,3.23,22.0,8.3,2.727272727272727,0.029999999999999805,3.152,9.139999999999999,21.3,0.1680476123007994,2.599999999999909,True,1,Rowing segment,0.05543901708121055,-0.021229050279329555,0.05752212389380534,False,False,0.0,72.28049145939468,100.0,71.23893805309733,0.0,71.0
360,948.6,3088.7,3.23,20.5,9.0,2.926829268292683,0.0,3.143,9.16,21.15,0.1602810032411822,2.800000000000068,True,1,Rowing segment,0.05813605034462091,-0.023463687150838086,0.06415929203539836,False,False,0.0,70.93197482768953,100.0,67.92035398230082,0.0,70.0
361,951.4,3097.1,3.24,23.0,8.4,2.608695652173913,0.010000000000000231,3.137,9.080000000000002,21.2,0.15477941292906686,2.7999999999999545,True,1,Rowing segment,0.05993407252022767,-0.014525139664804756,0.061946902654867346,False,False,0.0,70.03296373988616,100.0,69.02654867256632,0.0,69.9
362,954.8,3108.3,3.19,34.5,11.2,1.7391304347826086,-0.050000000000000266,3.132,9.25,22.5,0.15186251091767897,3.3999999999999773,True,1,Rowing segment,0.061432424333233336,-0.03351955307262578,0.004424778761062009,False,False,0.0,69.28378783338329,100.0,97.78761061946899,0.0,73.9
363,955.6,3110.6,3.14,23.5,2.3,2.5531914893617023,-0.04999999999999982,3.123,8.780000000000001,22.5,0.14802777517149351,0.8000000000000682,True,1,Rowing segment,0.06412945759664355,0.018994413407821025,0.004424778761062009,False,False,0.0,67.93527120167819,90.50279329608945,97.78761061946899,0.0,70.1
364,958.4,3118.7,3.02,22.0,8.1,2.727272727272727,-0.1200000000000001,3.1060000000000003,7.95,23.55,0.14923508672933194,2.7999999999999545,True,1,Rowing segment,0.06922385376086289,0.1117318435754189,0.042035398230088464,False,False,0.0,65.38807311956852,44.13407821229054,78.98230088495578,0.0,50.2
365,961.0,3126.7,2.94,22.5,8.1,2.6666666666666665,-0.08000000000000007,3.112,8.08,23.6,0.14006347767272473,2.6000000000000227,True,1,Rowing segment,0.06742583158525611,0.09720670391061445,0.04424778761061947,False,False,0.0,66.28708420737189,51.39664804469274,77.87610619469027,1.5885849949800912,53.1
366,963.6,3135.0,3.06,22.0,8.2,2.727272727272727,0.1200000000000001,3.1350000000000002,8.04,23.6,0.10244239573752843,2.6000000000000227,True,1,Rowing segment,0.060533413245429886,0.1016759776536313,0.04424778761061947,False,False,0.0,69.73329337728501,49.162011173184304,77.87610619469027,41.4519247948711,59.5
367,966.4,3143.0,3.18,22.5,8.1,2.6666666666666665,0.1200000000000001,3.1430000000000002,8.02,23.55,0.10252912865240846,2.7999999999999545,True,1,Rowing segment,0.05813605034462077,0.10391061452513964,0.042035398230088464,False,False,0.0,70.93197482768959,48.04469273743017,78.98230088495578,41.36002250286226,59.7
368,969.0,3151.8,3.25,23.0,8.7,2.608695652173913,0.06999999999999984,3.148,8.04,23.55,0.10674996747332259,2.6000000000000227,True,1,Rowing segment,0.05663769853161511,0.1016759776536313,0.042035398230088464,False,False,0.0,71.6811507341924,49.162011173184304,78.98230088495578,36.887617045504584,59.7
369,971.8,3160.4,3.21,22.0,8.6,2.727272727272727,-0.040000000000000036,3.146,8.07,23.55,0.10521934760827494,2.7999999999999545,True,1,Rowing segment,0.05723703925681746,0.09832402234636861,0.042035398230088464,False,False,0.0,71.38148037159125,50.83798882681567,78.98230088495578,38.50946353811635,60.4
370,974.4,3168.6,3.11,22.5,8.2,2.6666666666666665,-0.10000000000000009,3.1340000000000003,7.989999999999999,23.75,0.10134649037392,2.6000000000000227,True,1,Rowing segment,0.06083308360803099,0.10726256983240223,0.05088495575221232,False,False,0.0,69.58345819598449,46.368715083798854,74.55752212389383,42.61314732359309,58.2
371,977.2,3177.3,3.08,22.0,8.7,2.727272727272727,-0.029999999999999805,3.118,8.02,23.65,0.09519570485175397,2.800000000000068,True,1,Rowing segment,0.06562780940964935,0.10391061452513964,0.04646017699115031,False,False,0.0,67.18609529517532,48.04469273743017,76.76991150442485,49.1305264284446,59.2
372,979.8,3185.6,3.11,22.5,8.4,2.6666666666666665,0.029999999999999805,3.1100000000000003,7.74,22.45,0.0917726659862418,2.599999999999909,True,1,Rowing segment,0.06802517231045833,0.1351955307262569,0.006637168141593014,False,False,0.0,65.9874138447708,32.402234636871526,96.6814159292035,52.75758217551726,56.9
373,982.4,3194.2,3.15,22.0,8.6,2.727272727272727,0.040000000000000036,3.1109999999999998,8.37,22.3,0.09218941852994281,2.6000000000000227,True,1,Rowing segment,0.06772550194785736,0.06480446927374303,0.013274336283185872,False,False,0.0,66.13724902607132,67.59776536312845,93.36283185840706,52.315990721804184,68.7
374,985.2,3203.2,3.17,22.5,9.0,2.6666666666666665,0.020000000000000018,3.126,8.459999999999999,22.35,0.08783823515733653,2.800000000000068,True,1,Rowing segment,0.06323044650884024,0.05474860335195533,0.011061946902654867,False,False,0.0,68.38477674557986,72.62569832402232,94.46902654867256,56.92650940950749,72.1
375,988.4,3213.6,3.06,34.5,10.4,1.7391304347826086,-0.10999999999999988,3.138,8.690000000000001,23.55,0.0647731082746188,3.199999999999932,True,1,Rowing segment,0.05963440215762657,0.029050279329608717,0.042035398230088464,False,False,0.0,70.18279892118667,85.47486033519563,78.98230088495578,81.36634322495092,78.5
376,989.2,3215.8,3.06,25.5,2.2,2.3529411764705883,0.0,3.1380000000000003,8.09,23.9,0.0647731082746188,0.8000000000000682,True,1,Rowing segment,0.059634402157626436,0.09608938547486028,0.05752212389380518,False,False,0.0,70.18279892118677,51.95530726256985,71.23893805309741,81.36634322495092,65.6
377,992.0,3224.0,3.02,22.0,8.2,2.727272727272727,-0.040000000000000036,3.122,8.1,23.85,0.07254117604658906,2.7999999999999545,True,1,Rowing segment,0.0644291279592448,0.09497206703910611,0.05530973451327433,False,False,0.0,67.78543602037756,52.51396648044693,72.34513274336283,73.13529006927517,63.9
378,994.8,3232.5,2.94,21.5,8.5,2.7906976744186047,-0.08000000000000007,3.0909999999999997,8.08,23.7,0.07781031065639431,2.7999999999999545,True,1,Rowing segment,0.07371890919988014,0.09720670391061445,0.04867256637168132,False,False,0.0,63.14054540005992,51.39664804469274,75.66371681415934,67.55210924093421,61.6
379,997.6,3241.3,3.05,21.0,8.7,2.857142857142857,0.10999999999999988,3.075,8.09,23.6,0.0662067468868057,2.800000000000068,True,1,Rowing segment,0.07851363500149823,0.09608938547486028,0.04424778761061947,False,False,0.0,60.743182499250864,51.95530726256985,77.87610619469027,79.84725817454506,63.1
380,1000.2,3249.2,3.06,23.0,7.9,2.608695652173913,0.010000000000000231,3.0700000000000003,8.06,23.65,0.06514940095230876,2.6000000000000227,True,1,Rowing segment,0.08001198681450389,0.09944134078212277,0.04646017699115031,True,False,0.0,59.994006592748,50.2793296089386,76.76991150442485,80.96762308976703,62.3
381,1002.8,3257.5,3.09,22.0,8.3,2.727272727272727,0.029999999999999805,3.071,8.02,23.65,0.0653962282296686,2.599999999999909,True,1,Rowing segment,0.07971231645190278,0.10391061452513964,0.04646017699115031,False,False,0.0,60.143841774048575,48.04469273743017,76.76991150442485,80.70608463517856,61.5
382,1005.5,3266.0,3.2,21.5,8.6,2.7906976744186047,0.11000000000000032,3.08,8.04,23.55,0.07659416862050841,2.7000000000000455,True,1,Rowing segment,0.07701528318849257,0.1016759776536313,0.042035398230088464,False,False,0.0,61.49235840575367,49.162011173184304,78.98230088495578,68.84073467985588,60.9
383,1008.4,3275.1,3.28,22.0,9.0,2.727272727272727,0.07999999999999963,3.093,8.08,23.55,0.09787179823058857,2.8999999999999773,True,1,Rowing segment,0.07311956847467779,0.09720670391061445,0.042035398230088464,False,False,0.0,63.44021576266106,51.39664804469274,78.98230088495578,46.294934940659125,59.0
384,1010.8,3283.6,3.34,24.5,8.5,2.4489795918367347,0.06000000000000005,3.1100000000000003,8.03,23.75,0.12400716825158876,2.3999999999999773,True,1,Rowing segment,0.06802517231045833,0.10279329608938548,0.05088495575221232,False,False,0.0,65.9874138447708,48.60335195530724,74.55752212389383,18.60186811877376,54.1
385,1013.6,3293.0,3.35,21.5,9.4,2.7906976744186047,0.010000000000000231,3.1390000000000002,7.93,22.45,0.14340695783523016,2.800000000000068,True,1,Rowing segment,0.05933473179502533,0.11396648044692734,0.006637168141593014,False,False,0.0,70.33263410248729,43.01675977653629,96.6814159292035,0.0,54.2
386,1016.2,3301.8,3.3,23.0,8.8,2.608695652173913,-0.050000000000000266,3.163,8.59,22.2,0.14870178957303107,2.6000000000000227,True,1,Rowing segment,0.052142643092598126,0.040223463687150775,0.01769911504424788,False,False,0.0,73.92867845370094,79.88826815642457,91.15044247787606,0.0,67.5
387,1018.8,3310.4,3.27,22.0,8.6,2.727272727272727,-0.029999999999999805,3.1879999999999997,8.63,22.2,0.14289078968841007,2.599999999999909,True,1,Rowing segment,0.044650884027569684,0.035754189944133916,0.01769911504424788,False,False,0.0,77.67455798621513,82.12290502793302,91.15044247787606,0.0,69.6
388,1021.4,3319.0,3.28,22.5,8.7,2.6666666666666665,0.009999999999999787,3.222,8.65,22.3,0.11506519890913791,2.6000000000000227,True,1,Rowing segment,0.03446209169913089,0.03351955307262558,0.013274336283185872,False,False,0.0,82.76895415043455,83.24022346368719,93.36283185840706,28.076788669765264,76.3
389,1024.2,3328.0,3.26,23.0,9.0,2.608695652173913,-0.020000000000000018,3.243,8.68,22.5,0.0980985898641397,2.800000000000068,True,1,Rowing segment,0.028169014084507,0.030167597765363083,0.004424778761062009,False,False,0.0,85.91549295774648,84.91620111731845,97.78761061946899,46.0546262762886,81.4
390,1028.0,3339.9,3.19,15.5,11.8,3.870967741935484,-0.06999999999999984,3.2559999999999993,9.069999999999999,21.75,0.07763160868271357,3.7999999999999545,True,1,Rowing segment,0.02427329937069236,-0.013407821229050192,0.03761061946902661,False,False,0.0,87.8633503146538,100.0,81.19469026548668,67.74146204880978,88.1
391,1030.6,3348.0,3.1,23.0,8.1,2.608695652173913,-0.08999999999999986,3.257,9.05,21.85,0.07528464503321425,2.599999999999909,True,1,Rowing segment,0.02397362900809099,-0.01117318435754206,0.0331858407079646,False,False,0.0,88.0131854959545,100.0,83.4070796460177,70.22830731336492,88.8
392,1033.2,3356.2,3.08,22.5,8.3,2.6666666666666665,-0.020000000000000018,3.2449999999999997,9.02,21.95,0.09288583195394841,2.6000000000001364,True,1,Rowing segment,0.02756967335930479,-0.007821229050279361,0.028761061946902748,False,False,0.0,86.21516332034756,100.0,85.61946902654863,51.578070291707014,85.8
393,1036.0,3365.1,3.12,21.5,8.9,2.7906976744186047,0.040000000000000036,3.229,9.010000000000002,21.9,0.09971626413646269,2.7999999999999545,True,1,Rowing segment,0.03236439916092288,-0.0067039106145253945,0.030973451327433753,False,False,0.0,83.8178004195385,100.0,84.51327433628313,44.3405368379723,83.7
394,1040.2,3377.9,3.1,14.5,12.8,4.137931034482759,-0.020000000000000018,3.2050000000000005,9.440000000000001,20.9,0.09891073416638331,4.2000000000000455,True,1,Rowing segment,0.03955648786335009,-0.054748603351955534,0.07522123893805321,False,False,0.0,80.22175606832494,100.0,62.38938053097339,45.19407728031213,79.2
395,1043.0,3386.0,2.97,22.5,8.1,2.6666666666666665,-0.1299999999999999,3.1670000000000003,9.309999999999999,21.0,0.10944811048569413,2.7999999999999545,True,1,Rowing segment,0.05094396164219343,-0.040223463687150775,0.0707964601769912,False,False,0.0,74.52801917890328,100.0,64.60176991150439,34.02866174176986,75.9
396,1045.6,3394.2,2.98,21.5,8.2,2.7906976744186047,0.009999999999999787,3.1350000000000002,9.25,20.85,0.11296508801887033,2.599999999999909,True,1,Rowing segment,0.060533413245429886,-0.03351955307262578,0.07743362831858407,False,False,0.0,69.73329337728501,100.0,61.28318584070798,30.302068479112453,73.1
397,1048.4,3402.9,3.1,22.0,8.7,2.727272727272727,0.1200000000000001,3.118,9.260000000000002,20.85,0.102718601582728,2.800000000000182,True,1,Rowing segment,0.06562780940964935,-0.03463687150838014,0.07743362831858407,False,False,0.0,67.18609529517532,100.0,61.28318584070798,41.159256777484664,73.9
398,1051.2,3411.6,3.08,21.0,8.6,2.857142857142857,-0.020000000000000018,3.098,9.25,20.7,0.08573862088412273,2.7999999999999545,True,1,Rowing segment,0.07162121666167214,-0.03351955307262578,0.08407079646017708,False,False,0.0,64.18939166916392,100.0,57.96460176991146,59.15126300287822,75.0
399,1054.0,3420.3,3.05,21.5,8.7,2.7906976744186047,-0.03000000000000025,3.077,9.22,20.55,0.06481597882552924,2.7999999999999545,True,1,Rowing segment,0.07791429427629602,-0.03016759776536328,0.09070796460176994,False,False,0.0,61.042852861851955,100.0,54.646017699115035,81.3209175420507,76.8
400,1056.5,3428.0,3.09,23.0,7.8,2.608695652173913,0.040000000000000036,3.0669999999999997,8.82,21.3,0.05186520991956364,2.5,True,1,Rowing segment,0.08091099790230748,0.014525139664804359,0.05752212389380534,False,False,0.0,59.54450104884623,92.73743016759776,71.23893805309733,95.0435665200266,78.2
401,1066.9,3452.9,2.48,22.5,24.9,2.6666666666666665,-0.6099999999999999,3.005,10.5,21.25,0.19126770070593244,10.400000000000091,True,2,Short rowing segment,,,,False,False,0.0,50.25471980821095,100.0,70.13274336283183,0.0,63.1
402,1069.9,3458.9,1.83,20.0,6.1,3.0,-0.6499999999999999,2.88,10.28,21.0,0.4147288270665564,3.0,True,2,Short rowing segment,,,,False,False,0.0,31.525322145639798,100.0,64.60176991150439,0.0,55.7
403,1072.4,3465.8,2.17,21.0,6.9,2.857142857142857,0.33999999999999986,2.7849999999999997,10.08,20.95,0.459981883701234,2.5,True,2,Short rowing segment,,,,False,False,0.0,17.29097992208567,100.0,63.495575221238894,0.0,50.6
404,1075.9,3473.9,2.49,21.5,8.1,2.7906976744186047,0.3200000000000003,2.724,9.61,21.65,0.4539750360243787,3.5,True,2,Short rowing segment,,,,False,False,0.0,8.15103386275101,100.0,78.98230088495569,0.0,49.7
405,1078.0,3480.8,2.64,21.5,6.9,2.7906976744186047,0.1499999999999999,2.691,9.49,21.55,0.44603064169778306,2.099999999999909,True,2,Short rowing segment,,,,False,False,0.0,3.2064728798321673,100.0,76.76991150442475,0.0,47.6
406,1080.8,3488.7,2.64,30.5,7.9,1.9672131147540983,0.0,2.657,9.459999999999999,22.45,0.4343590424726769,2.7999999999999545,True,2,Short rowing segment,,,,False,False,0.0,0.0,100.0,96.6814159292035,0.0,49.5
407,1081.9,3490.9,2.74,33.0,2.3,1.8181818181818181,0.10000000000000009,2.621,8.82,23.55,0.40766135183235236,1.1000000000001364,True,2,Short rowing segment,,,,False,False,0.0,0.0,92.73743016759776,78.98230088495578,0.0,44.3
408,1084.9,3499.1,2.85,21.0,8.2,2.857142857142857,0.10999999999999988,2.598,8.78,23.55,0.38473078610605255,3.0,True,2,Short rowing segment,,,,False,False,0.0,0.0,90.50279329608934,78.98230088495578,0.0,43.5
409,1088.0,3508.3,2.78,33.0,9.2,1.8181818181818181,-0.07000000000000028,2.571,8.83,24.7,0.35803320764669483,3.099999999999909,True,2,Short rowing segment,,,,False,False,0.0,0.0,93.2960893854749,53.53982300884961,0.0,40.7
410,1088.8,3510.9,2.82,24.5,2.7,2.4489795918367347,0.040000000000000036,2.544,8.32,24.85,0.3230135876055084,0.7999999999999545,True,2,Short rowing segment,,,,False,False,0.0,0.0,64.80446927374305,50.221238938053105,0.0,30.2
411,1091.8,3519.0,2.78,21.0,8.0,2.857142857142857,-0.040000000000000036,2.5740000000000003,6.63,24.7,0.3302591574977363,3.0,True,2,Short rowing segment,,,,False,False,0.0,0.0,0.0,53.53982300884961,0.0,8.0
412,1094.4,3526.6,2.77,21.5,7.7,2.7906976744186047,-0.009999999999999787,2.668,6.790000000000001,24.85,0.20498238406697458,2.6000000000001364,True,2,Short rowing segment,,,,False,False,0.0,0.0,0.0,50.221238938053105,0.0,7.5
413,1106.4,3552.0,2.24,14.5,25.4,4.137931034482759,-0.5299999999999998,2.675,8.639999999999999,24.2,0.1864433187623357,12.0,True,,Transition/Cooldown,,,,False,False,0.0,0.8091099790230594,82.68156424581002,64.60176991150448,0.0,38.9
414,1109.4,3557.3,1.6,21.0,5.3,2.857142857142857,-0.6400000000000001,2.586,8.36,24.15,0.38802061800889304,3.0,True,,Transition/Cooldown,,,,False,False,0.0,0.0,67.03910614525138,65.70796460176997,0.0,33.3
415,1112.6,3564.5,1.9,19.0,7.1,3.1578947368421053,0.2999999999999998,2.5119999999999996,8.379999999999999,23.9,0.4432155231938562,3.199999999999818,True,,Transition/Cooldown,,,,False,False,0.0,0.0,68.15642458100557,71.23893805309741,0.0,34.5
416,1115.0,3570.0,2.1,38.0,5.6,1.5789473684210527,0.20000000000000018,2.4579999999999997,8.15,24.65,0.4585193561890315,2.400000000000091,True,,Transition/Cooldown,,,,False,False,0.0,0.0,55.30726256983243,54.64601769911511,0.0,27.6
417,1115.8,3571.7,2.15,34.5,1.7,1.7391304347826086,0.04999999999999982,2.399,8.09,24.8,0.4561542136894834,0.7999999999999545,True,,Transition/Cooldown,,,,False,False,0.0,0.0,51.95530726256985,51.32743362831861,0.0,25.9
418,1126.0,3581.4,0.43,25.0,9.7,2.4,-1.72,2.1569999999999996,8.24,25.2,0.7424142299881478,10.200000000000045,False,,Transition/Cooldown,,,,False,False,0.0,0.0,60.3351955307263,42.47787610619474,0.0,27.5
419,1128.2,3582.7,0.56,26.0,1.3,2.3076923076923075,0.13000000000000006,1.935,7.45,24.5,0.8582961156979734,2.2000000000000455,False,,Transition/Cooldown,,,,False,False,0.0,0.0,16.201117318435763,57.96460176991154,0.0,14.4
420,1128.8,3583.0,0.57,50.5,0.3,1.188118811881188,0.009999999999999898,1.7100000000000002,7.209999999999999,27.1,0.894663189262993,0.599999999999909,False,,Transition/Cooldown,,,,False,False,0.0,0.0,2.793296089385444,0.4424778761062065,0.0,1.0
421,1132.0,3583.5,0.45,21.0,0.5,2.857142857142857,-0.11999999999999994,1.4769999999999999,6.459999999999999,27.1,0.8884199457463846,3.2000000000000455,False,,Transition/Cooldown,,,,False,False,0.0,0.0,0.0,0.4424778761062065,0.0,0.1
423,1136.0,3586.1,1.24,20.5,2.6,2.926829268292683,0.79,1.324,5.95,27.0,0.7640418836686965,4.0,True,,Transition/Cooldown,,,,False,False,0.0,0.0,0.0,2.6548672566372167,0.0,0.4
424,1140.8,3591.7,1.39,33.0,5.6,1.8181818181818181,0.1499999999999999,1.2389999999999999,3.9699999999999998,28.85,0.6949732209069556,4.7999999999999545,True,,Transition/Cooldown,,,,False,False,0.0,0.0,0.0,0.0,0.0,0.0
425,1147.6,3596.8,0.14,30.5,5.1,1.9672131147540983,-1.25,1.093,3.95,29.8,0.7609358273424537,6.7999999999999545,False,,Transition/Cooldown,,,,False,False,0.0,0.0,0.0,0.0,0.0,0.0
426,1151.4,3597.1,0.07,18.5,0.3,3.2432432432432434,-0.07,0.9099999999999999,3.2700000000000005,29.75,0.7653321718922741,3.800000000000182,False,,Transition/Cooldown,,,,False,False,0.0,0.0,0.0,0.0,0.0,0.0
427,1161.4,3598.5,0.19,23.5,1.5,2.5531914893617023,0.12,0.719,2.86,28.3,0.6674237368002861,10.0,False,,Transition/Cooldown,,,,False,False,0.0,0.0,0.0,0.0,0.0,0.0
