StrokeNumber,Time,Distance,Speed,StrokeRate,DistancePerStroke,StrokeDuration,SpeedChange,RollingSpeed,RollingDistancePerStroke,RollingStrokeRate,SpeedConsistency,TimeGap,IsRowing,SessionSegment,SessionPhase,SpeedDecline,DistancePerStrokeDecline,StrokeRateChange,FatigueSignal,FatigueConfirmed,FatigueSeverity,SpeedScore,DistancePerStrokeScore,RhythmScore,ConsistencyScore,StrokeScore
1,6.3,1.4,1.03,9.5,1.4,6.315789473684211,,,,,,0.0,False,,Transition/Cooldown,,,,False,False,0.0,,,,100.0,
2,9.1,1.7,0.22,18.5,0.3,3.2432432432432434,-0.81,,,,,2.8,False,,Transition/Cooldown,,,,False,False,0.0,,,,100.0,
3,12.1,5.7,0.38,28.0,4.0,2.142857142857143,0.16,,,,,3.0,False,,Transition/Cooldown,,,,False,False,0.0,,,,100.0,
4,13.1,7.4,1.16,31.5,1.7,1.9047619047619047,0.7799999999999999,,,,,1.0,True,1,Rowing segment,,,,False,False,0.0,,,,100.0,
5,16.5,15.8,2.04,18.0,8.5,3.3333333333333335,0.8800000000000001,0.966,3.18,21.1,0.7237264676657887,3.4000000000000004,True,1,Rowing segment,0.7097355769230769,0.6838966202783301,0.06030150753768859,False,False,0.0,0.0,0.0,68.51385390428212,0.0,10.3
6,19.7,25.4,2.59,19.5,9.6,3.076923076923077,0.5499999999999998,1.2366666666666666,4.25,20.833333333333332,0.9265995179508063,3.1999999999999993,True,1,Rowing segment,0.6284054487179488,0.5775347912524851,0.04690117252931325,False,False,0.0,0.0,0.0,75.230898404702,0.0,11.3
7,22.5,33.9,2.95,20.0,8.5,3.0,0.3600000000000003,1.4814285714285715,4.857142857142857,20.714285714285715,1.0652922693081084,2.8000000000000007,True,1,Rowing segment,0.5548592032967034,0.5171826185742687,0.04091888011486014,False,False,0.0,0.0,0.0,78.2295789852465,0.0,11.7
8,25.7,44.0,3.09,20.0,10.1,3.0,0.13999999999999968,1.6825,5.5125,20.625,1.1384921105191224,3.1999999999999993,True,1,Rowing segment,0.4944411057692308,0.45203777335984097,0.036432160804020175,False,False,0.0,0.0,0.0,80.47858942065496,0.0,12.1
9,28.5,52.4,3.09,21.0,8.4,2.857142857142857,0.0,1.838888888888889,5.833333333333333,20.666666666666668,1.1637272494494193,2.8000000000000007,True,1,Rowing segment,0.44744925213675213,0.42014579191517565,0.038525963149078864,False,False,0.0,0.0,0.0,79.42905121746433,0.0,11.9
10,31.5,62.0,3.09,20.0,9.6,3.0,0.0,1.964,6.21,20.6,1.1663256644503521,3.0,True,1,Rowing segment,0.4098557692307693,0.38270377733598415,0.03517587939698507,False,False,0.0,0.0,0.0,81.10831234256928,0.0,12.2
11,34.3,70.4,3.11,20.5,8.4,2.926829268292683,0.020000000000000018,2.1719999999999997,6.909999999999999,21.7,1.1667219034542893,2.799999999999997,True,1,Rowing segment,0.3473557692307694,0.3131212723658053,0.09045226130653271,False,False,0.0,0.0,0.0,53.40050377833758,0.0,8.0
12,37.3,80.0,3.03,20.5,9.6,2.926829268292683,-0.08000000000000007,2.4530000000000003,7.840000000000001,21.9,0.9653675178109344,3.0,True,1,Rowing segment,0.2629206730769231,0.22067594433399598,0.10050251256281408,False,False,0.0,0.0,0.0,48.36272040302275,0.0,7.3
13,40.3,89.0,3.05,20.5,9.0,2.926829268292683,0.020000000000000018,2.7199999999999998,8.34,21.15,0.6440841904941038,3.0,True,1,Rowing segment,0.18269230769230785,0.17097415506958255,0.0628140703517588,False,False,0.0,20.531849103277654,22.492401215805423,67.25440806045347,0.0,25.1
14,43.3,98.6,3.09,19.5,9.6,3.076923076923077,0.040000000000000036,2.913,9.129999999999999,19.95,0.3439008254973789,3.0,True,1,Rowing segment,0.12469951923076937,0.09244532803180928,0.002512562814070388,False,False,0.0,50.371057513914685,62.51266464032412,97.48110831234263,0.0,54.1
15,46.3,108.1,3.12,19.5,9.5,3.076923076923077,0.03000000000000025,3.021,9.23,20.1,0.15933542536981155,3.0,True,1,Rowing segment,0.09224759615384626,0.08250497017892644,0.010050251256281551,False,False,0.0,67.06864564007425,67.57852077001009,93.70277078085643,17.404511547263233,63.8
16,49.5,117.8,3.09,19.5,9.6,3.076923076923077,-0.03000000000000025,3.0709999999999997,9.23,20.1,0.04998888765405716,3.200000000000003,True,1,Rowing segment,0.07722355769230785,0.08250497017892644,0.010050251256281551,False,False,0.0,74.79901051329624,67.57852077001009,93.70277078085643,100.0,78.9
17,52.5,126.6,2.99,19.5,8.9,3.076923076923077,-0.09999999999999964,3.075,9.27,20.05,0.03979112128772449,3.0,True,1,Rowing segment,0.07602163461538464,0.07852882703777345,0.0075376884422111625,False,False,0.0,75.41743970315406,69.60486322188441,94.96221662468515,100.0,80.0
18,55.5,135.7,2.97,20.0,9.1,3.0,-0.020000000000000018,3.0629999999999997,9.17,20.05,0.051218486246026214,3.0,True,1,Rowing segment,0.07962740384615401,0.08846918489065611,0.0075376884422111625,False,False,0.0,73.5621521335807,64.5390070921985,94.96221662468515,100.0,77.6
19,58.7,145.3,3.04,19.5,9.5,3.076923076923077,0.06999999999999984,3.058,9.280000000000001,19.9,0.050728033012668344,3.200000000000003,True,1,Rowing segment,0.08112980769230782,0.07753479125248502,0.0,False,False,0.0,72.78911564625851,70.11144883485309,98.74055415617136,100.0,79.8
20,61.5,154.0,3.07,20.5,8.7,2.926829268292683,0.029999999999999805,3.056,9.19,19.95,0.04971027168616306,2.799999999999997,True,1,Rowing segment,0.0817307692307693,0.08648111332007961,0.002512562814070388,False,False,0.0,72.47990105132968,65.55217831813565,97.48110831234263,100.0,77.9
21,64.7,163.7,3.08,20.0,9.7,3.0,0.010000000000000231,3.053,9.32,19.9,0.0469160005873491,3.200000000000003,True,1,Rowing segment,0.08263221153846163,0.07355864811133203,0.0,False,False,0.0,72.01607915893632,72.13779128672742,98.74055415617136,100.0,80.3
22,67.7,173.1,3.14,19.5,9.5,3.076923076923077,0.06000000000000005,3.0639999999999996,9.309999999999999,19.8,0.053374983736671454,3.0,True,1,Rowing segment,0.07932692307692327,0.07455268389662045,0.005025125628140597,False,False,0.0,73.7167594310451,71.63120567375874,98.74055415617127,100.0,80.7
23,70.7,182.7,3.17,20.5,9.6,2.926829268292683,0.029999999999999805,3.076,9.37,19.8,0.06257440016138091,3.0,True,1,Rowing segment,0.07572115384615391,0.06858846918489078,0.005025125628140597,False,False,0.0,75.57204700061848,74.67071935157033,98.74055415617127,97.926940071374,82.1
24,73.5,192.0,3.2,20.5,9.3,2.926829268292683,0.03000000000000025,3.087,9.34,19.9,0.07394442357459333,2.799999999999997,True,1,Rowing segment,0.0724158653846154,0.07157057654075552,0.0,False,False,0.0,77.27272727272732,73.15096251266456,98.74055415617136,88.46505295684916,80.7
25,76.5,201.8,3.29,19.5,9.8,3.076923076923077,0.08999999999999986,3.104,9.370000000000001,19.9,0.09800226754746835,3.0,True,1,Rowing segment,0.06730769230769236,0.0685884691848906,0.0,False,False,0.0,79.90105132962282,74.67071935157037,98.74055415617136,68.44463649704863,79.2
26,79.5,212.2,3.37,20.5,10.5,2.926829268292683,0.08000000000000007,3.132,9.459999999999999,20.0,0.1287374589361407,3.0,True,1,Rowing segment,0.05889423076923082,0.05964214711729636,0.005025125628140776,False,False,0.0,84.23005565862718,79.2299898682876,96.2216624685139,42.86747620510083,78.1
27,82.5,222.6,3.44,20.0,10.4,3.0,0.06999999999999984,3.177,9.610000000000001,20.05,0.15041054927542347,3.0,True,1,Rowing segment,0.04537259615384622,0.04473161033797209,0.0075376884422111625,False,False,0.0,91.18738404452696,86.82877406281658,94.96221662468515,24.831600045435675,80.3
28,85.3,232.5,3.51,21.0,9.9,2.857142857142857,0.06999999999999984,3.2310000000000003,9.69,20.15,0.1641442455078298,2.799999999999997,True,1,Rowing segment,0.029146634615384606,0.0367793240556661,0.01256281407035176,False,False,0.0,99.53617810760679,90.88145896656523,92.44332493702778,13.402715627730721,82.5
29,88.3,242.6,3.46,21.0,10.1,2.857142857142857,-0.04999999999999982,3.2730000000000006,9.75,20.3,0.1635746516629888,3.0,True,1,Rowing segment,0.01652644230769222,0.030815109343936428,0.020100502512562922,False,False,0.0,100.0,93.92097264437682,88.66498740554158,13.876719283233419,83.3
30,91.1,252.6,3.51,20.5,9.9,2.926829268292683,0.04999999999999982,3.317,9.870000000000001,20.3,0.16207337158762167,2.799999999999997,True,1,Rowing segment,0.0033052884615384975,0.018886679920477087,0.020100502512562922,False,False,0.0,100.0,99.99999999999997,88.66498740554158,15.126052031651716,85.6
31,94.1,262.9,3.5,21.0,10.3,2.857142857142857,-0.009999999999999787,3.3590000000000004,9.930000000000001,20.4,0.1476068351323182,3.0,True,1,Rowing segment,-0.009314903846153888,0.012922465208747416,0.02512562814070352,False,False,0.0,100.0,100.0,86.14609571788421,27.16479020339364,87.0
32,97.1,273.4,3.4,20.0,10.5,3.0,-0.10000000000000009,3.3850000000000002,10.030000000000001,20.45,0.12607317099385615,3.0,True,1,Rowing segment,-0.017127403846153827,0.0029821073558647473,0.027638190954773906,False,False,0.0,100.0,100.0,84.88664987405548,45.084638899875216,89.5
33,100.1,283.6,3.37,19.5,10.2,3.076923076923077,-0.029999999999999805,3.405,10.09,20.35,0.10168032695113921,3.0,True,1,Rowing segment,-0.023137019230769083,-0.0029821073558647473,0.02261306532663331,False,False,0.0,100.0,100.0,87.40554156171285,65.38383515889048,92.9
34,103.1,293.8,3.38,20.5,10.2,2.926829268292683,0.009999999999999787,3.4229999999999996,10.18,20.35,0.07334090869965139,3.0,True,1,Rowing segment,-0.028545673076922868,-0.011928429423459166,0.02261306532663331,False,False,0.0,100.0,100.0,87.40554156171285,88.96728495858818,96.5
35,106.1,304.3,3.42,20.0,10.5,3.0,0.040000000000000036,3.436,10.25,20.4,0.05680375574439062,3.0,True,1,Rowing segment,-0.03245192307692297,-0.018886679920477087,0.02512562814070352,False,False,0.0,100.0,100.0,86.14609571788421,100.0,97.9
36,109.1,314.6,3.43,20.5,10.4,2.926829268292683,0.010000000000000231,3.442,10.24,20.4,0.052025634707021096,3.0,True,1,Rowing segment,-0.034254807692307654,-0.01789264413518884,0.02512562814070352,False,False,0.0,100.0,100.0,86.14609571788421,100.0,97.9
37,111.9,324.7,3.49,20.0,10.1,3.0,0.06000000000000005,3.447,10.209999999999999,20.4,0.054170512683988675,2.8000000000000114,True,1,Rowing segment,-0.03575721153846147,-0.014910536779323913,0.02512562814070352,False,False,0.0,100.0,100.0,86.14609571788421,100.0,97.9
38,115.1,335.8,3.5,19.5,11.1,3.076923076923077,0.009999999999999787,3.446,10.33,20.25,0.052957005621977755,3.1999999999999886,True,1,Rowing segment,-0.03545673076923073,-0.026838966202783258,0.017587939698492535,False,False,0.0,100.0,100.0,89.92443324937031,100.0,98.5
39,118.1,346.3,3.46,19.5,10.5,3.076923076923077,-0.040000000000000036,3.446,10.37,20.1,0.052957005621977755,3.0,True,1,Rowing segment,-0.03545673076923073,-0.030815109343936255,0.010050251256281551,False,False,0.0,100.0,100.0,93.70277078085643,100.0,99.1
40,121.3,357.3,3.46,19.5,11.0,3.076923076923077,0.0,3.4410000000000003,10.48,20.0,0.04840798832150612,3.200000000000003,True,1,Rowing segment,-0.03395432692307691,-0.04174950298210735,0.005025125628140776,False,False,0.0,100.0,100.0,96.2216624685139,100.0,99.4
41,124.3,367.3,3.4,20.0,10.0,3.0,-0.06000000000000005,3.431,10.45,19.9,0.04508017549016375,3.0,True,1,Rowing segment,-0.030949519230769156,-0.03876739562624242,0.0,False,False,0.0,100.0,100.0,98.74055415617136,100.0,99.8
42,127.3,377.1,3.37,20.0,9.8,3.0,-0.029999999999999805,3.428,10.38,19.9,0.04825856285562827,3.0,True,1,Rowing segment,-0.030048076923076813,-0.03180914512922468,0.0,False,False,0.0,100.0,100.0,98.74055415617136,100.0,99.8
43,130.3,387.2,3.33,19.5,10.1,3.076923076923077,-0.040000000000000036,3.4240000000000004,10.370000000000001,19.9,0.05481281277626773,3.000000000000014,True,1,Rowing segment,-0.02884615384615387,-0.030815109343936428,0.0,False,False,0.0,100.0,100.0,98.74055415617136,100.0,99.8
44,133.3,397.2,3.33,20.5,10.0,2.926829268292683,0.0,3.4189999999999996,10.35,19.9,0.06118278625017878,3.0,True,1,Rowing segment,-0.02734374999999979,-0.028827037773359755,0.0,False,False,0.0,100.0,100.0,98.74055415617136,99.08501101426195,99.7
45,136.3,407.3,3.37,20.5,10.1,2.926829268292683,0.040000000000000036,3.414,10.309999999999999,19.95,0.06310485101974297,3.0,True,1,Rowing segment,-0.025841346153846107,-0.02485089463220658,0.002512562814070388,False,False,0.0,100.0,100.0,97.48110831234263,97.48551036105411,99.2
46,139.3,417.5,3.33,19.5,10.2,3.076923076923077,-0.040000000000000036,3.404,10.29,19.85,0.06801960501699784,3.0,True,1,Rowing segment,-0.022836538461538346,-0.022862823061630084,0.002512562814070209,False,False,0.0,100.0,100.0,100.0,93.39555857927967,99.0
47,142.3,427.9,3.38,20.0,10.4,3.0,0.04999999999999982,3.393,10.32,19.85,0.061110101001767045,3.0,True,1,Rowing segment,-0.019531249999999847,-0.025844930417495006,0.002512562814070209,False,False,0.0,100.0,100.0,100.0,99.14549810301885,99.9
48,145.3,438.1,3.47,20.5,10.2,2.926829268292683,0.0900000000000003,3.3899999999999997,10.23,19.95,0.0557773351022872,3.0,True,1,Rowing segment,-0.018629807692307508,-0.01689860834990059,0.002512562814070388,False,False,0.0,100.0,100.0,97.48110831234263,100.0,99.6
49,148.3,448.2,3.43,20.0,10.1,3.0,-0.040000000000000036,3.3869999999999996,10.190000000000001,20.0,0.05229191567007439,3.0,True,1,Rowing segment,-0.017728365384615166,-0.012922465208747591,0.005025125628140776,False,False,0.0,100.0,100.0,96.2216624685139,100.0,99.4
50,151.3,457.9,3.35,20.0,9.7,3.0,-0.08000000000000007,3.376,10.06,20.05,0.04647580015450762,3.0,True,1,Rowing segment,-0.0144230769230768,0.0,0.0075376884422111625,False,False,0.0,100.0,100.0,94.96221662468515,100.0,99.2
51,154.3,468.2,3.31,20.0,10.3,3.0,-0.040000000000000036,3.367,10.09,20.05,0.04989989979951596,3.0,True,1,Rowing segment,-0.01171874999999991,-0.0029821073558647473,0.0075376884422111625,False,False,0.0,100.0,100.0,94.96221662468515,100.0,99.2
52,157.3,478.4,3.35,19.5,10.2,3.076923076923077,0.040000000000000036,3.3649999999999998,10.129999999999999,20.0,0.050166389810991974,3.0,True,1,Rowing segment,-0.011117788461538304,-0.006958250497017744,0.005025125628140776,False,False,0.0,100.0,100.0,96.2216624685139,100.0,99.4
53,160.5,488.8,3.35,19.5,10.4,3.076923076923077,0.0,3.367,10.16,20.0,0.049001133773748984,3.1999999999999886,True,1,Rowing segment,-0.01171874999999991,-0.009940357852882668,0.005025125628140776,False,False,0.0,100.0,100.0,96.2216624685139,100.0,99.4
54,163.5,498.8,3.28,19.5,10.0,3.076923076923077,-0.07000000000000028,3.3619999999999997,10.16,19.9,0.055337349251874716,3.0,True,1,Rowing segment,-0.010216346153845961,-0.009940357852882668,0.0,False,False,0.0,100.0,100.0,98.74055415617136,100.0,99.8
55,166.5,508.6,3.24,20.0,9.8,3.0,-0.03999999999999959,3.349,10.13,19.85,0.06723920813865111,3.0,True,1,Rowing segment,-0.006310096153846125,-0.006958250497017921,0.002512562814070209,False,False,0.0,100.0,100.0,100.0,94.04498795150627,99.1
56,169.7,518.9,3.23,19.5,10.3,3.076923076923077,-0.010000000000000231,3.339,10.14,19.85,0.07709301740971797,3.1999999999999886,True,1,Rowing segment,-0.003305288461538364,-0.00795228628230617,0.002512562814070209,False,False,0.0,100.0,100.0,100.0,85.84486139217576,97.9
57,172.7,528.7,3.26,20.0,9.8,3.0,0.029999999999999805,3.3270000000000004,10.08,19.85,0.07930952023560449,3.0,True,1,Rowing segment,0.0003004807692307361,-0.0019880715705764985,0.002512562814070209,False,False,0.0,100.0,100.0,100.0,84.00033576849123,97.6
58,175.7,538.5,3.23,20.0,9.8,3.0,-0.029999999999999805,3.303,10.04,19.8,0.06650814486463369,3.0,True,1,Rowing segment,0.007512019230769337,0.001988071570576675,0.005025125628140597,False,False,0.0,100.0,100.0,98.74055415617127,94.65336296718915,99.0
59,178.5,547.8,3.22,20.0,9.4,3.0,-0.009999999999999787,3.282,9.97,19.8,0.05391351098443174,2.8000000000000114,True,1,Rowing segment,0.013822115384615462,0.00894632206759442,0.005025125628140597,False,False,0.0,100.0,100.0,98.74055415617127,100.0,99.8
60,181.7,558.5,3.33,20.0,10.7,3.0,0.10999999999999988,3.2800000000000002,10.07,19.8,0.051424162068488974,3.1999999999999886,True,1,Rowing segment,0.014423076923076934,-0.0009940357852882492,0.005025125628140597,False,False,0.0,100.0,100.0,98.74055415617127,100.0,99.8
61,184.7,568.5,3.38,20.0,10.0,3.0,0.04999999999999982,3.287,10.040000000000001,19.8,0.0600092585449352,3.0,True,1,Rowing segment,0.012319711538461649,0.0019880715705764985,0.005025125628140597,False,False,0.0,100.0,100.0,98.74055415617127,100.0,99.8
62,187.7,578.7,3.37,20.0,10.2,3.0,-0.009999999999999787,3.289,10.04,19.85,0.06261877602694642,3.0,True,1,Rowing segment,0.011718750000000043,0.001988071570576675,0.002512562814070209,False,False,0.0,100.0,100.0,100.0,97.89001143760335,99.7
63,190.7,588.9,3.35,19.5,10.3,3.076923076923077,-0.020000000000000018,3.289,10.030000000000001,19.85,0.06261877602694642,3.0,True,1,Rowing segment,0.011718750000000043,0.0029821073558647473,0.002512562814070209,False,False,0.0,100.0,100.0,100.0,97.89001143760335,99.7
64,194.1,599.5,3.34,19.5,10.6,3.076923076923077,-0.010000000000000231,3.2949999999999995,10.09,19.85,0.06450667493455912,3.4000000000000057,True,1,Rowing segment,0.009915865384615625,-0.0029821073558647473,0.002512562814070209,False,False,0.0,100.0,100.0,100.0,96.31894287439279,99.4
65,197.1,609.7,3.4,20.5,10.2,2.926829268292683,0.06000000000000005,3.311,10.129999999999999,19.9,0.06903300337923395,3.0,True,1,Rowing segment,0.005108173076923181,-0.006958250497017744,0.0,False,False,0.0,100.0,100.0,98.74055415617136,92.55223042092426,98.7
66,199.7,618.5,3.3,20.0,8.8,3.0,-0.10000000000000009,3.318,9.98,19.95,0.06321040701939298,2.5999999999999943,True,1,Rowing segment,0.0030048076923077614,0.00795228628230617,0.002512562814070388,False,False,0.0,100.0,100.0,97.48110831234263,97.39766894537254,99.2
67,202.7,628.2,3.16,21.0,9.6,2.857142857142857,-0.13999999999999968,3.308,9.959999999999999,20.05,0.07927448797971642,3.0,True,1,Rowing segment,0.006009615384615523,0.009940357852882845,0.0075376884422111625,False,False,0.0,100.0,100.0,94.96221662468515,84.02948885274914,96.8
68,205.7,638.1,3.22,19.5,9.9,3.076923076923077,0.06000000000000005,3.307,9.97,20.0,0.08042249547097835,3.0,True,1,Rowing segment,0.006310096153846259,0.00894632206759442,0.005025125628140776,False,False,0.0,100.0,100.0,96.2216624685139,83.07414189397976,96.9
69,208.7,648.3,3.3,20.0,10.3,3.0,0.07999999999999963,3.315,10.059999999999999,20.0,0.07457285773733546,3.0,True,1,Rowing segment,0.003906250000000103,1.7657622658054178e-16,0.005025125628140776,False,False,0.0,100.0,100.0,96.2216624685139,87.94208366376334,97.6
70,211.7,658.5,3.32,20.5,10.1,2.926829268292683,0.020000000000000018,3.314,10.0,20.05,0.0744162467326829,3.0,True,1,Rowing segment,0.004206730769230839,0.0059642147117296715,0.0075376884422111625,False,False,0.0,100.0,100.0,94.96221662468515,88.07241194832895,97.5
71,214.7,669.0,3.36,20.0,10.5,3.0,0.040000000000000036,3.3120000000000003,10.05,20.05,0.07269418439219336,3.0,True,1,Rowing segment,0.004807692307692311,0.0009940357852882492,0.0075376884422111625,False,False,0.0,100.0,100.0,94.96221662468515,89.50547491378885,97.7
72,217.7,679.3,3.43,20.0,10.3,3.0,0.07000000000000028,3.318,10.06,20.05,0.08011103405761001,3.0,True,1,Rowing segment,0.0030048076923077614,0.0,0.0075376884422111625,False,False,0.0,100.0,100.0,94.96221662468515,83.33333333332166,96.7
73,220.7,689.6,3.41,19.5,10.3,3.076923076923077,-0.020000000000000018,3.3240000000000003,10.059999999999999,20.05,0.08487899884215311,3.0,True,1,Rowing segment,0.0012019230769230779,1.7657622658054178e-16,0.0075376884422111625,False,False,0.0,100.0,100.0,94.96221662468515,79.36553635368199,96.1
74,223.7,699.8,3.38,20.0,10.2,3.0,-0.03000000000000025,3.3280000000000003,10.02,20.1,0.08664102184686222,3.0,True,1,Rowing segment,0.0,0.003976143141153173,0.010050251256281551,False,False,0.0,100.0,100.0,93.70277078085643,77.8992189893413,95.7
75,227.1,710.4,3.39,20.0,10.6,3.0,0.010000000000000231,3.3270000000000004,10.059999999999999,20.05,0.08577101297448023,3.4000000000000057,True,1,Rowing segment,0.0003004807692307361,1.7657622658054178e-16,0.0075376884422111625,False,False,0.0,100.0,100.0,94.96221662468515,78.62322152125762,96.0
76,230.1,720.1,3.33,20.0,9.7,3.0,-0.06000000000000005,3.3299999999999996,10.15,20.05,0.08524474568363997,3.0,True,1,Rowing segment,-0.0006009615384613388,-0.00894632206759442,0.0075376884422111625,False,False,0.0,100.0,100.0,94.96221662468515,79.06116975733697,96.1
77,233.1,730.0,3.26,19.5,9.9,3.076923076923077,-0.07000000000000028,3.34,10.180000000000001,19.9,0.06699917080748609,3.0,True,1,Rowing segment,-0.0036057692307691004,-0.011928429423459343,0.0,False,False,0.0,100.0,100.0,98.74055415617136,94.2447418172825,98.9
78,236.1,739.4,3.24,19.5,9.4,3.076923076923077,-0.019999999999999574,3.342,10.129999999999999,19.9,0.06321040701939329,3.0,True,1,Rowing segment,-0.004206730769230706,-0.006958250497017744,0.0,False,False,0.0,100.0,100.0,98.74055415617136,97.39766894537229,99.4
79,239.1,749.3,3.26,20.0,9.9,3.0,0.019999999999999574,3.338,10.09,19.9,0.06729701991091948,3.0,True,1,Rowing segment,-0.003004807692307628,-0.0029821073558647473,0.0,False,False,0.0,100.0,100.0,98.74055415617136,93.9968782473118,98.9
80,242.1,759.4,3.31,20.0,10.0,3.0,0.050000000000000266,3.3369999999999997,10.08,19.85,0.0676674876797616,3.0,True,1,Rowing segment,-0.0027043269230767586,-0.0019880715705764985,0.002512562814070209,False,False,0.0,100.0,100.0,100.0,93.68858299751656,99.1
81,245.1,769.0,3.33,20.0,9.6,3.0,0.020000000000000018,3.3340000000000005,9.989999999999998,19.85,0.06719788356456881,3.0,True,1,Rowing segment,-0.0018028846153846836,0.006958250497018097,0.002512562814070209,False,False,0.0,100.0,100.0,100.0,94.07937736662113,99.1
82,248.1,778.7,3.32,20.0,9.7,3.0,-0.010000000000000231,3.3230000000000004,9.93,19.85,0.058128210783496906,3.0,True,1,Rowing segment,0.001502403846153814,0.012922465208747591,0.002512562814070209,False,False,0.0,100.0,100.0,100.0,100.0,100.0
83,251.1,789.1,3.39,20.0,10.4,3.0,0.07000000000000028,3.321,9.940000000000001,19.9,0.05506561742343378,3.0,True,1,Rowing segment,0.0021033653846154196,0.011928429423459166,0.0,False,False,0.0,100.0,100.0,98.74055415617136,100.0,99.8
84,254.1,799.0,3.41,19.5,9.9,3.076923076923077,0.020000000000000018,3.3240000000000003,9.91,19.85,0.05929212051830602,3.0,True,1,Rowing segment,0.0012019230769230779,0.01491053677932409,0.002512562814070209,False,False,0.0,100.0,100.0,100.0,100.0,100.0
85,257.1,808.7,3.34,19.5,9.6,3.076923076923077,-0.07000000000000028,3.319,9.81,19.8,0.05506561742343373,3.0000000000000284,True,1,Rowing segment,0.0027043269230770254,0.024850894632206758,0.005025125628140597,False,False,0.0,100.0,96.9604863221884,98.74055415617127,100.0,98.7
86,260.3,819.2,3.3,19.5,10.5,3.076923076923077,-0.040000000000000036,3.316,9.89,19.75,0.055216744642278805,3.1999999999999886,True,1,Rowing segment,0.003605769230769367,0.01689860834990059,0.007537688442210985,False,False,0.0,100.0,100.0,97.48110831234254,100.0,99.6
87,263.3,829.7,3.34,20.0,10.5,3.0,0.040000000000000036,3.3240000000000003,9.95,19.8,0.051897334549426445,3.0,True,1,Rowing segment,0.0012019230769230779,0.010934393638171093,0.005025125628140597,False,False,0.0,100.0,100.0,98.74055415617127,100.0,99.8
88,266.4,839.9,3.38,19.5,10.1,3.076923076923077,0.040000000000000036,3.3379999999999996,10.02,19.8,0.04516635916256488,3.099999999999966,True,1,Rowing segment,-0.0030048076923074947,0.003976143141153173,0.005025125628140597,False,False,0.0,100.0,100.0,98.74055415617127,100.0,99.8
89,269.3,849.7,3.35,20.0,9.8,3.0,-0.029999999999999805,3.347,10.01,19.8,0.03591656999216152,2.900000000000034,True,1,Rowing segment,-0.00570913461538452,0.004970178926441422,0.005025125628140597,False,False,0.0,100.0,100.0,98.74055415617127,100.0,99.8
90,272.5,860.5,3.34,19.0,10.8,3.1578947368421053,-0.010000000000000231,3.35,10.09,19.7,0.03366501646123436,3.1999999999999886,True,1,Rowing segment,-0.006610576923076861,-0.0029821073558647473,0.010050251256281372,False,False,0.0,100.0,100.0,96.2216624685138,100.0,99.4
91,275.7,871.1,3.38,19.5,10.6,3.076923076923077,0.040000000000000036,3.3549999999999995,10.190000000000001,19.65,0.034075080500462096,3.1999999999999886,True,1,Rowing segment,-0.008112980769230543,-0.012922465208747591,0.01256281407035176,False,False,0.0,100.0,100.0,94.96221662468507,100.0,99.2
92,278.7,881.2,3.38,20.0,10.0,3.0,0.0,3.3609999999999998,10.22,19.65,0.032472210341249065,3.0,True,1,Rowing segment,-0.009915865384615226,-0.01590457256461234,0.01256281407035176,False,False,0.0,100.0,100.0,94.96221662468507,100.0,99.2
93,281.9,891.6,3.35,19.0,10.4,3.1578947368421053,-0.029999999999999805,3.357,10.219999999999999,19.55,0.030930028559128908,3.1999999999999886,True,1,Rowing segment,-0.008713942307692282,-0.01590457256461216,0.017587939698492358,False,False,0.0,100.0,100.0,92.4433249370277,100.0,98.9
94,284.9,901.5,3.34,19.5,9.9,3.076923076923077,-0.010000000000000231,3.35,10.22,19.55,0.02494438257852974,3.0,True,1,Rowing segment,-0.006610576923076861,-0.01590457256461234,0.017587939698492358,False,False,0.0,100.0,100.0,92.4433249370277,100.0,98.9
95,288.1,912.0,3.36,19.0,10.6,3.1578947368421053,0.020000000000000018,3.3519999999999994,10.319999999999999,19.5,0.024855135843113406,3.2000000000000455,True,1,Rowing segment,-0.007211538461538201,-0.025844930417494832,0.020100502512562745,False,False,0.0,100.0,100.0,91.18387909319895,100.0,98.7
96,291.3,922.5,3.32,19.0,10.4,3.1578947368421053,-0.040000000000000036,3.354,10.309999999999999,19.45,0.02065591117981767,3.1999999999999886,True,1,Rowing segment,-0.007812499999999939,-0.02485089463220658,0.022613065326633132,False,False,0.0,100.0,100.0,89.92443324937022,100.0,98.5
97,294.3,932.1,3.26,19.5,9.6,3.076923076923077,-0.06000000000000005,3.346,10.219999999999999,19.4,0.03627058802331957,3.0,True,1,Rowing segment,-0.005408653846153784,-0.01590457256461216,0.02512562814070352,False,False,0.0,100.0,100.0,88.6649874055415,100.0,98.3
98,297.3,941.6,3.2,19.5,9.5,3.076923076923077,-0.05999999999999961,3.3280000000000003,10.16,19.4,0.056529245135215435,3.0,True,1,Rowing segment,0.0,-0.009940357852882668,0.02512562814070352,False,False,0.0,100.0,100.0,88.6649874055415,100.0,98.3
99,300.5,951.6,3.16,20.0,10.0,3.0,-0.040000000000000036,3.3089999999999997,10.180000000000001,19.4,0.07665941994737684,3.1999999999999886,True,1,Rowing segment,0.005709134615384787,-0.011928429423459343,0.02512562814070352,False,False,0.0,100.0,100.0,88.6649874055415,86.2056918049829,96.2
100,303.5,961.3,3.19,19.5,9.7,3.076923076923077,0.029999999999999805,3.2939999999999996,10.069999999999999,19.45,0.08422192905256243,3.0,True,1,Rowing segment,0.010216346153846362,-0.0009940357852880725,0.022613065326633132,False,False,0.0,100.0,100.0,89.92443324937022,79.91233559494363,95.5
101,306.5,971.1,3.23,19.5,9.8,3.076923076923077,0.040000000000000036,3.279,9.99,19.45,0.08047774019359705,3.0,True,1,Rowing segment,0.014723557692307805,0.006958250497017921,0.022613065326633132,False,False,0.0,100.0,100.0,89.92443324937022,83.02816843287995,95.9
102,309.5,980.4,3.16,20.0,9.3,3.0,-0.06999999999999984,3.257,9.92,19.45,0.07986794656738205,3.0,True,1,Rowing segment,0.021334134615384664,0.013916500994035842,0.022613065326633132,False,False,0.0,100.0,100.0,89.92443324937022,83.53562547537805,96.0
103,312.7,990.9,3.2,19.5,10.6,3.076923076923077,0.040000000000000036,3.242,9.940000000000001,19.5,0.07435649863253452,3.1999999999999886,True,1,Rowing segment,0.025841346153846242,0.011928429423459166,0.020100502512562745,False,False,0.0,100.0,100.0,91.18387909319895,88.12213302262809,96.9
104,315.7,1001.1,3.33,19.5,10.2,3.076923076923077,0.1299999999999999,3.2409999999999997,9.97,19.5,0.072945946502272,3.0,True,1,Rowing segment,0.02614182692307711,0.00894632206759442,0.020100502512562745,False,False,0.0,100.0,100.0,91.18387909319895,89.29596394105764,97.1
105,318.7,1011.2,3.34,19.5,10.1,3.076923076923077,0.009999999999999787,3.239,9.919999999999998,19.55,0.0695141872010558,3.0,True,1,Rowing segment,0.02674278846153858,0.013916500994036018,0.017587939698492358,False,False,0.0,100.0,100.0,92.4433249370277,92.15179967087643,97.7
106,321.9,1022.1,3.39,19.5,10.9,3.076923076923077,0.050000000000000266,3.246,9.97,19.6,0.08113089560841466,3.1999999999999886,True,1,Rowing segment,0.024639423076923163,0.00894632206759442,0.01507537688442197,False,False,0.0,100.0,100.0,93.70277078085643,82.4846266494863,96.4
107,324.9,1032.0,3.4,20.0,9.9,3.0,0.009999999999999787,3.2600000000000002,10.0,19.65,0.09475113602368639,3.0,True,1,Rowing segment,0.020432692307692325,0.0059642147117296715,0.01256281407035176,False,False,0.0,100.0,100.0,94.96221662468507,71.1501577043974,94.9
108,327.9,1042.1,3.34,20.0,10.1,3.0,-0.06000000000000005,3.274,10.059999999999999,19.7,0.09524238085596423,3.0,True,1,Rowing segment,0.01622596153846162,1.7657622658054178e-16,0.010050251256281372,False,False,0.0,100.0,100.0,96.2216624685138,70.74135439945385,95.0
109,330.9,1052.3,3.36,20.5,10.2,2.926829268292683,0.020000000000000018,3.2939999999999996,10.08,19.75,0.08946756084998629,3.0,True,1,Rowing segment,0.010216346153846362,-0.0019880715705764985,0.007537688442210985,False,False,0.0,100.0,100.0,97.48110831234254,75.54703447745337,96.0
110,333.9,1062.5,3.37,20.0,10.1,3.0,0.010000000000000231,3.312,10.120000000000001,19.8,0.08416914187780532,3.0,True,1,Rowing segment,0.004807692307692445,-0.0059642147117296715,0.005025125628140597,False,False,0.0,100.0,100.0,98.74055415617127,79.95626393796411,96.8
111,336.9,1072.3,3.38,19.5,9.8,3.076923076923077,0.009999999999999787,3.3269999999999995,10.120000000000001,19.8,0.0812472221747481,3.0,True,1,Rowing segment,0.000300480769231003,-0.0059642147117296715,0.005025125628140597,False,False,0.0,100.0,100.0,98.74055415617127,82.38782220159148,97.2
112,339.9,1082.4,3.38,20.0,10.1,3.0,0.0,3.349,10.2,19.8,0.05724217559342557,3.0,True,1,Rowing segment,-0.006310096153846125,-0.013916500994035665,0.005025125628140597,False,False,0.0,100.0,100.0,98.74055415617127,100.0,99.8
113,342.9,1092.6,3.32,20.5,10.2,2.926829268292683,-0.06000000000000005,3.3609999999999998,10.16,19.9,0.02726414006227423,3.0,True,1,Rowing segment,-0.009915865384615226,-0.009940357852882668,0.0,False,False,0.0,100.0,100.0,98.74055415617136,100.0,99.8
114,345.9,1102.8,3.31,20.0,10.2,3.0,-0.009999999999999787,3.3589999999999995,10.16,19.95,0.030349812373605792,3.0,True,1,Rowing segment,-0.00931490384615362,-0.009940357852882668,0.002512562814070388,False,False,0.0,100.0,100.0,97.48110831234263,100.0,99.6
115,348.9,1112.8,3.38,20.5,10.0,2.926829268292683,0.06999999999999984,3.3629999999999995,10.15,20.05,0.030203016773564285,3.0,True,1,Rowing segment,-0.010516826923076698,-0.00894632206759442,0.0075376884422111625,False,False,0.0,100.0,100.0,94.96221662468515,100.0,99.2
116,351.9,1122.9,3.39,20.0,10.1,3.0,0.010000000000000231,3.3629999999999995,10.069999999999999,20.1,0.030203016773564285,3.0,True,1,Rowing segment,-0.010516826923076698,-0.0009940357852880725,0.010050251256281551,False,False,0.0,100.0,100.0,93.70277078085643,100.0,99.1
117,354.7,1132.3,3.34,20.0,9.4,3.0,-0.050000000000000266,3.357,10.02,20.1,0.02790858091861432,2.8000000000000114,True,1,Rowing segment,-0.008713942307692282,0.003976143141153173,0.010050251256281551,False,False,0.0,100.0,100.0,93.70277078085643,100.0,99.1
118,357.9,1142.8,3.34,20.0,10.5,3.0,0.0,3.357,10.059999999999999,20.1,0.02790858091861432,3.1999999999999886,True,1,Rowing segment,-0.008713942307692282,1.7657622658054178e-16,0.010050251256281551,False,False,0.0,100.0,100.0,93.70277078085643,100.0,99.1
119,360.7,1152.6,3.4,20.0,9.7,3.0,0.06000000000000005,3.3609999999999998,10.01,20.05,0.03107338983048891,2.8000000000000114,True,1,Rowing segment,-0.009915865384615226,0.004970178926441422,0.0075376884422111625,False,False,0.0,100.0,100.0,94.96221662468515,100.0,99.2
120,363.9,1163.2,3.38,20.0,10.7,3.0,-0.020000000000000018,3.3619999999999997,10.07,20.05,0.031552425509896016,3.1999999999999886,True,1,Rowing segment,-0.010216346153845961,-0.0009940357852882492,0.0075376884422111625,False,False,0.0,100.0,100.0,94.96221662468515,100.0,99.2
121,366.9,1173.0,3.32,20.0,9.8,3.0,-0.06000000000000005,3.3560000000000003,10.07,20.1,0.033399933466363455,3.0,True,1,Rowing segment,-0.008413461538461545,-0.0009940357852882492,0.010050251256281551,False,False,0.0,100.0,100.0,93.70277078085643,100.0,99.1
122,369.9,1183.0,3.3,20.0,10.0,3.0,-0.020000000000000018,3.348,10.059999999999999,20.1,0.03645392830533906,3.0,True,1,Rowing segment,-0.006009615384615256,1.7657622658054178e-16,0.010050251256281551,False,False,0.0,100.0,100.0,93.70277078085643,100.0,99.1
123,372.9,1193.0,3.31,20.0,10.0,3.0,0.010000000000000231,3.347,10.040000000000001,20.05,0.037431418769704905,3.0,True,1,Rowing segment,-0.00570913461538452,0.0019880715705764985,0.0075376884422111625,False,False,0.0,100.0,100.0,94.96221662468515,100.0,99.2
124,375.9,1203.1,3.36,20.0,10.1,3.0,0.04999999999999982,3.3519999999999994,10.03,20.05,0.035213633723345426,3.0,True,1,Rowing segment,-0.007211538461538201,0.002982107355864924,0.0075376884422111625,False,False,0.0,100.0,100.0,94.96221662468515,100.0,99.2
125,378.9,1213.3,3.4,20.0,10.2,3.0,0.040000000000000036,3.354,10.05,20.0,0.03747591819350644,3.0,True,1,Rowing segment,-0.007812499999999939,0.0009940357852882492,0.005025125628140776,False,False,0.0,100.0,100.0,96.2216624685139,100.0,99.4
126,381.9,1223.2,3.39,20.0,10.0,3.0,-0.009999999999999787,3.354,10.040000000000001,20.0,0.03747591819350644,3.0,True,1,Rowing segment,-0.007812499999999939,0.0019880715705764985,0.005025125628140776,False,False,0.0,100.0,100.0,96.2216624685139,100.0,99.4
127,384.9,1233.4,3.36,20.0,10.2,3.0,-0.03000000000000025,3.3559999999999994,10.120000000000001,20.0,0.037178249316289436,3.0,True,1,Rowing segment,-0.008413461538461278,-0.0059642147117296715,0.005025125628140776,False,False,0.0,100.0,100.0,96.2216624685139,100.0,99.4
128,387.9,1243.1,3.3,20.0,9.7,3.0,-0.06000000000000005,3.3519999999999994,10.040000000000001,20.0,0.04104198392434721,3.0,True,1,Rowing segment,-0.007211538461538201,0.0019880715705764985,0.005025125628140776,False,False,0.0,100.0,100.0,96.2216624685139,100.0,99.4
129,390.9,1253.1,3.29,20.5,9.9,2.926829268292683,-0.009999999999999787,3.3409999999999997,10.059999999999999,20.05,0.041486276177947964,3.0,True,1,Rowing segment,-0.0039062499999998365,1.7657622658054178e-16,0.0075376884422111625,False,False,0.0,100.0,100.0,94.96221662468515,100.0,99.2
130,393.9,1263.1,3.3,20.0,10.0,3.0,0.009999999999999787,3.3329999999999997,9.989999999999998,20.05,0.04083843505546692,3.0,True,1,Rowing segment,-0.0015024038461536806,0.006958250497018097,0.0075376884422111625,False,False,0.0,100.0,100.0,94.96221662468515,100.0,99.2
131,396.7,1272.3,3.3,20.5,9.2,2.926829268292683,0.0,3.3310000000000004,9.93,20.1,0.04201851443777319,2.8000000000000114,True,1,Rowing segment,-0.0009014423076923418,0.012922465208747591,0.010050251256281551,False,False,0.0,100.0,100.0,93.70277078085643,100.0,99.1
132,399.7,1282.4,3.34,20.5,10.1,2.926829268292683,0.040000000000000036,3.335,9.94,20.15,0.04062019202320228,3.0,True,1,Rowing segment,-0.002103365384615286,0.011928429423459343,0.01256281407035176,False,False,0.0,100.0,100.0,92.44332493702778,100.0,98.9
133,402.7,1292.6,3.38,20.5,10.3,2.926829268292683,0.040000000000000036,3.342,9.969999999999999,20.2,0.041846279537289637,3.0,True,1,Rowing segment,-0.004206730769230706,0.008946322067594596,0.015075376884422148,False,False,0.0,100.0,100.0,91.18387909319905,100.0,98.7
134,405.5,1302.0,3.42,20.5,9.4,2.926829268292683,0.040000000000000036,3.3480000000000003,9.9,20.25,0.04848825745593486,2.8000000000000114,True,1,Rowing segment,-0.006009615384615389,0.01590457256461234,0.017587939698492535,False,False,0.0,100.0,100.0,89.92443324937031,100.0,98.5
135,408.5,1312.4,3.44,20.5,10.3,2.926829268292683,0.020000000000000018,3.3519999999999994,9.91,20.3,0.05452828012449383,3.0,True,1,Rowing segment,-0.007211538461538201,0.01491053677932409,0.020100502512562922,False,False,0.0,100.0,100.0,88.66498740554158,100.0,98.3
136,411.5,1322.6,3.46,20.5,10.2,2.926829268292683,0.020000000000000018,3.3589999999999995,9.93,20.35,0.06367451958551724,3.0,True,1,Rowing segment,-0.00931490384615362,0.012922465208747591,0.02261306532663331,False,False,0.0,100.0,100.0,87.40554156171285,97.01144452440985,97.7
137,414.3,1332.2,3.44,20.0,9.6,3.0,-0.020000000000000018,3.367,9.87,20.35,0.0686456278449272,2.8000000000000114,True,1,Rowing segment,-0.01171874999999991,0.018886679920477264,0.02261306532663331,False,False,0.0,100.0,99.99999999999986,87.40554156171285,92.87459594677533,97.0
138,417.5,1343.0,3.41,20.0,10.8,3.0,-0.029999999999999805,3.378,9.98,20.35,0.06545566777939499,3.1999999999999886,True,1,Rowing segment,-0.015024038461538406,0.00795228628230617,0.02261306532663331,False,False,0.0,100.0,100.0,87.40554156171285,95.52921159205484,97.4
139,420.3,1352.6,3.34,20.5,9.6,2.926829268292683,-0.07000000000000028,3.383,9.95,20.35,0.05963779562214535,2.8000000000000114,True,1,Rowing segment,-0.01652644230769222,0.010934393638171093,0.02261306532663331,False,False,0.0,100.0,100.0,87.40554156171285,100.0,98.1
140,423.3,1362.7,3.33,20.5,10.1,2.926829268292683,-0.009999999999999787,3.386,9.959999999999999,20.4,0.05561774297232368,3.0,True,1,Rowing segment,-0.017427884615384564,0.009940357852882845,0.02512562814070352,False,False,0.0,100.0,100.0,86.14609571788421,100.0,97.9
141,426.3,1372.8,3.36,20.5,10.1,2.926829268292683,0.029999999999999805,3.3920000000000003,10.05,20.4,0.0480277697448968,3.0,True,1,Rowing segment,-0.019230769230769246,0.0009940357852882492,0.02512562814070352,False,False,0.0,100.0,100.0,86.14609571788421,100.0,97.9
142,429.1,1382.3,3.36,20.5,9.5,2.926829268292683,0.0,3.3939999999999997,9.99,20.4,0.04599516882845115,2.8000000000000114,True,1,Rowing segment,-0.019831730769230584,0.006958250497017921,0.02512562814070352,False,False,0.0,100.0,100.0,86.14609571788421,100.0,97.9
143,432.1,1392.3,3.36,20.0,10.0,3.0,0.0,3.3919999999999995,9.959999999999999,20.35,0.04709328803322117,3.0,True,1,Rowing segment,-0.01923076923076898,0.009940357852882845,0.02261306532663331,False,False,0.0,100.0,100.0,87.40554156171285,100.0,98.1
144,435.1,1402.2,3.34,20.0,10.0,3.0,-0.020000000000000018,3.3839999999999995,10.02,20.3,0.04857983120598608,3.0,True,1,Rowing segment,-0.016826923076922823,0.003976143141153173,0.020100502512562922,False,False,0.0,100.0,100.0,88.66498740554158,100.0,98.3
145,438.1,1412.2,3.32,20.0,9.9,3.0,-0.020000000000000018,3.372,9.98,20.25,0.048027769744895324,3.0,True,1,Rowing segment,-0.013221153846153723,0.00795228628230617,0.017587939698492535,False,False,0.0,100.0,100.0,89.92443324937031,100.0,98.5
146,441.1,1421.9,3.3,20.5,9.7,2.926829268292683,-0.020000000000000018,3.3560000000000003,9.93,20.25,0.04168666186899209,3.0,True,1,Rowing segment,-0.008413461538461545,0.012922465208747591,0.017587939698492535,False,False,0.0,100.0,100.0,89.92443324937031,100.0,98.5
147,444.1,1431.6,3.27,20.5,9.7,2.926829268292683,-0.029999999999999805,3.339,9.94,20.3,0.03813717929325957,3.0,True,1,Rowing segment,-0.003305288461538364,0.011928429423459343,0.020100502512562922,False,False,0.0,100.0,100.0,88.66498740554158,100.0,98.3
148,447.1,1441.0,3.24,20.5,9.5,2.926829268292683,-0.029999999999999805,3.322,9.809999999999999,20.35,0.04077035960380878,3.0,True,1,Rowing segment,0.0018028846153846836,0.024850894632206934,0.02261306532663331,False,False,0.0,100.0,96.96048632218829,87.40554156171285,100.0,97.0
149,449.9,1450.5,3.24,20.5,9.4,2.926829268292683,0.0,3.312,9.790000000000001,20.35,0.04756282395131533,2.7999999999999545,True,1,Rowing segment,0.004807692307692445,0.026838966202783258,0.02261306532663331,False,False,0.0,100.0,95.94731509625124,87.40554156171285,100.0,96.7
150,452.9,1460.8,3.31,20.0,10.3,3.0,0.06999999999999984,3.31,9.81,20.3,0.04714045207911993,3.0,True,1,Rowing segment,0.005408653846153917,0.024850894632206758,0.020100502512562922,False,False,0.0,100.0,96.9604863221884,88.66498740554158,100.0,97.2
151,455.9,1471.0,3.34,20.5,10.2,2.926829268292683,0.029999999999999805,3.308,9.82,20.3,0.04516635916256224,3.0,True,1,Rowing segment,0.006009615384615523,0.02385685884691851,0.020100502512562922,False,False,0.0,100.0,97.46707193515697,88.66498740554158,100.0,97.4
152,458.9,1480.8,3.34,20.0,9.7,3.0,0.0,3.306,9.84,20.25,0.042998707990943706,3.0,True,1,Rowing segment,0.006610576923076995,0.021868787276342012,0.017587939698492535,False,False,0.0,100.0,98.48024316109417,89.92443324937031,100.0,98.0
153,461.9,1490.7,3.32,19.5,9.9,3.076923076923077,-0.020000000000000018,3.3019999999999996,9.83,20.2,0.03910100879632678,3.0,True,1,Rowing segment,0.007812500000000206,0.02286282306163026,0.015075376884422148,False,False,0.0,100.0,97.97365754812553,91.18387909319905,100.0,98.0
154,464.9,1501.1,3.34,20.0,10.4,3.0,0.020000000000000018,3.3019999999999996,9.870000000000001,20.2,0.03910100879632678,3.0,True,1,Rowing segment,0.007812500000000206,0.018886679920477087,0.015075376884422148,False,False,0.0,100.0,99.99999999999997,91.18387909319905,100.0,98.7
155,467.9,1510.8,3.32,20.0,9.7,3.0,-0.020000000000000018,3.3019999999999996,9.85,20.2,0.03910100879632678,3.0,True,1,Rowing segment,0.007812500000000206,0.02087475149105376,0.015075376884422148,False,False,0.0,100.0,98.98682877406273,91.18387909319905,100.0,98.3
156,470.9,1520.4,3.23,20.0,9.6,3.0,-0.08999999999999986,3.2950000000000004,9.84,20.15,0.04527692569070357,3.0,True,1,Rowing segment,0.00991586538461536,0.021868787276342012,0.01256281407035176,False,False,0.0,100.0,98.48024316109417,92.44332493702778,100.0,98.3
157,473.9,1530.5,3.26,20.5,10.1,2.926829268292683,0.029999999999999805,3.2939999999999996,9.879999999999999,20.15,0.04599516882844374,3.0,True,1,Rowing segment,0.010216346153846362,0.017892644135189015,0.01256281407035176,False,False,0.0,100.0,100.0,92.44332493702778,100.0,98.9
158,476.9,1540.7,3.37,20.5,10.2,2.926829268292683,0.11000000000000032,3.307,9.95,20.15,0.04738729318664588,3.0,True,1,Rowing segment,0.006310096153846259,0.010934393638171093,0.01256281407035176,False,False,0.0,100.0,100.0,92.44332493702778,100.0,98.9
159,479.7,1550.6,3.42,20.5,9.9,2.926829268292683,0.04999999999999982,3.325,10.0,20.15,0.052967495273585186,2.8000000000000114,True,1,Rowing segment,0.0009014423076923418,0.0059642147117296715,0.01256281407035176,False,False,0.0,100.0,100.0,92.44332493702778,100.0,98.9
160,482.7,1561.6,3.55,20.0,11.0,3.0,0.1299999999999999,3.349,10.069999999999999,20.15,0.08812238963826069,3.0,True,1,Rowing segment,-0.006310096153846125,-0.0009940357852880725,0.01256281407035176,False,False,0.0,100.0,100.0,92.44332493702778,76.66645681217486,95.4
161,485.7,1572.1,3.61,20.5,10.5,2.926829268292683,0.06000000000000005,3.376,10.1,20.15,0.12048051940275507,3.0,True,1,Rowing segment,-0.0144230769230768,-0.003976143141152997,0.01256281407035176,False,False,0.0,100.0,100.0,92.44332493702778,49.738722370308054,91.3
162,488.7,1582.1,3.51,20.5,10.0,2.926829268292683,-0.10000000000000009,3.393,10.13,20.2,0.12667105255565603,3.0,True,1,Rowing segment,-0.019531249999999847,-0.006958250497017921,0.015075376884422148,False,False,0.0,100.0,100.0,91.18387909319905,44.58709481926828,90.4
163,491.7,1592.4,3.45,20.0,10.4,3.0,-0.05999999999999961,3.406,10.18,20.25,0.12500666648890768,3.0,True,1,Rowing segment,-0.02343749999999995,-0.011928429423459166,0.017587939698492535,False,False,0.0,100.0,100.0,89.92443324937031,45.972160839471954,90.4
164,494.7,1602.8,3.45,20.0,10.4,3.0,0.0,3.4170000000000003,10.18,20.25,0.1233828729335468,3.0,True,1,Rowing segment,-0.02674278846153845,-0.011928429423459166,0.017587939698492535,False,False,0.0,100.0,100.0,89.92443324937031,47.32344665127282,90.6
165,497.5,1612.2,3.4,20.5,9.4,2.926829268292683,-0.050000000000000266,3.425,10.15,20.3,0.11890705987825692,2.8000000000000114,True,1,Rowing segment,-0.02914663461538447,-0.00894632206759442,0.020100502512562922,False,False,0.0,100.0,100.0,88.66498740554158,51.04812129228169,91.0
166,500.5,1621.7,3.31,20.5,9.4,2.926829268292683,-0.08999999999999986,3.433,10.129999999999999,20.35,0.10635893108820141,3.0,True,1,Rowing segment,-0.03155048076923063,-0.006958250497017744,0.02261306532663331,False,False,0.0,100.0,100.0,87.40554156171285,61.49040217378424,92.3
167,503.5,1631.1,3.26,20.5,9.5,2.926829268292683,-0.050000000000000266,3.433,10.07,20.35,0.10635893108820141,3.0,True,1,Rowing segment,-0.03155048076923063,-0.0009940357852882492,0.02261306532663331,False,False,0.0,100.0,100.0,87.40554156171285,61.49040217378424,92.3
168,506.4,1640.2,3.21,20.5,9.1,2.926829268292683,-0.04999999999999982,3.4170000000000003,9.959999999999999,20.35,0.1269339285700425,2.8999999999999773,True,1,Rowing segment,-0.02674278846153845,0.009940357852882845,0.02261306532663331,False,False,0.0,100.0,100.0,87.40554156171285,44.36833509619238,89.8
169,509.4,1649.6,3.22,20.5,9.4,2.926829268292683,0.010000000000000231,3.397,9.91,20.35,0.1413466974813743,3.0,True,1,Rowing segment,-0.020733173076922927,0.01491053677932409,0.02261306532663331,False,False,0.0,100.0,100.0,87.40554156171285,32.37434110948827,88.0
170,512.4,1658.9,3.23,20.0,9.3,3.0,0.009999999999999787,3.3649999999999998,9.739999999999998,20.35,0.13906433363336151,3.0,True,1,Rowing segment,-0.011117788461538304,0.03180914512922486,0.02261306532663331,False,False,0.0,100.0,93.41438703140813,87.40554156171285,34.27367484868484,85.9
171,515.3,1668.0,3.19,20.5,9.0,2.926829268292683,-0.040000000000000036,3.3230000000000004,9.59,20.35,0.11879487456209498,2.8999999999999773,True,1,Rowing segment,0.001502403846153814,0.04671968190854877,0.02261306532663331,False,False,0.0,100.0,85.81560283687932,87.40554156171285,51.14147948151797,85.8
172,518.2,1677.1,3.25,21.0,9.2,2.857142857142857,0.06000000000000005,3.2969999999999997,9.510000000000002,20.4,0.10033831659829281,2.900000000000091,True,1,Rowing segment,0.009314903846154021,0.054671968190854764,0.02512562814070352,False,False,0.0,100.0,81.76291793313072,86.14609571788421,66.50062709534336,86.5
173,521.2,1686.9,3.32,20.5,9.7,2.926829268292683,0.06999999999999984,3.2840000000000003,9.440000000000001,20.45,0.085660829891959,3.0,True,1,Rowing segment,0.013221153846153856,0.06163021868787268,0.027638190954773906,False,False,0.0,100.0,78.21681864235053,84.88664987405548,78.71491349504323,86.9
174,524.2,1696.7,3.33,20.0,9.8,3.0,0.010000000000000231,3.272,9.379999999999999,20.45,0.06596295256515111,3.0,True,1,Rowing segment,0.016826923076923225,0.06759443339960253,0.027638190954773906,False,False,0.0,100.0,75.17730496453889,84.88664987405548,95.10706018538643,88.3
175,527.2,1706.4,3.34,21.0,9.8,2.857142857142857,0.009999999999999787,3.2659999999999996,9.42,20.5,0.054812812776263056,3.0,True,1,Rowing segment,0.018629807692307907,0.06361829025844935,0.030150753768844296,False,False,0.0,100.0,77.20364741641328,83.62720403022675,100.0,89.6
176,530.2,1716.7,3.37,20.5,10.3,2.926829268292683,0.03000000000000025,3.272,9.51,20.5,0.0628578643537337,3.0,True,1,Rowing segment,0.016826923076923225,0.05467196819085494,0.030150753768844296,False,False,0.0,100.0,81.76291793313062,83.62720403022675,97.69104731270691,90.8
177,533.2,1726.5,3.42,20.5,9.7,2.926829268292683,0.04999999999999982,3.2880000000000003,9.53,20.5,0.07800284895082904,3.0,True,1,Rowing segment,0.012019230769230779,0.05268389662027844,0.030150753768844296,False,False,0.0,100.0,82.77608915906775,83.62720403022675,85.08771929823571,89.3
178,535.7,1736.0,3.36,20.0,9.6,3.0,-0.06000000000000005,3.303,9.580000000000002,20.45,0.07572611467945503,2.5,True,1,Rowing segment,0.007512019230769337,0.047713717693836845,0.027638190954773906,False,False,0.0,100.0,85.30901722391087,84.88664987405548,86.98236822573729,90.6
179,538.7,1746.3,3.33,21.0,10.3,2.857142857142857,-0.029999999999999805,3.314,9.67,20.5,0.07011102306739773,3.0,True,1,Rowing segment,0.004206730769230839,0.0387673956262426,0.030150753768844296,False,False,0.0,100.0,89.8682877406281,83.62720403022675,91.65512579537106,92.7
180,541.7,1756.1,3.33,20.5,9.8,2.926829268292683,0.0,3.3240000000000003,9.72,20.55,0.06363087999462674,3.0,True,1,Rowing segment,0.0012019230769230779,0.03379721669980118,0.03266331658291468,False,False,0.0,100.0,92.40121580547105,82.367758186398,97.04776044634983,94.3
181,544.7,1765.9,3.26,20.0,9.7,3.0,-0.07000000000000028,3.3310000000000004,9.790000000000001,20.5,0.04954235000932237,3.0,True,1,Rowing segment,-0.0009014423076923418,0.026838966202783258,0.030150753768844296,False,False,0.0,100.0,95.94731509625124,83.62720403022675,100.0,96.1
182,547.5,1775.7,3.27,20.5,9.8,2.926829268292683,0.010000000000000231,3.3329999999999997,9.85,20.45,0.04620004810004228,2.7999999999999545,True,1,Rowing segment,-0.0015024038461536806,0.02087475149105376,0.027638190954773906,False,False,0.0,100.0,98.98682877406273,84.88664987405548,100.0,97.4
183,550.5,1786.4,3.38,20.5,10.6,2.926829268292683,0.10999999999999988,3.339,9.940000000000001,20.45,0.048177911028944996,3.0,True,1,Rowing segment,-0.003305288461538364,0.011928429423459166,0.027638190954773906,False,False,0.0,100.0,100.0,84.88664987405548,100.0,97.7
184,553.5,1797.2,3.47,20.5,10.8,2.926829268292683,0.0900000000000003,3.353,10.040000000000001,20.5,0.06325433669807214,3.0,True,1,Rowing segment,-0.007512019230769203,0.0019880715705764985,0.030150753768844296,False,False,0.0,100.0,100.0,83.62720403022675,97.36111161866057,97.1
185,556.3,1806.7,3.51,20.5,9.6,2.926829268292683,0.03999999999999959,3.3699999999999997,10.02,20.45,0.08000000000001323,2.7999999999999545,True,1,Rowing segment,-0.012620192307692117,0.003976143141153173,0.027638190954773906,False,False,0.0,100.0,100.0,84.88664987405548,83.42573347012592,95.2
186,559.3,1816.7,3.43,20.5,10.0,2.926829268292683,-0.07999999999999963,3.376,9.99,20.45,0.08221921916439108,3.0,True,1,Rowing segment,-0.0144230769230768,0.006958250497017921,0.027638190954773906,False,False,0.0,100.0,100.0,84.88664987405548,81.57894736840753,95.0
187,562.3,1826.8,3.35,20.5,10.1,2.926829268292683,-0.08000000000000007,3.3689999999999998,10.030000000000001,20.45,0.08102811583368866,3.0,True,1,Rowing segment,-0.012319711538461382,0.0029821073558647473,0.027638190954773906,False,False,0.0,100.0,100.0,84.88664987405548,82.57015775094241,95.1
188,565.1,1836.0,3.36,21.0,9.2,2.857142857142857,0.009999999999999787,3.3689999999999998,9.989999999999998,20.55,0.08102811583368866,2.800000000000068,True,1,Rowing segment,-0.012319711538461382,0.006958250497018097,0.03266331658291468,False,False,0.0,100.0,100.0,82.367758186398,82.57015775094241,94.7
189,568.1,1845.9,3.3,20.0,9.9,3.0,-0.06000000000000005,3.3660000000000005,9.95,20.45,0.08315981935741347,3.0,True,1,Rowing segment,-0.011418269230769306,0.010934393638171093,0.027638190954773906,False,False,0.0,100.0,100.0,84.88664987405548,80.79620026905361,94.9
190,571.1,1855.5,3.25,20.0,9.7,3.0,-0.04999999999999982,3.3579999999999997,9.940000000000001,20.4,0.09052930771610684,3.0,True,1,Rowing segment,-0.009014423076922884,0.011928429423459166,0.02512562814070352,False,False,0.0,100.0,100.0,86.14609571788421,74.66347174179892,94.1
191,574.1,1865.2,3.27,20.0,9.7,3.0,0.020000000000000018,3.3590000000000004,9.94,20.4,0.08937436868465023,3.0,True,1,Rowing segment,-0.009314903846153888,0.011928429423459343,0.02512562814070352,False,False,0.0,100.0,100.0,86.14609571788421,75.62458697812309,94.3
192,577.1,1875.4,3.29,20.0,10.2,3.0,0.020000000000000018,3.3609999999999998,9.98,20.35,0.08736259051919334,3.0,True,1,Rowing segment,-0.009915865384615226,0.00795228628230617,0.02261306532663331,False,False,0.0,100.0,100.0,87.40554156171285,77.29874517544916,94.7
193,579.9,1885.2,3.37,20.5,9.8,2.926829268292683,0.08000000000000007,3.3600000000000003,9.899999999999999,20.35,0.08717797887082504,2.7999999999999545,True,1,Rowing segment,-0.009615384615384623,0.015904572564612515,0.02261306532663331,False,False,0.0,100.0,100.0,87.40554156171285,77.45237498898653,94.7
194,582.9,1895.1,3.36,20.5,9.9,2.926829268292683,-0.010000000000000231,3.349,9.809999999999999,20.35,0.07823753006781982,3.0,True,1,Rowing segment,-0.006310096153846125,0.024850894632206934,0.02261306532663331,False,False,0.0,100.0,96.96048632218829,87.40554156171285,84.89242275783484,94.8
195,585.9,1905.1,3.33,20.5,10.0,2.926829268292683,-0.029999999999999805,3.3310000000000004,9.85,20.35,0.05404730438340874,3.0,True,1,Rowing segment,-0.0009014423076923418,0.02087475149105376,0.02261306532663331,False,False,0.0,100.0,98.98682877406273,87.40554156171285,100.0,97.8
196,588.9,1915.4,3.38,20.5,10.4,2.926829268292683,0.04999999999999982,3.3259999999999996,9.89,20.35,0.045509461775687675,3.0,True,1,Rowing segment,0.0006009615384617391,0.01689860834990059,0.02261306532663331,False,False,0.0,100.0,100.0,87.40554156171285,100.0,98.1
197,591.7,1925.2,3.38,20.5,9.8,2.926829268292683,0.0,3.3289999999999997,9.860000000000001,20.35,0.048177911028943615,2.800000000000068,True,1,Rowing segment,-0.00030048076923060266,0.019880715705765335,0.02261306532663331,False,False,0.0,100.0,99.4934143870314,87.40554156171285,100.0,97.9
198,594.7,1935.3,3.33,20.0,10.1,3.0,-0.04999999999999982,3.3260000000000005,9.95,20.25,0.04695151163110843,3.0,True,1,Rowing segment,0.0006009615384614723,0.010934393638171093,0.017587939698492535,False,False,0.0,100.0,100.0,89.92443324937031,100.0,98.5
199,597.7,1945.4,3.32,20.5,10.1,2.926829268292683,-0.010000000000000231,3.3280000000000003,9.97,20.3,0.04613988392801366,3.0,True,1,Rowing segment,0.0,0.00894632206759442,0.020100502512562922,False,False,0.0,100.0,100.0,88.66498740554158,100.0,98.3
200,600.7,1955.7,3.36,20.0,10.3,3.0,0.040000000000000036,3.339,10.03,20.3,0.03784471194531699,3.0,True,1,Rowing segment,-0.003305288461538364,0.002982107355864924,0.020100502512562922,False,False,0.0,100.0,100.0,88.66498740554158,100.0,98.3
201,603.7,1966.1,3.41,20.5,10.3,2.926829268292683,0.050000000000000266,3.353,10.09,20.35,0.03529242915353787,3.0,True,1,Rowing segment,-0.007512019230769203,-0.0029821073558647473,0.02261306532663331,False,False,0.0,100.0,100.0,87.40554156171285,100.0,98.1
202,606.5,1976.2,3.46,20.5,10.1,2.926829268292683,0.04999999999999982,3.3699999999999997,10.080000000000002,20.4,0.04189935029994676,2.7999999999999545,True,1,Rowing segment,-0.012620192307692117,-0.001988071570576675,0.02512562814070352,False,False,0.0,100.0,100.0,86.14609571788421,100.0,97.9
203,609.5,1986.6,3.49,20.5,10.4,2.926829268292683,0.03000000000000025,3.382,10.14,20.4,0.05652924513521977,3.0,True,1,Rowing segment,-0.016225961538461484,-0.00795228628230617,0.02512562814070352,False,False,0.0,100.0,100.0,86.14609571788421,100.0,97.9
204,612.5,1996.7,3.48,20.0,10.1,3.0,-0.010000000000000231,3.3940000000000006,10.16,20.35,0.06363087999463166,3.0,True,1,Rowing segment,-0.01983173076923085,-0.009940357852882668,0.02261306532663331,False,False,0.0,100.0,100.0,87.40554156171285,97.04776044634575,97.7
205,615.5,2007.1,3.46,20.0,10.3,3.0,-0.020000000000000018,3.407,10.190000000000001,20.3,0.06236986451807036,3.0,True,1,Rowing segment,-0.02373798076923069,-0.012922465208747591,0.020100502512562922,False,False,0.0,100.0,100.0,88.66498740554158,98.09715020178167,98.0
206,618.5,2016.9,3.43,20.0,9.8,3.0,-0.029999999999999805,3.4120000000000004,10.129999999999999,20.25,0.061967733539338835,3.0,True,1,Rowing segment,-0.025240384615384637,-0.006958250497017744,0.017587939698492535,False,False,0.0,100.0,100.0,89.92443324937031,98.43179488875651,98.3
207,621.5,2027.5,3.4,20.5,10.6,2.926829268292683,-0.03000000000000025,3.414,10.209999999999999,20.25,0.061137368096609246,3.0,True,1,Rowing segment,-0.025841346153846107,-0.014910536779323913,0.017587939698492535,False,False,0.0,100.0,100.0,89.92443324937031,99.12280701752485,98.4
208,624.5,2037.8,3.43,20.0,10.3,3.0,0.03000000000000025,3.4240000000000004,10.23,20.25,0.0535827501264513,3.0,True,1,Rowing segment,-0.02884615384615387,-0.01689860834990059,0.017587939698492535,False,False,0.0,100.0,100.0,89.92443324937031,100.0,98.5
209,627.5,2048.1,3.46,20.0,10.3,3.0,0.029999999999999805,3.438,10.25,20.2,0.03994440581055475,3.0,True,1,Rowing segment,-0.033052884615384574,-0.018886679920477087,0.015075376884422148,False,False,0.0,100.0,100.0,91.18387909319905,100.0,98.7
210,630.3,2057.3,3.41,20.5,9.3,2.926829268292683,-0.04999999999999982,3.443,10.15,20.25,0.03128720008073034,2.7999999999999545,True,1,Rowing segment,-0.03455528846153839,-0.00894632206759442,0.017587939698492535,False,False,0.0,100.0,100.0,89.92443324937031,100.0,98.5
211,633.3,2067.2,3.31,20.0,10.0,3.0,-0.10000000000000009,3.433,10.120000000000001,20.2,0.05207899981974406,3.0,True,1,Rowing segment,-0.03155048076923063,-0.0059642147117296715,0.015075376884422148,False,False,0.0,100.0,100.0,91.18387909319905,100.0,98.7
212,636.3,2077.4,3.31,20.5,10.1,2.926829268292683,0.0,3.418,10.12,20.2,0.06373556481451131,3.0,True,1,Rowing segment,-0.027043269230769187,-0.005964214711729495,0.015075376884422148,False,False,0.0,100.0,100.0,91.18387909319905,96.96064400759201,98.2
213,639.3,2087.1,3.33,20.0,9.7,3.0,0.020000000000000018,3.402,10.05,20.15,0.0637355648145102,3.0,True,1,Rowing segment,-0.022235576923076875,0.0009940357852882492,0.01256281407035176,False,False,0.0,100.0,100.0,92.44332493702778,96.96064400759293,98.4
214,642.3,2096.8,3.32,21.0,9.8,2.857142857142857,-0.010000000000000231,3.386,10.020000000000001,20.25,0.062039413995388155,3.0,True,1,Rowing segment,-0.017427884615384564,0.003976143141152997,0.017587939698492535,False,False,0.0,100.0,100.0,89.92443324937031,98.3721439664314,98.2
215,645.1,2105.6,3.23,21.0,8.8,2.857142857142857,-0.08999999999999986,3.3630000000000004,9.870000000000001,20.35,0.07318925239861888,2.800000000000068,True,1,Rowing segment,-0.010516826923076966,0.018886679920477087,0.02261306532663331,False,False,0.0,100.0,99.99999999999997,87.40554156171285,89.09349004616158,96.5
216,648.1,2115.3,3.17,20.5,9.7,2.926829268292683,-0.06000000000000005,3.3369999999999997,9.86,20.4,0.0908050414655343,3.0,True,1,Rowing segment,-0.0027043269230767586,0.019880715705765512,0.02512562814070352,False,False,0.0,100.0,99.4934143870313,86.14609571788421,74.43401209022814,93.9
217,650.9,2124.7,3.22,20.0,9.4,3.0,0.050000000000000266,3.3190000000000004,9.74,20.35,0.09468661761599283,2.7999999999999545,True,1,Rowing segment,0.002704326923076892,0.03180914512922468,0.02261306532663331,False,False,0.0,100.0,93.41438703140825,87.40554156171285,71.20384852527081,91.5
218,653.9,2134.4,3.27,20.5,9.7,2.926829268292683,0.04999999999999982,3.303,9.68,20.4,0.08705681414392803,3.0,True,1,Rowing segment,0.007512019230769337,0.03777335984095435,0.02512562814070352,False,False,0.0,100.0,90.37487335359667,86.14609571788421,77.55320564926727,91.2
219,656.9,2144.5,3.37,20.0,10.1,3.0,0.10000000000000009,3.2939999999999996,9.66,20.4,0.07244921593012824,3.0,True,1,Rowing segment,0.010216346153846362,0.03976143141153085,0.02512562814070352,False,False,0.0,100.0,89.36170212765953,86.14609571788421,89.7093323598505,92.7
220,659.9,2154.7,3.41,20.5,10.2,2.926829268292683,0.040000000000000036,3.2939999999999996,9.75,20.4,0.07244921593012824,3.0,True,1,Rowing segment,0.010216346153846362,0.030815109343936428,0.02512562814070352,False,False,0.0,100.0,93.92097264437682,86.14609571788421,89.7093323598505,94.3
221,662.9,2164.5,3.31,20.5,9.8,2.926829268292683,-0.10000000000000009,3.2939999999999996,9.73,20.45,0.07244921593012824,3.0,True,1,Rowing segment,0.010216346153846362,0.032803180914512925,0.027638190954773906,False,False,0.0,100.0,92.90780141843967,84.88664987405548,89.7093323598505,93.7
222,665.9,2174.2,3.25,20.0,9.7,3.0,-0.06000000000000005,3.2880000000000003,9.69,20.4,0.07345444544448593,3.0,True,1,Rowing segment,0.012019230769230779,0.0367793240556661,0.02512562814070352,False,False,0.0,100.0,90.88145896656523,86.14609571788421,88.87280213969385,93.1
223,668.9,2183.9,3.26,20.0,9.6,3.0,0.009999999999999787,3.281,9.68,20.4,0.07233410137842013,3.0,True,1,Rowing segment,0.014122596153846199,0.03777335984095435,0.02512562814070352,False,False,0.0,100.0,90.37487335359667,86.14609571788421,89.80512819543652,93.0
224,671.9,2194.1,3.27,20.0,10.3,3.0,0.010000000000000231,3.2760000000000007,9.73,20.3,0.07105553383720498,3.0,True,1,Rowing segment,0.015624999999999879,0.032803180914512925,0.020100502512562922,False,False,0.0,100.0,92.90780141843967,88.66498740554158,90.86912439875265,94.4
225,674.9,2204.2,3.27,19.5,10.0,3.076923076923077,0.0,3.2800000000000002,9.85,20.15,0.06928203230276468,3.0,True,1,Rowing segment,0.014423076923076934,0.02087475149105376,0.01256281407035176,False,False,0.0,100.0,98.98682877406273,92.44332493702778,92.3449939468145,97.4
226,677.9,2214.2,3.31,20.0,10.1,3.0,0.040000000000000036,3.2939999999999996,9.89,20.1,0.05777350411546137,3.0,True,1,Rowing segment,0.010216346153846362,0.01689860834990059,0.010050251256281551,False,False,0.0,100.0,100.0,93.70277078085643,100.0,99.1
227,680.9,2224.1,3.32,20.5,9.9,2.926829268292683,0.009999999999999787,3.304,9.940000000000001,20.15,0.05189733454942438,3.0,True,1,Rowing segment,0.007211538461538601,0.011928429423459166,0.01256281407035176,False,False,0.0,100.0,100.0,92.44332493702778,100.0,98.9
228,683.9,2233.5,3.28,20.5,9.3,2.926829268292683,-0.040000000000000036,3.3049999999999997,9.9,20.15,0.051261854997447474,3.0,True,1,Rowing segment,0.006911057692307865,0.01590457256461234,0.01256281407035176,False,False,0.0,100.0,100.0,92.44332493702778,100.0,98.9
229,686.9,2243.1,3.23,20.0,9.6,3.0,-0.04999999999999982,3.2909999999999995,9.85,20.15,0.05065131346329522,3.0,True,1,Rowing segment,0.011117788461538705,0.02087475149105376,0.01256281407035176,False,False,0.0,100.0,98.98682877406273,92.44332493702778,100.0,98.5
230,689.9,2252.5,3.15,20.0,9.5,3.0,-0.08000000000000007,3.2649999999999997,9.78,20.1,0.049497474683070655,3.0,True,1,Rowing segment,0.018930288461538644,0.027833001988071683,0.010050251256281551,False,False,0.0,100.0,95.44072948328258,93.70277078085643,100.0,97.5
231,692.9,2262.6,3.22,20.0,10.0,3.0,0.07000000000000028,3.2560000000000002,9.8,20.05,0.04857983120597623,3.0,True,1,Rowing segment,0.0216346153846154,0.025844930417495006,0.0075376884422111625,False,False,0.0,100.0,96.45390070921984,94.96221662468515,100.0,98.0
232,695.9,2272.1,3.26,19.5,9.6,3.076923076923077,0.03999999999999959,3.257,9.790000000000001,20.0,0.04854551129268098,3.0,True,1,Rowing segment,0.021334134615384664,0.026838966202783258,0.005025125628140776,False,False,0.0,100.0,95.94731509625124,96.2216624685139,100.0,98.0
233,698.9,2282.4,3.27,20.0,10.3,3.0,0.010000000000000231,3.258,9.860000000000001,20.0,0.04871686908386552,3.0,True,1,Rowing segment,0.02103365384615393,0.019880715705765335,0.005025125628140776,False,False,0.0,100.0,99.4934143870314,96.2216624685139,100.0,99.3
234,701.9,2292.9,3.38,19.5,10.5,3.076923076923077,0.10999999999999988,3.2689999999999997,9.879999999999999,19.95,0.062262883539617064,3.0,True,1,Rowing segment,0.017728365384615564,0.017892644135189015,0.002512562814070388,False,False,0.0,100.0,100.0,97.48110831234263,98.18617745394637,99.4
235,704.9,2303.1,3.43,20.5,10.3,2.926829268292683,0.050000000000000266,3.285,9.91,20.05,0.08045012257432312,3.0,True,1,Rowing segment,0.012920673076923121,0.01491053677932409,0.0075376884422111625,False,False,0.0,100.0,100.0,94.96221662468515,83.05115121721073,96.7
236,707.9,2312.9,3.37,20.5,9.8,2.926829268292683,-0.06000000000000005,3.2909999999999995,9.879999999999999,20.1,0.08464960458003926,3.0,True,1,Rowing segment,0.011117788461538705,0.017892644135189015,0.010050251256281551,False,False,0.0,100.0,100.0,93.70277078085643,79.55643328801185,96.0
237,710.9,2322.5,3.25,19.5,9.6,3.076923076923077,-0.1200000000000001,3.2840000000000003,9.85,20.0,0.08487899884215076,3.0,True,1,Rowing segment,0.013221153846153856,0.02087475149105376,0.005025125628140776,False,False,0.0,100.0,98.98682877406273,96.2216624685139,79.36553635368394,96.0
238,713.9,2331.7,3.15,20.0,9.2,3.0,-0.10000000000000009,3.271,9.84,19.95,0.09492101980068106,3.0,True,1,Rowing segment,0.01712740384615396,0.021868787276342012,0.002512562814070388,False,False,0.0,100.0,98.48024316109417,97.48110831234263,71.0087841062881,94.7
239,717.1,2341.5,3.1,19.5,9.9,3.076923076923077,-0.04999999999999982,3.258,9.870000000000001,19.9,0.1090157990588778,3.2000000000000455,True,1,Rowing segment,0.02103365384615393,0.018886679920477087,0.0,False,False,0.0,100.0,99.99999999999997,98.74055415617136,59.27941421860341,93.7
240,720.1,2351.4,3.15,20.0,9.9,3.0,0.04999999999999982,3.258,9.91,19.9,0.1090157990588778,3.0,True,1,Rowing segment,0.02103365384615393,0.01491053677932409,0.0,False,False,0.0,100.0,100.0,98.74055415617136,59.27941421860341,93.7
241,723.1,2361.2,3.2,20.0,9.7,3.0,0.050000000000000266,3.2560000000000002,9.88,19.9,0.1099696927945809,3.0,True,1,Rowing segment,0.0216346153846154,0.01789264413518884,0.0,False,False,0.0,100.0,100.0,98.74055415617136,58.485604521080106,93.6
242,726.1,2370.6,3.22,20.5,9.4,2.926829268292683,0.020000000000000018,3.2520000000000002,9.86,20.0,0.11053405709453946,3.0,True,1,Rowing segment,0.02283653846153848,0.019880715705765512,0.005025125628140776,False,False,0.0,100.0,99.4934143870313,96.2216624685139,58.01595277951284,93.0
243,728.9,2379.8,3.24,20.5,9.2,2.926829268292683,0.020000000000000018,3.249,9.75,20.05,0.1103982689075281,2.7999999999999545,True,1,Rowing segment,0.02373798076923082,0.030815109343936428,0.0075376884422111625,False,False,0.0,100.0,93.92097264437682,94.96221662468515,58.128952766434104,90.8
244,731.9,2389.4,3.23,20.5,9.6,2.926829268292683,-0.010000000000000231,3.2339999999999995,9.66,20.15,0.10035492569431818,3.0,True,1,Rowing segment,0.02824519230769253,0.03976143141153085,0.01256281407035176,False,False,0.0,99.99999999999997,89.36170212765953,92.44332493702778,66.48680536552321,90.1
245,734.7,2398.4,3.21,21.0,9.1,2.857142857142857,-0.020000000000000018,3.2119999999999997,9.540000000000001,20.2,0.07299923896103122,2.800000000000068,True,1,Rowing segment,0.03485576923076939,0.05168986083499001,0.015075376884422148,False,False,0.0,96.59863945578233,83.28267477203643,91.18387909319905,89.25161511163928,90.0
246,737.7,2408.6,3.24,20.0,10.1,3.0,0.03000000000000025,3.1990000000000003,9.57,20.15,0.049542350009312175,3.0,True,1,Rowing segment,0.03876201923076923,0.04870775347912527,0.01256281407035176,False,False,0.0,94.58874458874466,84.8024316109422,92.44332493702778,100.0,91.7
247,740.7,2418.8,3.34,20.0,10.2,3.0,0.09999999999999964,3.2079999999999997,9.629999999999999,20.2,0.06545566777938527,3.0,True,1,Rowing segment,0.03605769230769247,0.04274353876739577,0.015075376884422148,False,False,0.0,95.98021026592457,87.84194528875365,91.18387909319905,95.52921159206292,92.3
248,743.7,2428.5,3.35,20.0,9.8,3.0,0.010000000000000231,3.228,9.69,20.2,0.0755424825291546,3.0,True,1,Rowing segment,0.030048076923076948,0.0367793240556661,0.015075376884422148,False,False,0.0,99.07235621521342,90.88145896656523,91.18387909319905,87.1351829222067,93.2
249,746.7,2438.3,3.3,20.5,9.8,2.926829268292683,-0.050000000000000266,3.248,9.68,20.3,0.06338594306136726,3.0,True,1,Rowing segment,0.024038461538461557,0.03777335984095435,0.020100502512562922,False,False,0.0,100.0,90.37487335359667,88.66498740554158,97.25159165482263,94.5
250,749.7,2448.2,3.3,20.5,9.8,2.926829268292683,0.0,3.2630000000000003,9.669999999999998,20.35,0.05478239782185816,3.0,True,1,Rowing segment,0.019531249999999983,0.038767395626242776,0.02261306532663331,False,False,0.0,100.0,89.86828774062798,87.40554156171285,100.0,94.6
251,752.5,2457.3,3.32,21.0,9.2,2.857142857142857,0.020000000000000018,3.275,9.620000000000001,20.45,0.05254627590146057,2.7999999999999545,True,1,Rowing segment,0.015925480769230883,0.043737574552683844,0.027638190954773906,False,False,0.0,100.0,87.3353596757852,84.88664987405548,100.0,93.3
252,755.5,2466.9,3.29,20.5,9.6,2.926829268292683,-0.029999999999999805,3.282,9.64,20.45,0.048944412914620934,3.0,True,1,Rowing segment,0.013822115384615462,0.04174950298210735,0.027638190954773906,False,False,0.0,100.0,88.34853090172234,84.88664987405548,100.0,93.7
253,758.4,2476.2,3.25,20.0,9.3,3.0,-0.040000000000000036,3.283,9.65,20.4,0.04808557187164969,2.8999999999999773,True,1,Rowing segment,0.013521634615384727,0.0407554671968191,0.02512562814070352,False,False,0.0,100.0,88.8551165146909,86.14609571788421,100.0,94.0
254,761.4,2486.2,3.31,20.5,10.0,2.926829268292683,0.06000000000000005,3.2909999999999995,9.690000000000001,20.4,0.04483302354293566,3.0,True,1,Rowing segment,0.011117788461538705,0.036779324055665925,0.02512562814070352,False,False,0.0,100.0,90.88145896656535,86.14609571788421,100.0,94.7
255,764.4,2496.0,3.3,20.0,9.8,3.0,-0.010000000000000231,3.3,9.76,20.3,0.034641016151399015,3.0,True,1,Rowing segment,0.008413461538461679,0.02982107355864818,0.020100502512562922,False,False,0.0,100.0,94.42755825734538,88.66498740554158,100.0,96.3
256,767.3,2506.0,3.34,20.5,9.9,2.926829268292683,0.040000000000000036,3.31,9.74,20.35,0.029439202887786002,2.8999999999999773,True,1,Rowing segment,0.005408653846153917,0.03180914512922468,0.02261306532663331,False,False,0.0,100.0,93.41438703140825,87.40554156171285,100.0,95.8
257,770.3,2516.4,3.48,20.0,10.4,3.0,0.14000000000000012,3.3240000000000003,9.76,20.35,0.06131883886703713,3.0,True,1,Rowing segment,0.0012019230769230779,0.02982107355864818,0.02261306532663331,False,False,0.0,100.0,94.42755825734538,87.40554156171285,98.9717909745518,96.0
258,773.3,2526.4,3.46,19.5,10.0,3.076923076923077,-0.020000000000000018,3.3349999999999995,9.78,20.3,0.07487025815073228,3.0,True,1,Rowing segment,-0.002103365384615153,0.027833001988071683,0.020100502512562922,False,False,0.0,100.0,95.44072948328258,88.66498740554158,87.6945934839187,94.9
259,776.3,2536.3,3.33,20.0,9.9,3.0,-0.1299999999999999,3.338,9.790000000000001,20.25,0.07390684827689502,3.0,True,1,Rowing segment,-0.003004807692307628,0.026838966202783258,0.017587939698492535,False,False,0.0,100.0,95.94731509625124,89.92443324937031,88.496322305398,95.3
260,779.4,2546.8,3.32,20.0,10.5,3.0,-0.010000000000000231,3.34,9.86,20.2,0.07302967433403428,3.1000000000000227,True,1,Rowing segment,-0.0036057692307691004,0.019880715705765512,0.015075376884422148,False,False,0.0,100.0,99.4934143870313,91.18387909319905,89.22628745371127,96.9
261,782.4,2556.6,3.34,19.5,9.8,3.076923076923077,0.020000000000000018,3.342,9.92,20.05,0.0726941843921935,3.0,True,1,Rowing segment,-0.004206730769230706,0.013916500994035842,0.0075376884422111625,False,False,0.0,100.0,100.0,94.96221662468515,89.50547491378872,97.7
262,785.4,2566.4,3.29,20.0,9.8,3.0,-0.04999999999999982,3.342,9.940000000000001,20.0,0.0726941843921935,3.0,True,1,Rowing segment,-0.004206730769230706,0.011928429423459166,0.005025125628140776,False,False,0.0,100.0,100.0,96.2216624685139,89.50547491378872,97.9
263,788.4,2576.2,3.28,20.5,9.8,2.926829268292683,-0.010000000000000231,3.345,9.99,20.05,0.06900080514829457,3.0,True,1,Rowing segment,-0.0051081730769230475,0.006958250497017921,0.0075376884422111625,False,False,0.0,100.0,100.0,94.96221662468515,92.57902509102861,98.1
264,791.4,2586.2,3.33,20.0,10.0,3.0,0.050000000000000266,3.347,9.99,20.0,0.06815831244651946,3.0,True,1,Rowing segment,-0.00570913461538452,0.006958250497017921,0.005025125628140776,False,False,0.0,100.0,100.0,96.2216624685139,93.28012926199662,98.4
265,794.4,2595.7,3.33,20.0,9.5,3.0,0.0,3.35,9.96,20.0,0.06649979114421375,3.0,True,1,Rowing segment,-0.006610576923076861,0.009940357852882668,0.005025125628140776,False,False,0.0,100.0,100.0,96.2216624685139,94.66031475231105,98.6
266,797.4,2605.6,3.33,20.0,9.9,3.0,0.0,3.349,9.959999999999999,19.95,0.06674162452657462,3.0,True,1,Rowing segment,-0.006310096153846125,0.009940357852882845,0.002512562814070388,False,False,0.0,100.0,100.0,97.48110831234263,94.45906625164719,98.8
267,800.4,2615.7,3.34,20.0,10.2,3.0,0.009999999999999787,3.335,9.940000000000001,19.95,0.048362060428507735,3.0,True,1,Rowing segment,-0.002103365384615286,0.011928429423459166,0.002512562814070388,False,False,0.0,100.0,100.0,97.48110831234263,100.0,99.6
268,803.4,2626.0,3.32,20.0,10.2,3.0,-0.020000000000000018,3.321,9.96,20.0,0.020248456731357594,3.0,True,1,Rowing segment,0.0021033653846154196,0.009940357852882668,0.005025125628140776,False,False,0.0,100.0,100.0,96.2216624685139,100.0,99.4
269,806.3,2635.1,3.34,21.0,9.1,2.857142857142857,0.020000000000000018,3.322,9.879999999999999,20.1,0.02097617696344276,2.8999999999999773,True,1,Rowing segment,0.0018028846153846836,0.017892644135189015,0.010050251256281551,False,False,0.0,100.0,100.0,93.70277078085643,100.0,99.1
270,809.2,2644.2,3.35,21.0,9.1,2.857142857142857,0.010000000000000231,3.325,9.74,20.2,0.022730302828346868,2.900000000000091,True,1,Rowing segment,0.0009014423076923418,0.03180914512922468,0.015075376884422148,False,False,0.0,100.0,93.41438703140825,91.18387909319905,100.0,96.4
271,812.2,2654.0,3.33,20.5,9.8,2.926829268292683,-0.020000000000000018,3.3240000000000003,9.74,20.3,0.02221110833198142,3.0,True,1,Rowing segment,0.0012019230769230779,0.03180914512922468,0.020100502512562922,False,False,0.0,100.0,93.41438703140825,88.66498740554158,100.0,96.0
272,815.2,2664.2,3.34,20.5,10.2,2.926829268292683,0.009999999999999787,3.3289999999999997,9.78,20.35,0.019119507199644725,3.0,True,1,Rowing segment,-0.00030048076923060266,0.027833001988071683,0.02261306532663331,False,False,0.0,100.0,95.44072948328258,87.40554156171285,100.0,96.5
273,818.2,2674.0,3.35,20.0,9.8,3.0,0.010000000000000231,3.336,9.78,20.3,0.009660917830883405,3.0,True,1,Rowing segment,-0.002403846153846022,0.027833001988071683,0.020100502512562922,False,False,0.0,100.0,95.44072948328258,88.66498740554158,100.0,96.7
274,821.2,2684.3,3.33,20.5,10.3,2.926829268292683,-0.020000000000000018,3.336,9.809999999999999,20.35,0.009660917830883405,3.0,True,1,Rowing segment,-0.002403846153846022,0.024850894632206934,0.02261306532663331,False,False,0.0,100.0,96.96048632218829,87.40554156171285,100.0,97.0
275,824.2,2694.2,3.34,20.5,9.8,2.926829268292683,0.009999999999999787,3.3369999999999997,9.84,20.4,0.009486832980597505,3.0,True,1,Rowing segment,-0.0027043269230767586,0.021868787276342012,0.02512562814070352,False,False,0.0,100.0,98.48024316109417,86.14609571788421,100.0,97.4
276,827.2,2704.0,3.35,20.0,9.8,3.0,0.010000000000000231,3.339,9.830000000000002,20.4,0.009944289260206136,3.0,True,1,Rowing segment,-0.003305288461538364,0.022862823061630084,0.02512562814070352,False,False,0.0,100.0,97.97365754812564,86.14609571788421,100.0,97.2
277,830.2,2713.6,3.26,20.0,9.7,3.0,-0.0900000000000003,3.3310000000000004,9.78,20.4,0.026853512081529234,3.0,True,1,Rowing segment,-0.0009014423076923418,0.027833001988071683,0.02512562814070352,False,False,0.0,100.0,95.44072948328258,86.14609571788421,100.0,96.3
278,833.2,2724.0,3.2,20.5,10.4,2.926829268292683,-0.05999999999999961,3.319,9.8,20.45,0.04954235000932134,3.0,True,1,Rowing segment,0.0027043269230770254,0.025844930417495006,0.027638190954773906,False,False,0.0,100.0,96.45390070921984,84.88664987405548,100.0,96.5
279,835.7,2733.4,3.3,21.0,9.4,2.857142857142857,0.09999999999999964,3.315,9.830000000000002,20.45,0.04927248499699824,2.5,True,1,Rowing segment,0.003906250000000103,0.022862823061630084,0.027638190954773906,False,False,0.0,100.0,97.97365754812564,84.88664987405548,100.0,97.0
280,838.6,2742.4,3.32,21.5,9.0,2.7906976744186047,0.020000000000000018,3.312,9.82,20.5,0.047795862210510104,2.8999999999999773,True,1,Rowing segment,0.004807692307692445,0.02385685884691851,0.030150753768844296,False,False,0.0,100.0,97.46707193515697,83.62720403022675,100.0,96.7
281,841.3,2751.6,3.22,21.0,9.3,2.857142857142857,-0.09999999999999964,3.3009999999999997,9.77,20.55,0.055267028547281286,2.699999999999932,True,1,Rowing segment,0.008112980769230943,0.02882703777335993,0.03266331658291468,False,False,0.0,100.0,94.93414387031402,82.367758186398,100.0,95.6
282,844.1,2761.2,3.28,21.0,9.5,2.857142857142857,0.05999999999999961,3.2949999999999995,9.7,20.6,0.0538000413052441,2.800000000000068,True,1,Rowing segment,0.009915865384615625,0.03578528827037785,0.03517587939698507,False,False,0.0,100.0,91.3880445795338,81.10831234256928,100.0,94.2
283,847.1,2770.6,3.29,20.5,9.4,2.926829268292683,0.010000000000000231,3.289,9.66,20.65,0.050210667303996266,3.0,True,1,Rowing segment,0.011718750000000043,0.03976143141153085,0.03768844221105528,False,False,0.0,100.0,89.36170212765953,79.84886649874063,100.0,93.3
284,849.9,2779.8,3.25,20.5,9.3,2.926829268292683,-0.040000000000000036,3.281,9.56,20.65,0.0493175650475939,2.7999999999999545,True,1,Rowing segment,0.014122596153846199,0.049701789264413515,0.03768844221105528,False,False,0.0,100.0,84.29584599797361,79.84886649874063,100.0,91.5
285,852.9,2789.8,3.26,21.0,10.0,2.857142857142857,0.009999999999999787,3.2729999999999997,9.580000000000002,20.7,0.04498147766953323,3.0,True,1,Rowing segment,0.01652644230769249,0.047713717693836845,0.04020100502512566,False,False,0.0,100.0,85.30901722391087,78.5894206549119,100.0,91.6
286,855.7,2799.1,3.24,20.5,9.3,2.926829268292683,-0.019999999999999574,3.2619999999999996,9.53,20.75,0.03675746333892502,2.800000000000068,True,1,Rowing segment,0.019831730769230987,0.05268389662027844,0.042713567839196054,False,False,0.0,100.0,82.77608915906775,77.32997481108316,100.0,90.6
287,858.7,2808.7,3.26,21.0,9.6,2.857142857142857,0.019999999999999574,3.2619999999999996,9.52,20.85,0.03675746333892502,3.0,True,1,Rowing segment,0.019831730769230987,0.05367793240556669,0.04773869346733683,False,False,0.0,100.0,82.26950354609919,74.8110831234257,100.0,90.0
288,861.5,2818.2,3.27,20.5,9.5,2.926829268292683,0.010000000000000231,3.2689999999999997,9.43,20.85,0.029608557321626153,2.7999999999999545,True,1,Rowing segment,0.017728365384615564,0.06262425447316111,0.04773869346733683,False,False,0.0,100.0,77.7102330293819,74.8110831234257,100.0,88.4
289,864.6,2828.4,3.34,20.5,10.2,2.926829268292683,0.06999999999999984,3.2729999999999997,9.51,20.8,0.03622460796507815,3.1000000000000227,True,1,Rowing segment,0.01652644230769249,0.05467196819085494,0.045226130653266444,False,False,0.0,100.0,81.76291793313062,76.07052896725443,100.0,90.0
290,867.3,2837.8,3.38,21.0,9.4,2.857142857142857,0.040000000000000036,3.279,9.55,20.75,0.04794672969963971,2.699999999999932,True,1,Rowing segment,0.014723557692307805,0.05069582504970176,0.042713567839196054,False,False,0.0,100.0,83.789260385005,77.32997481108316,100.0,90.9
291,870.3,2847.8,3.37,20.0,10.0,3.0,-0.009999999999999787,3.2939999999999996,9.620000000000001,20.65,0.05081557066710717,3.0,True,1,Rowing segment,0.010216346153846362,0.043737574552683844,0.03768844221105528,False,False,0.0,100.0,87.3353596757852,79.84886649874063,100.0,92.5
292,873.3,2857.2,3.33,20.0,9.3,3.0,-0.040000000000000036,3.2990000000000004,9.6,20.55,0.051736511929857114,3.0,True,1,Rowing segment,0.008713942307692282,0.04572564612326052,0.03266331658291468,False,False,0.0,100.0,86.32218844984794,82.367758186398,100.0,92.6
293,876.3,2867.5,3.31,20.0,10.4,3.0,-0.020000000000000018,3.3009999999999997,9.7,20.5,0.05173651192985727,3.0,True,1,Rowing segment,0.008112980769230943,0.03578528827037785,0.030150753768844296,False,False,0.0,100.0,91.3880445795338,83.62720403022675,100.0,94.5
294,879.3,2877.9,3.4,20.5,10.3,2.926829268292683,0.08999999999999986,3.316,9.8,20.5,0.05680375574439067,3.0,True,1,Rowing segment,0.003605769230769367,0.025844930417495006,0.030150753768844296,False,False,0.0,100.0,96.45390070921984,83.62720403022675,100.0,96.3
295,882.3,2887.9,3.45,20.5,10.0,2.926829268292683,0.050000000000000266,3.335,9.8,20.45,0.06687467549247719,3.0,True,1,Rowing segment,-0.002103365384615286,0.025844930417495006,0.027638190954773906,False,False,0.0,100.0,96.45390070921984,84.88664987405548,94.34834412082151,95.6
296,885.3,2897.7,3.4,20.5,9.8,2.926829268292683,-0.050000000000000266,3.351,9.85,20.45,0.060452001161636494,3.0,True,1,Rowing segment,-0.0069110576923075975,0.02087475149105376,0.027638190954773906,False,False,0.0,100.0,98.98682877406273,84.88664987405548,99.69315453002025,97.3
297,888.1,2907.7,3.3,20.5,9.9,2.926829268292683,-0.10000000000000009,3.3549999999999995,9.88,20.4,0.05482294734468081,2.800000000000068,True,1,Rowing segment,-0.008112980769230543,0.01789264413518884,0.02512562814070352,False,False,0.0,100.0,100.0,86.14609571788421,100.0,97.9
298,891.0,2917.3,3.36,21.0,9.6,2.857142857142857,0.06000000000000005,3.364,9.89,20.45,0.04599516882845115,2.8999999999999773,True,1,Rowing segment,-0.010817307692307567,0.01689860834990059,0.027638190954773906,False,False,0.0,100.0,100.0,84.88664987405548,100.0,97.7
299,893.7,2926.0,3.33,21.5,8.8,2.7906976744186047,-0.029999999999999805,3.3629999999999995,9.75,20.55,0.04667856991051727,2.7000000000000455,True,1,Rowing segment,-0.010516826923076698,0.030815109343936428,0.03266331658291468,False,False,0.0,100.0,93.92097264437682,82.367758186398,100.0,95.2
300,903.8,2947.0,1.78,26.0,21.0,2.3076923076923075,-1.55,3.2030000000000003,10.91,21.05,0.5021299079366268,10.099999999999909,True,2,Rowing segment,0.00958565244279507,-0.10536980749746698,0.060453400503778294,False,False,0.0,95.20717377860244,100.0,69.77329974811086,0.0,78.8
301,905.0,2948.9,1.15,33.0,1.9,1.8181818181818181,-0.6300000000000001,2.981,10.1,22.35,0.8139949494792807,1.2000000000000455,True,2,Rowing segment,0.07823129251700671,-0.02330293819655508,0.12594458438287154,False,False,0.0,60.884353741496646,100.0,37.02770780856424,0.0,61.9
302,908.4,2957.4,2.01,18.5,8.5,3.2432432432432434,0.8599999999999999,2.849,10.02,22.2,0.8570031764494472,3.3999999999999773,True,2,Rowing segment,0.11904761904761886,-0.015197568389057605,0.11838790931989913,False,False,0.0,40.47619047619055,100.0,40.80604534005043,0.0,55.3
303,911.6,2966.3,2.52,19.5,8.9,3.076923076923077,0.5100000000000002,2.77,9.870000000000001,22.15,0.8461284378469563,3.2000000000000455,True,2,Rowing segment,0.14347557204700048,0.0,0.11586901763224167,False,False,0.0,28.262213976499748,99.99999999999997,42.06549118387917,0.0,51.2
304,914.6,2975.4,2.93,19.5,9.1,3.076923076923077,0.41000000000000014,2.723,9.75,22.05,0.8198922693459979,3.0,True,2,Rowing segment,0.15800865800865793,0.0121580547112463,0.11083123425692691,False,False,0.0,20.99567099567101,93.92097264437682,44.58438287153654,0.0,46.9
305,917.6,2985.3,3.09,20.0,9.9,3.0,0.1599999999999997,2.6870000000000003,9.74,22.0,0.791848049396682,3.0,True,2,Rowing segment,0.1691403834260975,0.013171225937183461,0.10831234256926944,False,False,0.0,15.429808286951229,93.41438703140825,45.843828715365284,0.0,45.0
306,920.8,2995.7,3.16,19.5,10.4,3.076923076923077,0.07000000000000028,2.663,9.8,21.9,0.771204685324631,3.199999999999932,True,2,Rowing segment,0.1765615337043908,0.007092198581560312,0.10327455919395451,False,False,0.0,11.719233147804596,96.45390070921984,48.36272040302275,0.0,45.1
307,923.8,3005.2,3.22,20.0,9.5,3.0,0.06000000000000005,2.6550000000000002,9.76,21.85,0.764246179069427,3.0,True,2,Rowing segment,0.1790352504638217,0.011144883485309138,0.10075566750629722,False,False,0.0,10.482374768089109,94.42755825734538,49.62216624685139,0.0,44.2
308,926.9,3015.3,3.22,20.0,10.1,3.0,0.0,2.6409999999999996,9.81,21.75,0.7510651695351644,3.1000000000000227,True,2,Rowing segment,0.18336425479282623,0.00607902735562315,0.09571788413098228,False,False,0.0,8.317872603586851,96.9604863221884,52.14105793450886,0.0,44.7
309,929.6,3024.7,3.24,20.5,9.4,2.926829268292683,0.020000000000000018,2.632,9.870000000000001,21.65,0.7423805553009085,2.7000000000000455,True,2,Rowing segment,0.186147186147186,0.0,0.09068010075566736,False,False,0.0,6.926406926407003,99.99999999999997,54.659949622166316,0.0,45.6
310,932.7,3034.5,3.2,20.0,9.8,3.0,-0.040000000000000036,2.774,8.75,21.05,0.6956403924123101,3.1000000000000227,True,2,Rowing segment,0.14223871366728497,0.11347517730496463,0.060453400503778294,False,False,0.0,28.88064316635747,43.262411347517684,69.77329974811086,0.0,35.7
311,935.8,3044.6,3.15,20.0,10.1,3.0,-0.050000000000000266,2.974,9.57,19.75,0.4026633553947717,3.099999999999909,True,2,Rowing segment,0.08039579468150877,0.03039513677811557,0.0050377833753149324,False,False,0.0,59.80210265924556,84.8024316109422,97.48110831234254,0.0,65.2
312,938.9,3054.4,3.21,20.0,9.8,3.0,0.06000000000000005,3.0940000000000003,9.7,19.9,0.22152000160507015,3.1000000000000227,True,2,Rowing segment,0.04329004329004306,0.017223910840932288,0.0025188916876572875,False,False,0.0,78.35497835497844,91.3880445795338,98.74055415617136,0.0,74.2
313,941.6,3063.8,3.28,20.0,9.4,3.0,0.06999999999999984,3.17,9.75,19.95,0.09944289260117362,2.7000000000000455,True,2,Rowing segment,0.019789734075448245,0.0121580547112463,0.005037783375314754,False,False,0.0,90.10513296227583,93.92097264437682,97.48110831234263,67.24577954336148,89.1
314,944.8,3074.1,3.25,20.0,10.3,3.0,-0.029999999999999805,3.2019999999999995,9.870000000000001,20.0,0.055337349251858084,3.199999999999932,True,2,Rowing segment,0.00989486703772419,0.0,0.00755667506297222,False,False,0.0,95.05256648113786,99.99999999999997,96.2216624685139,100.0,97.7
315,947.8,3084.3,3.24,20.0,10.2,3.0,-0.009999999999999787,3.217,9.9,20.0,0.03973523485382821,3.0,True,2,Rowing segment,0.005256648113790805,-0.003039513677811485,0.00755667506297222,False,False,0.0,97.37167594310458,100.0,96.2216624685139,100.0,98.5
316,950.8,3094.4,3.28,19.5,10.1,3.076923076923077,0.03999999999999959,3.229,9.870000000000001,20.0,0.038715486421959926,3.0,True,2,Rowing segment,0.001546072974644233,0.0,0.00755667506297222,False,False,0.0,99.22696351267784,99.99999999999997,96.2216624685139,100.0,99.2
317,953.8,3104.3,3.26,20.5,9.9,2.926829268292683,-0.020000000000000018,3.2329999999999997,9.91,20.05,0.03973523485382955,3.0,True,2,Rowing segment,0.0003092145949288466,-0.004052684903748647,0.010075566750629686,False,False,0.0,99.84539270253556,100.0,94.96221662468515,100.0,99.2
318,956.9,3114.1,3.23,20.5,9.8,2.926829268292683,-0.029999999999999805,3.2340000000000004,9.879999999999999,20.1,0.03949683531626438,3.1000000000000227,True,2,Rowing segment,-2.746377302721476e-16,-0.0010131712259369818,0.012594458438287152,False,False,0.0,100.0,100.0,93.70277078085643,100.0,99.1
319,959.7,3123.0,3.21,20.0,9.0,3.0,-0.020000000000000018,3.2310000000000003,9.84,20.05,0.04012480529547885,2.800000000000068,True,2,Rowing segment,0.0009276437847864026,0.003039513677811665,0.010075566750629686,False,False,0.0,99.53617810760679,98.48024316109417,94.96221662468515,100.0,98.6
320,962.9,3133.2,3.19,20.0,10.2,3.0,-0.020000000000000018,3.2299999999999995,9.879999999999999,20.05,0.041096093353127486,3.199999999999932,True,2,Rowing segment,0.0012368583797155237,-0.0010131712259369818,0.010075566750629686,False,False,0.0,99.38157081014221,100.0,94.96221662468515,100.0,99.0
321,965.7,3142.2,3.19,20.0,9.0,3.0,0.0,3.2339999999999995,9.77,20.05,0.03373096170846436,2.800000000000068,True,2,Rowing segment,0.0,0.010131712259371976,0.010075566750629686,False,False,0.0,99.99999999999997,94.93414387031402,94.96221662468515,100.0,97.5
322,968.8,3153.0,3.21,20.0,10.8,3.0,0.020000000000000018,3.2340000000000004,9.870000000000001,20.05,0.03373096170846436,3.099999999999909,True,2,Rowing segment,-2.746377302721476e-16,0.0,0.010075566750629686,False,False,0.0,100.0,99.99999999999997,94.96221662468515,100.0,99.2
323,971.7,3162.1,3.24,20.5,9.1,2.926829268292683,0.03000000000000025,3.2299999999999995,9.84,20.1,0.029814239699998576,2.900000000000091,True,2,Rowing segment,0.0012368583797155237,0.003039513677811665,0.012594458438287152,False,False,0.0,99.38157081014221,98.48024316109417,93.70277078085643,100.0,98.3
324,974.6,3172.3,3.26,20.5,10.1,2.926829268292683,0.019999999999999574,3.2310000000000003,9.82,20.15,0.03071373199943995,2.8999999999999773,True,2,Rowing segment,0.0009276437847864026,0.005065856129685988,0.01511335012594444,False,False,0.0,99.53617810760679,97.46707193515697,92.44332493702778,100.0,97.8
325,977.6,3182.4,3.32,20.5,10.2,2.926829268292683,0.06000000000000005,3.239,9.82,20.2,0.041753243386993,3.0,True,2,Rowing segment,-0.0015460729746445078,0.005065856129685988,0.017632241813601908,False,False,0.0,100.0,97.46707193515697,91.18387909319905,100.0,97.8
326,980.6,3192.1,3.37,20.0,9.6,3.0,0.050000000000000266,3.2479999999999998,9.77,20.25,0.05808040403900052,3.0,True,2,Rowing segment,-0.004329004329004402,0.010131712259371976,0.020151133501259372,False,False,0.0,100.0,94.93414387031402,89.92443324937031,100.0,96.7
327,983.5,3201.3,3.33,20.5,9.2,2.926829268292683,-0.040000000000000036,3.255,9.7,20.25,0.06363961030679137,2.8999999999999773,True,2,Rowing segment,-0.006493506493506603,0.017223910840932288,0.020151133501259372,False,False,0.0,100.0,91.3880445795338,89.92443324937031,97.04049526973813,95.0
328,986.5,3211.4,3.3,20.5,10.1,2.926829268292683,-0.03000000000000025,3.2620000000000005,9.73,20.25,0.06442911695120015,3.0,True,2,Rowing segment,-0.00865800865800894,0.014184397163120624,0.020151133501259372,False,False,0.0,100.0,92.90780141843967,89.92443324937031,96.38348494758851,95.5
329,989.4,3221.4,3.33,20.5,10.0,2.926829268292683,0.03000000000000025,3.274,9.83,20.3,0.0648416875508715,2.8999999999999773,True,2,Rowing segment,-0.012368583797155375,0.004052684903748827,0.02267002518891684,False,False,0.0,100.0,97.97365754812553,88.66498740554158,96.04015263427719,97.0
330,992.5,3230.6,3.31,19.5,9.3,3.076923076923077,-0.020000000000000018,3.286,9.739999999999998,20.25,0.05834761729878026,3.1000000000000227,True,2,Rowing segment,-0.01607915893630195,0.013171225937183641,0.020151133501259372,False,False,0.0,100.0,93.41438703140813,89.92443324937031,100.0,96.2
331,995.5,3240.5,3.27,19.5,9.8,3.076923076923077,-0.040000000000000036,3.2940000000000005,9.82,20.2,0.0483505716385888,3.0,True,2,Rowing segment,-0.01855287569573313,0.005065856129685988,0.017632241813601908,False,False,0.0,100.0,97.46707193515697,91.18387909319905,100.0,97.8
332,998.6,3250.6,3.32,19.5,10.1,3.076923076923077,0.04999999999999982,3.3049999999999997,9.75,20.15,0.03865804501581845,3.1000000000000227,True,2,Rowing segment,-0.021954236239950582,0.0121580547112463,0.01511335012594444,False,False,0.0,100.0,93.92097264437682,92.44332493702778,100.0,96.7
333,1001.7,3260.1,3.28,19.5,9.4,3.076923076923077,-0.040000000000000036,3.3089999999999997,9.780000000000001,20.05,0.03281259920620886,3.1000000000000227,True,2,Rowing segment,-0.023191094619666106,0.009118541033434634,0.010075566750629686,False,False,0.0,100.0,95.44072948328264,94.96221662468515,100.0,97.6
334,1004.7,3269.1,3.17,20.5,9.1,2.926829268292683,-0.10999999999999988,3.3,9.68,20.05,0.05354126134736873,3.0,True,2,Rowing segment,-0.02040816326530621,0.01925025329280661,0.010075566750629686,False,False,0.0,100.0,90.37487335359667,94.96221662468515,100.0,95.9
335,1007.7,3278.4,3.17,20.0,9.3,3.0,0.0,3.285,9.59,20.0,0.06670832032063527,3.0,True,2,Rowing segment,-0.0157699443413731,0.02836879432624125,0.00755667506297222,False,False,0.0,100.0,85.81560283687932,96.2216624685139,94.48678129018184,93.6
336,1010.5,3287.0,3.14,20.5,8.6,2.926829268292683,-0.029999999999999805,3.2619999999999996,9.49,20.05,0.07345444544447863,2.7999999999999545,True,2,Rowing segment,-0.008658008658008667,0.03850050658561304,0.010075566750629686,False,False,0.0,100.0,80.74974670719347,94.96221662468515,88.87280213969991,90.8
337,1013.4,3296.5,3.13,20.0,9.5,3.0,-0.010000000000000231,3.242,9.52,20.0,0.07983315935958911,2.8999999999999773,True,2,Rowing segment,-0.002473716759431185,0.03546099290780156,0.00755667506297222,False,False,0.0,100.0,82.26950354609919,96.2216624685139,83.56457463592102,90.8
338,1016.7,3306.5,3.17,19.5,10.0,3.076923076923077,0.040000000000000036,3.229,9.510000000000002,19.9,0.07992357460585654,3.300000000000068,True,2,Rowing segment,0.001546072974644233,0.03647416413373854,0.0025188916876572875,False,False,0.0,99.22696351267784,81.76291793313072,98.74055415617136,83.48933302712888,90.7
339,1019.4,3315.2,3.12,21.0,8.8,2.857142857142857,-0.04999999999999982,3.2079999999999997,9.39,19.95,0.07800284895082,2.699999999999932,True,2,Rowing segment,0.008039579468150836,0.048632218844984844,0.005037783375314754,False,False,0.0,95.98021026592457,75.68389057750757,97.48110831234263,85.08771929824323,87.5
340,1022.4,3324.8,3.12,20.0,9.5,3.0,0.0,3.189,9.41,20.0,0.07340148348485637,3.0,True,2,Rowing segment,0.01391465677179947,0.04660587639311052,0.00755667506297222,False,False,0.0,93.04267161410024,76.69706180344471,96.2216624685139,88.91687593489786,87.2
341,1025.5,3334.2,3.13,20.0,9.4,3.0,0.009999999999999787,3.175,9.37,20.05,0.06948221195225113,3.1000000000000227,True,2,Rowing segment,0.018243661100803873,0.05065856129685935,0.010075566750629686,False,False,0.0,90.87816944959802,74.67071935157033,94.96221662468515,92.17840878007995,86.0
342,1028.5,3344.1,3.15,20.0,9.9,3.0,0.020000000000000018,3.158,9.35,20.1,0.04732863826479345,3.0,True,2,Rowing segment,0.023500309214594815,0.05268490374873367,0.012594458438287152,False,False,0.0,88.24984539270258,73.65754812563313,93.70277078085643,100.0,85.7
343,1031.7,3354.6,3.23,19.5,10.6,3.076923076923077,0.08000000000000007,3.1529999999999996,9.469999999999999,20.1,0.03368151487751245,3.2000000000000455,True,2,Rowing segment,0.025046382189239325,0.040526849037487545,0.012594458438287152,False,False,0.0,87.47680890538035,79.73657548125618,93.70277078085643,100.0,87.6
344,1034.6,3364.3,3.27,20.0,9.7,3.0,0.040000000000000036,3.163,9.53,20.05,0.05012207320354918,2.8999999999998636,True,2,Rowing segment,0.021954236239950447,0.034447821681864395,0.010075566750629686,False,False,0.0,89.02288188002477,82.77608915906775,94.96221662468515,100.0,89.4
345,1037.7,3374.2,3.25,20.0,9.9,3.0,-0.020000000000000018,3.171,9.59,20.05,0.057242175593407045,3.1000000000001364,True,2,Rowing segment,0.019480519480519397,0.02836879432624125,0.010075566750629686,False,False,0.0,90.25974025974025,85.81560283687932,94.96221662468515,100.0,90.9
346,1040.7,3384.4,3.3,19.5,10.2,3.076923076923077,0.04999999999999982,3.1870000000000003,9.75,19.95,0.06880729935438781,3.0,True,2,Rowing segment,0.014533085961657165,0.0121580547112463,0.005037783375314754,False,False,0.0,92.7334570191714,93.92097264437682,97.48110831234263,92.74005641976137,93.9
347,1043.7,3394.8,3.41,19.5,10.4,3.076923076923077,0.11000000000000032,3.215,9.84,19.9,0.09501461875826202,3.0,True,2,Rowing segment,0.005875077303648635,0.003039513677811665,0.0025188916876572875,False,False,0.0,97.06246134817565,98.48024316109417,98.74055415617136,70.93089308192671,93.9
348,1046.9,3405.8,3.45,19.5,11.0,3.076923076923077,0.040000000000000036,3.243,9.94,19.9,0.11860766323378137,3.2000000000000455,True,2,Rowing segment,-0.0027829313543600315,-0.007092198581560132,0.0025188916876572875,False,False,0.0,100.0,100.0,98.74055415617136,51.29727269237496,92.5
349,1050.1,3416.5,3.44,19.0,10.7,3.1578947368421053,-0.010000000000000231,3.275,10.129999999999999,19.7,0.12474418267443035,3.199999999999818,True,2,Rowing segment,-0.012677798392084223,-0.026342451874366565,0.007556675062972399,False,False,0.0,100.0,100.0,96.2216624685138,46.19059418228182,91.4
350,1053.3,3427.3,3.38,19.5,10.8,3.076923076923077,-0.06000000000000005,3.3009999999999997,10.26,19.65,0.11560949595753925,3.2000000000000455,True,2,Rowing segment,-0.02071737786023506,-0.039513677811550026,0.010075566750629865,False,False,0.0,100.0,100.0,94.96221662468507,53.79228253424567,92.3
351,1056.3,3437.2,3.38,19.0,9.9,3.1578947368421053,0.0,3.3259999999999996,10.309999999999999,19.55,0.10057611821678378,3.0,True,2,Rowing segment,-0.02844774273345705,-0.04457953394123584,0.015113350125944619,False,False,0.0,100.0,100.0,92.4433249370277,66.30273374121025,93.8
352,1059.5,3448.2,3.39,19.5,11.0,3.076923076923077,0.010000000000000231,3.35,10.42,19.5,0.08055363982397057,3.2000000000000455,True,2,Rowing segment,-0.03586889301175033,-0.05572441742654497,0.017632241813602085,False,False,0.0,100.0,100.0,91.18387909319895,82.96500640510487,96.1
353,1062.5,3458.0,3.35,19.5,9.8,3.076923076923077,-0.040000000000000036,3.3620000000000005,10.34,19.5,0.06876691711055594,3.0,True,2,Rowing segment,-0.03957946815089704,-0.0476190476190475,0.017632241813602085,False,False,0.0,100.0,100.0,91.18387909319895,92.7736616480606,97.6
354,1065.6,3468.7,3.32,19.5,10.7,3.076923076923077,-0.03000000000000025,3.367,10.440000000000001,19.45,0.06290204024249046,3.099999999999909,True,2,Rowing segment,-0.04112554112554127,-0.057750759878419475,0.020151133501259553,False,False,0.0,100.0,100.0,89.92443324937022,97.65428509530332,98.1
355,1068.5,3477.1,3.17,20.5,8.5,2.926829268292683,-0.1499999999999999,3.3590000000000004,10.3,19.5,0.0817108723895898,2.900000000000091,True,2,Rowing segment,-0.03865182436611036,-0.04356636271529885,0.017632241813602085,False,False,0.0,100.0,100.0,91.18387909319895,82.00198253934774,96.0
356,1071.5,3486.5,3.06,20.0,9.4,3.0,-0.10999999999999988,3.335,10.219999999999999,19.55,0.12483322207383055,3.0,True,2,Rowing segment,-0.03123067408781708,-0.0354609929078012,0.015113350125944619,False,False,0.0,100.0,100.0,92.4433249370277,46.11649752344022,90.8
357,1074.7,3496.8,3.16,19.0,10.3,3.1578947368421053,0.10000000000000009,3.31,10.21,19.5,0.13291601358251542,3.2000000000000455,True,2,Rowing segment,-0.02350030921459509,-0.034447821681864214,0.017632241813602085,False,False,0.0,100.0,100.0,91.18387909319895,39.39017357088397,89.6
358,1077.7,3507.1,3.25,19.5,10.3,3.076923076923077,0.08999999999999986,3.29,10.14,19.5,0.12427567921538406,3.0,True,2,Rowing segment,-0.017316017316017472,-0.027355623100303907,0.017632241813602085,False,False,0.0,100.0,100.0,91.18387909319895,46.580472609190714,90.7
359,1080.7,3517.5,3.34,20.0,10.4,3.0,0.08999999999999986,3.28,10.110000000000001,19.6,0.11450376024878671,3.0,True,2,Rowing segment,-0.014223871366728593,-0.024316109422492422,0.012594458438287152,False,False,0.0,100.0,100.0,93.70277078085643,54.71245183157165,92.3
360,1083.9,3527.8,3.4,19.5,10.3,3.076923076923077,0.06000000000000005,3.282,10.06,19.6,0.11659998094149111,3.2000000000000455,True,2,Rowing segment,-0.014842300556586424,-0.01925025329280643,0.012594458438287152,False,False,0.0,100.0,100.0,93.70277078085643,52.968022392802695,92.0
361,1086.9,3537.3,3.23,20.0,9.6,3.0,-0.16999999999999993,3.2670000000000003,10.03,19.7,0.1121556458181634,3.0,True,2,Rowing segment,-0.010204081632653312,-0.016210739614994765,0.007556675062972399,False,False,0.0,100.0,100.0,96.2216624685138,56.66650178090833,92.9
362,1089.7,3546.3,3.16,20.5,9.0,2.926829268292683,-0.06999999999999984,3.2439999999999998,9.83,19.8,0.10762073323585229,2.7999999999999545,True,2,Rowing segment,-0.003092145949288878,0.004052684903748827,0.0025188916876574662,False,False,0.0,100.0,97.97365754812553,98.74055415617127,60.44035776771345,93.2
363,1092.7,3556.3,3.21,20.0,10.0,3.0,0.04999999999999982,3.2299999999999995,9.85,19.85,0.101214843004594,3.0,True,2,Rowing segment,0.0012368583797155237,0.0020263424518745035,0.0,False,False,0.0,99.38157081014221,98.98682877406273,100.0,65.7712008129239,94.3
364,1095.7,3565.7,3.17,20.0,9.4,3.0,-0.040000000000000036,3.215,9.72,19.9,0.09743943988162347,3.0,True,2,Rowing segment,0.005875077303648635,0.015197568389057786,0.0025188916876572875,False,False,0.0,97.06246134817565,92.40121580547105,98.74055415617136,68.91300948500286,91.5
365,1098.7,3575.1,3.13,20.0,9.4,3.0,-0.040000000000000036,3.211,9.809999999999999,19.85,0.10027185270276245,3.0,True,2,Rowing segment,0.007111935683364159,0.00607902735562333,0.0,False,False,0.0,96.44403215831787,96.96048632218829,100.0,66.55593690903902,92.7
366,1101.9,3585.2,3.1,20.0,10.1,3.0,-0.029999999999999805,3.215,9.879999999999999,19.85,0.09419247433963232,3.2000000000000455,True,2,Rowing segment,0.005875077303648635,-0.0010131712259369818,0.0,False,False,0.0,97.06246134817565,100.0,100.0,71.61506385257536,94.7
367,1104.9,3594.7,3.08,19.5,9.4,3.076923076923077,-0.020000000000000018,3.207,9.790000000000001,19.9,0.10242070103255503,3.0,True,2,Rowing segment,0.008348794063079683,0.008105369807497473,0.0025188916876572875,False,False,0.0,95.82560296846015,95.94731509625124,98.74055415617136,64.76771189104073,91.6
368,1108.1,3605.1,3.08,19.5,10.5,3.076923076923077,0.0,3.19,9.809999999999999,19.9,0.10842303978193689,3.199999999999818,True,2,Rowing segment,0.013605442176870625,0.00607902735562333,0.0025188916876572875,False,False,0.0,93.19727891156464,96.96048632218829,98.74055415617136,59.77269564474233,90.3
369,1111.1,3615.0,3.16,19.5,9.9,3.076923076923077,0.08000000000000007,3.1719999999999997,9.76,19.85,0.09484490263348562,3.0,True,2,Rowing segment,0.019171304885590552,0.011144883485309138,0.0,False,False,0.0,90.41434755720468,94.42755825734538,100.0,71.0721271634927,90.4
370,1114.1,3624.9,3.25,19.5,9.8,3.076923076923077,0.08999999999999986,3.157,9.709999999999999,19.85,0.060378436180107166,3.0,True,2,Rowing segment,0.023809523809523662,0.016210739614995126,0.0,False,False,0.0,88.09523809523817,91.89463019250243,100.0,99.75437371361522,93.0
371,1117.1,3634.9,3.22,19.5,10.1,3.076923076923077,-0.029999999999999805,3.156,9.760000000000002,19.8,0.05910442735813492,3.0,True,2,Rowing segment,0.02411873840445251,0.01114488348530896,0.0025188916876574662,False,False,0.0,87.9406307977737,94.42755825734551,98.74055415617127,100.0,93.6
372,1120.3,3645.5,3.21,19.5,10.5,3.076923076923077,-0.010000000000000231,3.161,9.91,19.7,0.06154492487425364,3.2000000000000455,True,2,Rowing segment,0.02257266542980814,-0.004052684903748647,0.007556675062972399,False,False,0.0,88.71366728509588,100.0,96.2216624685138,98.78364709826297,95.3
373,1123.3,3655.1,3.19,19.5,9.7,3.076923076923077,-0.020000000000000018,3.159,9.88,19.65,0.060083275543196986,3.0,True,2,Rowing segment,0.02319109461966597,-0.0010131712259371618,0.010075566750629865,False,False,0.0,88.40445269016699,100.0,94.96221662468507,100.0,95.2
374,1126.3,3664.9,3.16,19.5,9.8,3.076923076923077,-0.029999999999999805,3.1580000000000004,9.92,19.6,0.05996295152471468,3.0,True,2,Rowing segment,0.02350030921459468,-0.005065856129685809,0.012594458438287152,False,False,0.0,88.24984539270264,100.0,93.70277078085643,100.0,94.9
375,1129.5,3675.5,3.21,19.5,10.6,3.076923076923077,0.04999999999999982,3.1660000000000004,10.040000000000001,19.55,0.061137368096586896,3.2000000000000455,True,2,Rowing segment,0.02102659245516363,-0.017223910840932107,0.015113350125944619,False,False,0.0,89.48670377241818,100.0,92.4433249370277,99.12280701754345,95.1
376,1132.5,3685.2,3.25,19.5,9.8,3.076923076923077,0.040000000000000036,3.181,10.01,19.5,0.06154492487425481,3.0,True,2,Rowing segment,0.01638837353123052,-0.014184397163120444,0.017632241813602085,False,False,0.0,91.80581323438469,100.0,91.18387909319895,98.78364709826201,95.6
377,1135.9,3695.8,3.25,19.5,10.6,3.076923076923077,0.0,3.198,10.129999999999999,19.5,0.0534997403939704,3.400000000000091,True,2,Rowing segment,0.011131725417439578,-0.026342451874366565,0.017632241813602085,False,False,0.0,94.4341372912802,100.0,91.18387909319895,100.0,96.7
378,1138.9,3705.5,3.22,19.5,9.8,3.076923076923077,-0.029999999999999805,3.2120000000000006,10.06,19.5,0.03392802840000014,3.0,True,2,Rowing segment,0.006802721088435038,-0.01925025329280643,0.017632241813602085,False,False,0.0,96.59863945578245,100.0,91.18387909319895,100.0,97.5
379,1141.9,3715.2,3.22,19.5,9.7,3.076923076923077,0.0,3.218,10.040000000000001,19.5,0.02859681411937217,3.0,True,2,Rowing segment,0.004947433518861958,-0.017223910840932107,0.017632241813602085,False,False,0.0,97.526283240569,100.0,91.18387909319895,100.0,97.8
380,1144.9,3724.7,3.24,20.0,9.5,3.0,0.020000000000000018,3.217,10.010000000000002,19.55,0.027507574714372898,3.0,True,2,Rowing segment,0.005256648113790805,-0.014184397163120624,0.015113350125944619,False,False,0.0,97.37167594310458,100.0,92.4433249370277,100.0,97.9
381,1147.9,3734.8,3.27,19.5,10.0,3.076923076923077,0.029999999999999805,3.222,10.0,19.55,0.03224903099319684,3.0,True,2,Rowing segment,0.003710575139146434,-0.013171225937183282,0.015113350125944619,False,False,0.0,98.14471243042676,100.0,92.4433249370277,100.0,98.2
382,1150.9,3744.8,3.31,19.5,10.0,3.076923076923077,0.040000000000000036,3.232,9.95,19.55,0.04211096452627939,3.0,True,2,Rowing segment,0.000618429189857556,-0.008105369807497294,0.015113350125944619,False,False,0.0,99.6907854050712,100.0,92.4433249370277,100.0,98.8
383,1154.0,3755.3,3.28,19.5,10.5,3.076923076923077,-0.03000000000000025,3.2409999999999997,10.030000000000001,19.55,0.04175324338699455,3.099999999999909,True,2,Rowing segment,-0.002164502164502201,-0.016210739614994946,0.015113350125944619,False,False,0.0,100.0,100.0,92.4433249370277,100.0,98.9
384,1157.0,3765.5,3.31,19.5,10.2,3.076923076923077,0.03000000000000025,3.2560000000000002,10.069999999999999,19.55,0.03596294389136789,3.0,True,2,Rowing segment,-0.006802721088435587,-0.020263424518743415,0.015113350125944619,False,False,0.0,100.0,100.0,92.4433249370277,100.0,98.9
385,1160.1,3776.1,3.33,20.0,10.6,3.0,0.020000000000000018,3.268,10.07,19.6,0.038815804341364134,3.099999999999909,True,2,Rowing segment,-0.010513296227582021,-0.020263424518743595,0.012594458438287152,False,False,0.0,100.0,100.0,93.70277078085643,100.0,99.1
386,1163.1,3785.8,3.28,20.0,9.7,3.0,-0.050000000000000266,3.271,10.06,19.65,0.03842742076521759,3.0,True,2,Rowing segment,-0.011440940012368698,-0.01925025329280643,0.010075566750629865,False,False,0.0,100.0,100.0,94.96221662468507,100.0,99.2
387,1166.1,3795.8,3.33,20.0,10.0,3.0,0.050000000000000266,3.279,10.0,19.7,0.04175324338699662,3.0,True,2,Rowing segment,-0.013914656771799747,-0.013171225937183282,0.007556675062972399,False,False,0.0,100.0,100.0,96.2216624685138,100.0,99.4
388,1169.3,3806.3,3.35,19.5,10.5,3.076923076923077,0.020000000000000018,3.2920000000000003,10.07,19.7,0.04157990967870649,3.2000000000000455,True,2,Rowing segment,-0.017934446505875303,-0.020263424518743595,0.007556675062972399,False,False,0.0,100.0,100.0,96.2216624685138,100.0,99.4
389,1172.3,3816.3,3.34,19.5,10.0,3.076923076923077,-0.010000000000000231,3.304,10.1,19.7,0.035339622081870775,3.0,True,2,Rowing segment,-0.021645021645021734,-0.02330293819655508,0.007556675062972399,False,False,0.0,100.0,100.0,96.2216624685138,100.0,99.4
390,1175.3,3825.5,3.29,20.0,9.2,3.0,-0.04999999999999982,3.3089999999999997,10.069999999999999,19.7,0.028067379246705028,3.0,True,2,Rowing segment,-0.023191094619666106,-0.020263424518743415,0.007556675062972399,False,False,0.0,100.0,100.0,96.2216624685138,100.0,99.4
391,1178.3,3835.3,3.23,20.0,9.8,3.0,-0.06000000000000005,3.3049999999999997,10.05,19.75,0.035978388574879394,3.0,True,2,Rowing segment,-0.021954236239950582,-0.01823708206686927,0.0050377833753149324,False,False,0.0,100.0,100.0,97.48110831234254,100.0,99.6
392,1181.3,3845.1,3.27,20.0,9.8,3.0,0.040000000000000036,3.3009999999999997,10.03,19.8,0.03754996671104444,3.0,True,2,Rowing segment,-0.02071737786023506,-0.016210739614994765,0.0025188916876574662,False,False,0.0,100.0,100.0,98.74055415617127,100.0,99.8
393,1184.5,3855.6,3.3,20.0,10.5,3.0,0.029999999999999805,3.303,10.03,19.85,0.03683295625750427,3.2000000000000455,True,2,Rowing segment,-0.02133580705009289,-0.016210739614994765,0.0,False,False,0.0,100.0,100.0,100.0,100.0,100.0
394,1187.5,3865.9,3.33,20.0,10.2,3.0,0.03000000000000025,3.3050000000000006,10.03,19.9,0.03778594682918963,3.0,True,2,Rowing segment,-0.021954236239950856,-0.016210739614994765,0.0025188916876572875,False,False,0.0,100.0,100.0,98.74055415617136,100.0,99.8
395,1190.3,3875.3,3.34,20.5,9.4,2.926829268292683,0.009999999999999787,3.306,9.91,19.95,0.038643671323179245,2.7999999999999545,True,2,Rowing segment,-0.022263450834879565,-0.004052684903748647,0.005037783375314754,False,False,0.0,100.0,100.0,97.48110831234263,100.0,99.6
396,1193.5,3885.7,3.36,20.0,10.4,3.0,0.020000000000000018,3.314,9.98,19.95,0.04087922591135657,3.2000000000000455,True,2,Rowing segment,-0.024737167594310615,-0.01114488348530896,0.005037783375314754,False,False,0.0,100.0,100.0,97.48110831234263,100.0,99.6
397,1196.3,3894.1,3.2,20.5,8.4,2.926829268292683,-0.1599999999999997,3.3009999999999997,9.819999999999999,20.0,0.05384133067532254,2.7999999999999545,True,2,Rowing segment,-0.02071737786023506,0.005065856129686169,0.00755667506297222,False,False,0.0,100.0,97.46707193515691,96.2216624685139,100.0,98.5
398,1199.3,3902.7,3.01,20.5,8.7,2.926829268292683,-0.1900000000000004,3.2670000000000003,9.639999999999999,20.1,0.10371435130524145,3.0,True,2,Rowing segment,-0.010204081632653312,0.023302938196555437,0.012594458438287152,False,False,0.0,100.0,88.34853090172224,93.70277078085643,63.69116416541254,89.5
399,1202.3,3911.0,2.95,19.5,8.3,3.076923076923077,-0.05999999999999961,3.228,9.469999999999999,20.1,0.14014278433083938,3.0,True,2,Rowing segment,0.0018552875695730798,0.040526849037487545,0.012594458438287152,False,False,0.0,99.07235621521342,79.73657548125618,93.70277078085643,33.376211546519755,81.6
400,1205.3,3919.7,2.86,19.5,8.7,3.076923076923077,-0.0900000000000003,3.1849999999999996,9.42,20.05,0.1794590637319706,3.0,True,2,Rowing segment,0.015151515151515133,0.045592705167173356,0.010075566750629686,False,False,0.0,92.4242424242424,77.20364741641328,94.96221662468515,0.6580557488513161,73.7
401,1208.5,3929.0,2.84,19.5,9.3,3.076923076923077,-0.020000000000000018,3.146,9.37,20.0,0.20860382440299424,3.2000000000000455,True,2,Rowing segment,0.027210884353741388,0.05065856129685935,0.00755667506297222,False,False,0.0,86.39455782312926,74.67071935157033,96.2216624685139,0.0,70.8
402,1211.5,3938.1,2.94,20.0,9.1,3.0,0.10000000000000009,3.113,9.3,20.0,0.21286667710616833,3.0,True,2,Rowing segment,0.037414965986394426,0.057750759878419475,0.00755667506297222,False,False,0.0,81.29251700680278,71.12462006079024,96.2216624685139,0.0,67.8
403,1214.5,3947.4,3.05,20.5,9.2,2.926829268292683,0.10999999999999988,3.088,9.17,20.05,0.202912132050631,3.0,True,2,Rowing segment,0.04514533085961642,0.07092198581560294,0.010075566750629686,False,False,0.0,77.42733457019179,64.5390070921985,94.96221662468515,0.0,63.9
404,1217.5,3957.3,3.2,20.5,9.9,2.926829268292683,0.15000000000000036,3.075,9.139999999999999,20.1,0.1893996362779547,3.0,True,2,Rowing segment,0.04916512059369183,0.0739614994934146,0.012594458438287152,False,False,0.0,75.41743970315406,63.01925025329269,93.70277078085643,0.0,62.5
405,1220.3,3966.3,3.28,20.0,9.0,3.0,0.07999999999999963,3.069,9.1,20.05,0.1808283409449087,2.7999999999999545,True,2,Rowing segment,0.05102040816326519,0.07801418439716325,0.010075566750629686,False,False,0.0,74.4897959183674,60.99290780141836,94.96221662468515,0.0,61.7
406,1223.5,3977.0,3.26,19.5,10.7,3.076923076923077,-0.020000000000000018,3.059,9.129999999999999,20.0,0.165021884070633,3.2000000000000455,True,2,Rowing segment,0.054112554112553925,0.07497467071935177,0.00755667506297222,False,False,0.0,72.94372294372303,62.51266464032412,96.2216624685139,12.672363832768907,63.7
407,1226.5,3987.0,3.24,20.0,10.0,3.0,-0.019999999999999574,3.063,9.290000000000001,19.95,0.16924997948465104,3.0,True,2,Rowing segment,0.0528756957328384,0.05876393110435664,0.005037783375314754,False,False,0.0,73.56215213358074,70.61803444782166,97.48110831234263,9.153834445187293,66.5
408,1229.5,3996.3,3.23,19.5,9.3,3.076923076923077,-0.010000000000000231,3.085,9.35,19.85,0.17576815537646118,3.0,True,2,Rowing segment,0.04607297464440309,0.05268490374873367,0.0,False,False,0.0,76.96351267779843,73.65754812563313,100.0,3.729549706313584,68.3
409,1232.7,4007.0,3.27,19.5,10.8,3.076923076923077,0.040000000000000036,3.117,9.6,19.85,0.17757940321006815,3.2000000000000455,True,2,Rowing segment,0.0361781076066789,0.027355623100304087,0.0,False,False,0.0,81.91094619666049,86.32218844984794,100.0,2.2222685059862357,74.2
410,1235.5,4016.3,3.33,20.5,9.3,2.926829268292683,0.06000000000000005,3.164,9.66,19.95,0.16365274889906975,2.7999999999999545,True,2,Rowing segment,0.02164502164502146,0.021276595744680934,0.005037783375314754,False,False,0.0,89.17748917748924,89.36170212765953,97.48110831234263,13.811728455607163,79.2
411,1238.5,4025.9,3.3,20.5,9.6,2.926829268292683,-0.03000000000000025,3.21,9.690000000000001,20.05,0.12174654911833098,3.0,True,2,Rowing segment,0.0074211502782930054,0.01823708206686927,0.010075566750629686,False,False,0.0,96.28942486085346,90.88145896656535,94.96221662468515,48.685159873814584,87.1
412,1241.5,4035.7,3.27,20.5,9.7,2.926829268292683,-0.029999999999999805,3.243,9.75,20.1,0.07689097620802025,3.0,True,2,Rowing segment,-0.0027829313543600315,0.0121580547112463,0.012594458438287152,False,False,0.0,100.0,93.92097264437682,93.70277078085643,86.01299570232374,94.8
413,1244.5,4045.7,3.28,19.5,10.0,3.076923076923077,0.009999999999999787,3.2659999999999996,9.83,20.0,0.03657564459825697,3.0,True,2,Rowing segment,-0.00989486703772419,0.004052684903748827,0.00755667506297222,False,False,0.0,100.0,97.97365754812553,96.2216624685139,100.0,98.7
414,1247.5,4055.3,3.23,20.0,9.7,3.0,-0.04999999999999982,3.2689999999999997,9.81,19.95,0.03142893217686565,3.0,True,2,Rowing segment,-0.010822510822510867,0.00607902735562315,0.005037783375314754,False,False,0.0,100.0,96.9604863221884,97.48110831234263,100.0,98.6
415,1250.5,4065.1,3.24,20.0,9.8,3.0,0.010000000000000231,3.2649999999999997,9.89,19.95,0.032403703492042676,3.0,True,2,Rowing segment,-0.009585652442795344,-0.0020263424518743235,0.005037783375314754,False,False,0.0,100.0,100.0,97.48110831234263,100.0,99.6
416,1253.7,4075.5,3.28,19.5,10.3,3.076923076923077,0.03999999999999959,3.2670000000000003,9.85,19.95,0.03267686915507677,3.2000000000000455,True,2,Rowing segment,-0.010204081632653312,0.0020263424518745035,0.005037783375314754,False,False,0.0,100.0,98.98682877406273,97.48110831234263,100.0,99.3
417,1256.7,4085.0,3.24,19.5,9.6,3.076923076923077,-0.03999999999999959,3.2670000000000003,9.809999999999999,19.9,0.03267686915507677,3.0,True,2,Rowing segment,-0.010204081632653312,0.00607902735562333,0.0025188916876572875,False,False,0.0,100.0,96.96048632218829,98.74055415617136,100.0,98.7
418,1259.9,4095.6,3.19,19.0,10.6,3.1578947368421053,-0.050000000000000266,3.2630000000000003,9.940000000000001,19.85,0.039454615277136756,3.2000000000000455,True,2,Rowing segment,-0.008967223252937789,-0.007092198581560312,0.0,False,False,0.0,100.0,100.0,100.0,100.0,100.0
419,1262.9,4105.3,3.19,19.5,9.6,3.076923076923077,0.0,3.255,9.819999999999999,19.85,0.04552166761249395,3.0,True,2,Rowing segment,-0.006493506493506603,0.005065856129686169,0.0,False,False,0.0,100.0,97.46707193515691,100.0,100.0,99.1
420,1266.1,4114.9,3.05,19.5,9.6,3.076923076923077,-0.14000000000000012,3.2270000000000003,9.85,19.75,0.07242620765686648,3.199999999999818,True,2,Rowing segment,0.0021645021645019264,0.0020263424518745035,0.0050377833753149324,False,False,0.0,98.91774891774901,98.98682877406273,97.48110831234254,89.72847934630701,97.3
421,1269.1,4124.6,3.01,20.0,9.7,3.0,-0.040000000000000036,3.198,9.86,19.7,0.09461031186456863,3.0,True,2,Rowing segment,0.011131725417439578,0.0010131712259373417,0.007556675062972399,False,False,0.0,94.4341372912802,99.4934143870313,96.2216624685138,71.26734851818426,93.0
422,1272.1,4134.5,3.16,20.0,10.0,3.0,0.15000000000000036,3.1870000000000003,9.889999999999999,19.65,0.09165757530674083,3.0,True,2,Rowing segment,0.014533085961657165,-0.0020263424518741436,0.010075566750629865,False,False,0.0,92.7334570191714,100.0,94.96221662468507,73.72455190060049,92.8
423,1275.1,4144.2,3.29,20.0,9.6,3.0,0.1299999999999999,3.1879999999999997,9.85,19.7,0.09283198682446447,3.0,True,2,Rowing segment,0.014223871366728456,0.0020263424518745035,0.007556675062972399,False,False,0.0,92.88806431663576,98.98682877406273,96.2216624685138,72.74723208314205,92.5
424,1278.1,4154.1,3.31,20.5,9.9,2.926829268292683,0.020000000000000018,3.1959999999999997,9.87,19.75,0.10002221975363407,3.0,True,2,Rowing segment,0.011750154607297407,1.799753636677052e-16,0.0050377833753149324,False,False,0.0,94.12492269635125,99.99999999999986,97.48110831234254,66.76367604016288,92.6
425,1281.1,4164.0,3.25,20.0,9.9,3.0,-0.06000000000000005,3.197,9.879999999999999,19.75,0.10055954565441338,3.0,True,2,Rowing segment,0.011440940012368424,-0.0010131712259369818,0.0050377833753149324,False,False,0.0,94.27952999381577,100.0,97.48110831234254,66.31652506851437,92.6
426,1283.9,4173.8,3.27,20.5,9.9,2.926829268292683,0.020000000000000018,3.1959999999999997,9.84,19.85,0.09968840342676574,2.800000000000182,True,2,Rowing segment,0.011750154607297407,0.003039513677811665,0.0,False,False,0.0,94.12492269635125,98.48024316109417,100.0,67.04147075412476,92.5
427,1286.9,4183.5,3.26,19.5,9.6,3.076923076923077,-0.010000000000000231,3.198,9.84,19.85,0.10086294331087689,3.0,True,2,Rowing segment,0.011131725417439578,0.003039513677811665,0.0,False,False,0.0,94.4341372912802,98.48024316109417,100.0,66.06404411294015,92.4
428,1289.9,4192.9,3.2,20.5,9.4,2.926829268292683,-0.05999999999999961,3.199,9.72,20.0,0.10082437976776945,3.0,True,2,Rowing segment,0.01082251082251073,0.015197568389057786,0.00755667506297222,False,False,0.0,94.58874458874462,92.40121580547105,96.2216624685139,66.09613585790478,89.8
429,1293.1,4203.4,3.23,19.5,10.5,3.076923076923077,0.029999999999999805,3.2030000000000003,9.81,20.0,0.10122033173011945,3.199999999999818,True,2,Rowing segment,0.00958565244279507,0.00607902735562315,0.00755667506297222,False,False,0.0,95.20717377860244,96.9604863221884,96.2216624685139,65.76663321447339,91.6
430,1296.1,4212.6,3.26,20.0,9.2,3.0,0.029999999999999805,3.224,9.77,20.05,0.08669230390037846,3.0,True,2,Rowing segment,0.0030921459492886036,0.010131712259371976,0.010075566750629686,False,False,0.0,98.45392702535565,94.93414387031402,94.96221662468515,77.85654317560395,93.6
431,1298.9,4221.7,3.17,20.5,9.1,2.926829268292683,-0.08999999999999986,3.2399999999999998,9.71,20.1,0.04966554808583913,2.800000000000182,True,2,Rowing segment,-0.0018552875695733544,0.016210739614994946,0.012594458438287152,False,False,0.0,100.0,91.89463019250249,93.70277078085643,100.0,96.2
432,1301.9,4231.6,3.17,20.5,9.9,2.926829268292683,0.0,3.2409999999999997,9.7,20.15,0.04794672969962634,3.0,True,2,Rowing segment,-0.002164502164502201,0.017223910840932288,0.01511335012594444,False,False,0.0,100.0,91.3880445795338,92.44332493702778,100.0,95.9
433,1304.7,4241.0,3.23,21.0,9.3,2.857142857142857,0.06000000000000005,3.2350000000000003,9.67,20.25,0.044783429475149066,2.7999999999999545,True,2,Rowing segment,-0.00030921459492912125,0.020263424518743772,0.020151133501259372,False,False,0.0,100.0,89.8682877406281,89.92443324937031,100.0,94.9
434,1307.7,4250.4,3.22,19.5,9.5,3.076923076923077,-0.009999999999999787,3.226,9.63,20.15,0.03627058802329479,3.0,True,2,Rowing segment,0.0024737167594309105,0.024316109422492422,0.01511335012594444,False,False,0.0,98.76314162028453,87.84194528875378,92.44332493702778,100.0,94.2
435,1310.9,4260.7,3.17,20.5,10.2,2.926829268292683,-0.050000000000000266,3.218,9.66,20.2,0.039101008796306576,3.2000000000000455,True,2,Rowing segment,0.004947433518861958,0.021276595744680934,0.017632241813601908,False,False,0.0,97.526283240569,89.36170212765953,91.18387909319905,100.0,94.1
436,1313.9,4270.5,3.17,20.0,9.9,3.0,0.0,3.2079999999999997,9.66,20.15,0.03705851229249775,3.0,True,2,Rowing segment,0.008039579468150836,0.021276595744680934,0.01511335012594444,False,False,0.0,95.98021026592457,89.36170212765953,92.44332493702778,100.0,93.7
437,1316.7,4280.2,3.29,20.0,9.7,3.0,0.1200000000000001,3.211,9.67,20.2,0.04254409477236419,2.7999999999999545,True,2,Rowing segment,0.007111935683364159,0.020263424518743772,0.017632241813601908,False,False,0.0,96.44403215831787,89.8682877406281,91.18387909319905,100.0,93.9
438,1319.9,4290.5,3.31,20.0,10.3,3.0,0.020000000000000018,3.222,9.76,20.15,0.05245103536738925,3.2000000000000455,True,2,Rowing segment,0.003710575139146434,0.011144883485309138,0.01511335012594444,False,False,0.0,98.14471243042676,94.42755825734538,92.44332493702778,100.0,96.3
439,1322.9,4300.4,3.25,19.5,9.8,3.076923076923077,-0.06000000000000005,3.224,9.69,20.15,0.05316640543300527,3.0,True,2,Rowing segment,0.0030921459492886036,0.01823708206686945,0.01511335012594444,False,False,0.0,98.45392702535565,90.88145896656523,92.44332493702778,100.0,95.1
440,1325.9,4310.1,3.25,19.5,9.8,3.076923076923077,0.0,3.2230000000000003,9.75,20.1,0.05250396810400795,3.0,True,2,Rowing segment,0.00340136054421745,0.0121580547112463,0.012594458438287152,False,False,0.0,98.29931972789123,93.92097264437682,93.70277078085643,100.0,96.3
441,1328.9,4319.9,3.22,20.0,9.8,3.0,-0.029999999999999805,3.228,9.82,20.05,0.049170903772229366,3.0,True,2,Rowing segment,0.0018552875695730798,0.005065856129685988,0.010075566750629686,False,False,0.0,99.07235621521342,97.46707193515697,94.96221662468515,100.0,98.0
442,1332.1,4329.9,3.22,20.0,10.0,3.0,0.0,3.2329999999999997,9.830000000000002,20.0,0.04498147766951905,3.199999999999818,True,2,Rowing segment,0.0003092145949288466,0.004052684903748647,0.00755667506297222,False,False,0.0,99.84539270253556,97.97365754812564,96.2216624685139,100.0,98.7
443,1335.1,4339.5,3.23,19.5,9.6,3.076923076923077,0.009999999999999787,3.2329999999999997,9.86,19.85,0.04498147766951905,3.0,True,2,Rowing segment,0.0003092145949288466,0.0010131712259373417,0.0,False,False,0.0,99.84539270253556,99.4934143870313,100.0,100.0,99.8
444,1338.3,4349.9,3.22,19.0,10.4,3.1578947368421053,-0.009999999999999787,3.2329999999999997,9.95,19.8,0.04498147766951905,3.2000000000000455,True,2,Rowing segment,0.0003092145949288466,-0.008105369807497294,0.0025188916876574662,False,False,0.0,99.84539270253556,100.0,98.74055415617127,100.0,99.8
445,1341.3,4359.8,3.21,20.5,9.9,2.926829268292683,-0.010000000000000231,3.2370000000000005,9.92,19.8,0.04029061098237998,3.0,True,2,Rowing segment,-0.0009276437847869518,-0.005065856129685809,0.0025188916876574662,False,False,0.0,100.0,100.0,98.74055415617127,100.0,99.8
446,1344.3,4370.0,3.26,20.0,10.2,3.0,0.04999999999999982,3.246,9.95,19.8,0.03306559138036947,3.0,True,2,Rowing segment,-0.0037105751391467087,-0.008105369807497294,0.0025188916876574662,False,False,0.0,100.0,100.0,98.74055415617127,100.0,99.8
447,1347.3,4380.0,3.33,19.5,10.1,3.076923076923077,0.07000000000000028,3.25,9.99,19.75,0.04055175020199147,3.0,True,2,Rowing segment,-0.004947433518862233,-0.01215805471124612,0.0050377833753149324,False,False,0.0,100.0,100.0,97.48110831234254,100.0,99.6
448,1350.3,4389.9,3.31,20.0,9.8,3.0,-0.020000000000000018,3.25,9.940000000000001,19.75,0.04055175020199147,3.0,True,2,Rowing segment,-0.004947433518862233,-0.007092198581560312,0.0050377833753149324,False,False,0.0,100.0,100.0,97.48110831234254,100.0,99.6
449,1353.3,4399.2,3.23,20.0,9.3,3.0,-0.08000000000000007,3.248,9.89,19.8,0.04104198392432676,3.0,True,2,Rowing segment,-0.00432900432900454,-0.0020263424518743235,0.0025188916876574662,False,False,0.0,100.0,100.0,98.74055415617127,100.0,99.8
450,1356.5,4408.9,3.1,19.5,9.7,3.076923076923077,-0.1299999999999999,3.2329999999999997,9.879999999999999,19.8,0.06219146064997897,3.2000000000000455,True,2,Rowing segment,0.0003092145949288466,-0.0010131712259369818,0.0025188916876574662,False,False,0.0,99.84539270253556,100.0,98.74055415617127,98.24561403508511,99.5
451,1359.3,4417.5,3.03,20.5,8.6,2.926829268292683,-0.07000000000000028,3.214,9.76,19.85,0.08959166627910549,2.7999999999999545,True,2,Rowing segment,0.006184291898577482,0.011144883485309138,0.0,False,False,0.0,96.90785405071122,94.42755825734538,100.0,75.44375662850355,93.3
452,1362.3,4426.8,2.99,20.0,9.3,3.0,-0.03999999999999959,3.191,9.69,19.85,0.1140613869808698,3.0,True,2,Rowing segment,0.013296227581941778,0.01823708206686945,0.0,False,False,0.0,93.35188620902906,90.88145896656523,100.0,55.08058527962149,87.7
453,1365.3,4436.3,2.99,20.5,9.5,2.926829268292683,0.0,3.1670000000000003,9.68,19.95,0.12918978287774743,3.0,True,2,Rowing segment,0.020717377860234785,0.01925025329280661,0.005037783375314754,False,False,0.0,89.64131106988259,90.37487335359667,97.48110831234263,42.49106202202127,84.0
454,1368.1,4445.0,3.05,20.5,8.7,2.926829268292683,0.05999999999999961,3.15,9.51,20.1,0.13258121200900663,2.7999999999999545,True,2,Rowing segment,0.025974025974025865,0.03647416413373872,0.012594458438287152,False,False,0.0,87.01298701298704,81.76291793313062,93.70277078085643,39.66878818575137,79.1
455,1371.1,4454.2,3.04,20.5,9.2,2.926829268292683,-0.009999999999999787,3.133,9.440000000000001,20.1,0.1349114936212269,3.0,True,2,Rowing segment,0.031230674087816806,0.04356636271529885,0.012594458438287152,False,False,0.0,84.3846629560916,78.21681864235053,93.70277078085643,37.72957832148147,76.6
456,1374.1,4463.8,3.04,20.5,9.6,2.926829268292683,0.0,3.1109999999999998,9.379999999999999,20.15,0.1297390543445622,3.0,True,2,Rowing segment,0.03803339517625225,0.04964539007092218,0.01511335012594444,False,False,0.0,80.98330241187385,75.17730496453889,92.44332493702778,42.033970209159065,74.8
457,1376.9,4472.6,3.1,20.5,8.8,2.926829268292683,0.06000000000000005,3.088,9.25,20.25,0.10454132622502794,2.800000000000182,True,2,Rowing segment,0.04514533085961642,0.06281661600810547,0.020151133501259372,False,False,0.0,77.42733457019179,68.59169199594722,89.92443324937031,63.002973556370314,74.0
458,1379.9,4482.2,3.1,20.5,9.6,2.926829268292683,0.0,3.0669999999999997,9.23,20.3,0.07056124211553756,3.0,True,2,Rowing segment,0.05163883735312302,0.06484295845997978,0.02267002518891684,False,False,0.0,74.18058132343846,67.57852077001009,88.66498740554158,91.28046325902504,76.6
459,1382.9,4491.8,3.13,20.0,9.6,3.0,0.029999999999999805,3.057,9.26,20.3,0.048545511292653984,3.0,True,2,Rowing segment,0.05473098330241176,0.0618034447821683,0.02267002518891684,False,False,0.0,72.63450834879409,69.09827760891584,88.66498740554158,100.0,77.9
460,1386.1,4502.0,3.19,19.5,10.2,3.076923076923077,0.06000000000000005,3.066,9.309999999999999,20.3,0.06345602151620669,3.199999999999818,True,2,Rowing segment,0.05194805194805186,0.0567375886524825,0.02267002518891684,False,False,0.0,74.02597402597405,71.63120567375874,88.66498740554158,97.19327388319162,78.9
461,1389.1,4511.5,3.16,19.5,9.5,3.076923076923077,-0.029999999999999805,3.0789999999999997,9.4,20.2,0.06838615844354339,3.0,True,2,Rowing segment,0.04792826221397645,0.04761904761904768,0.017632241813601908,False,False,0.0,76.03586889301178,76.19047619047613,91.18387909319905,93.0905207603262,80.9
462,1392.1,4520.7,3.14,20.0,9.1,3.0,-0.020000000000000018,3.0940000000000003,9.379999999999999,20.2,0.06292853089020047,3.0,True,2,Rowing segment,0.04329004329004306,0.04964539007092218,0.017632241813601908,False,False,0.0,78.35497835497844,75.17730496453889,91.18387909319905,97.6322401522884,82.1
463,1395.3,4530.7,3.1,19.0,10.0,3.1578947368421053,-0.040000000000000036,3.1049999999999995,9.43,20.05,0.051261854997422904,3.2000000000000455,True,2,Rowing segment,0.03988868274582561,0.04457953394123619,0.010075566750629686,False,False,0.0,80.05565862708718,77.7102330293819,94.96221662468515,100.0,84.5
464,1398.1,4539.7,3.08,21.0,9.0,2.857142857142857,-0.020000000000000018,3.108,9.459999999999999,20.1,0.04848825745590549,2.7999999999999545,True,2,Rowing segment,0.038961038961038794,0.04154002026342471,0.012594458438287152,False,False,0.0,80.5194805194806,79.2299898682876,93.70277078085643,100.0,85.0
465,1401.1,4548.9,3.1,21.0,9.1,2.857142857142857,0.020000000000000018,3.114,9.45,20.15,0.04247875285885371,3.0,True,2,Rowing segment,0.03710575139146558,0.04255319148936187,0.01511335012594444,False,False,0.0,81.44712430426719,78.72340425531904,92.44332493702778,100.0,84.9
466,1404.1,4557.7,3.03,19.5,8.9,3.076923076923077,-0.07000000000000028,3.113,9.379999999999999,20.05,0.04448470398786539,3.0,True,2,Rowing segment,0.037414965986394426,0.04964539007092218,0.010075566750629686,False,False,0.0,81.29251700680278,75.17730496453889,94.96221662468515,100.0,84.0
467,1407.1,4566.8,2.96,20.0,9.0,3.0,-0.06999999999999984,3.099,9.4,20.0,0.06590397054299749,3.0,True,2,Rowing segment,0.04174397031539869,0.04761904761904768,0.00755667506297222,False,False,0.0,79.12801484230063,76.19047619047613,96.2216624685139,95.156143746178,83.1
468,1410.1,4575.7,3.0,21.0,8.9,2.857142857142857,0.040000000000000036,3.089,9.33,20.05,0.07294594650225555,3.0,True,2,Rowing segment,0.044836116264687566,0.054711246200607994,0.010075566750629686,False,False,0.0,77.58194186765621,72.644376899696,94.96221662468515,89.29596394107132,80.2
469,1413.1,4584.7,3.03,19.5,9.1,3.076923076923077,0.029999999999999805,3.079,9.28,20.0,0.07355270219372431,3.0,True,2,Rowing segment,0.04792826221397631,0.05977710233029398,0.00755667506297222,False,False,0.0,76.03586889301184,70.11144883485298,96.2216624685139,88.79103500204191,78.9
470,1415.9,4593.1,2.94,20.5,8.4,2.926829268292683,-0.08999999999999986,3.054,9.1,20.1,0.07411702458498809,2.800000000000182,True,2,Rowing segment,0.05565862708719844,0.07801418439716325,0.012594458438287152,False,False,0.0,72.17068645640073,60.99290780141836,93.70277078085643,88.32141813598236,73.9
471,1418.9,4602.4,2.95,20.5,9.3,2.926829268292683,0.010000000000000231,3.033,9.08,20.2,0.07040359839287187,3.0,True,2,Rowing segment,0.0621521335807049,0.08004052684903758,0.017632241813601908,False,False,0.0,68.92393320964752,59.97973657548117,91.18387909319905,91.41165094914385,72.5
472,1421.9,4611.5,3.06,20.0,9.1,3.0,0.10999999999999988,3.025,9.080000000000002,20.2,0.060781941762685254,3.0,True,2,Rowing segment,0.06462585034013595,0.0800405268490374,0.017632241813601908,False,False,0.0,67.68707482993203,59.979736575481276,91.18387909319905,99.4185851111047,73.3
473,1424.9,4620.5,3.06,20.0,9.0,3.0,0.0,3.021,8.98,20.3,0.05646040894091842,3.0,True,2,Rowing segment,0.06586270871985148,0.09017223910840937,0.02267002518891684,False,False,0.0,67.06864564007425,54.913880445795314,88.66498740554158,100.0,71.0
474,1428.1,4630.2,3.03,19.5,9.7,3.076923076923077,-0.03000000000000025,3.016,9.05,20.15,0.05274677451958668,3.199999999999818,True,2,Rowing segment,0.06740878169449584,0.08308004052684906,0.01511335012594444,False,False,0.0,66.29560915275206,58.45997973657546,92.44332493702778,100.0,72.5
475,1431.1,4639.8,3.08,20.0,9.6,3.0,0.050000000000000266,3.014,9.1,20.05,0.049486249493033506,3.0,True,2,Rowing segment,0.06802721088435368,0.07801418439716325,0.010075566750629686,False,False,0.0,65.98639455782312,60.99290780141836,94.96221662468515,100.0,73.7
476,1434.1,4649.0,3.12,20.0,9.3,3.0,0.040000000000000036,3.023,9.14,20.1,0.05982381539894363,3.0,True,2,Rowing segment,0.06524427952999365,0.07396149949341442,0.012594458438287152,False,False,0.0,67.37786023500314,63.01925025329274,93.70277078085643,100.0,74.7
477,1436.9,4657.8,3.06,20.5,8.7,2.926829268292683,-0.06000000000000005,3.033,9.110000000000001,20.15,0.05638163609622394,2.800000000000182,True,2,Rowing segment,0.0621521335807049,0.0770010131712259,0.01511335012594444,False,False,0.0,68.92393320964752,61.49949341438704,92.44332493702778,100.0,74.5
478,1440.1,4667.9,3.06,19.5,10.1,3.076923076923077,0.0,3.039,9.23,20.0,0.05566766466169663,3.199999999999818,True,2,Rowing segment,0.06029684601113155,0.06484295845997978,0.00755667506297222,False,False,0.0,69.85157699443423,67.57852077001009,96.2216624685139,100.0,77.5
479,1443.1,4677.4,3.08,20.0,9.5,3.0,0.020000000000000018,3.0439999999999996,9.27,20.05,0.05699902533278247,3.0,True,2,Rowing segment,0.05875077303648731,0.06079027355623114,0.010075566750629686,False,False,0.0,70.6246134817563,69.60486322188441,94.96221662468515,100.0,78.3
480,1446.1,4686.6,3.06,20.0,9.1,3.0,-0.020000000000000018,3.056,9.34,20.0,0.04376706016576859,3.0,True,2,Rowing segment,0.055040197897340604,0.05369807497467083,0.00755667506297222,False,False,0.0,72.47990105132968,73.15096251266456,96.2216624685139,100.0,80.4
481,1449.1,4696.1,3.05,20.5,9.5,2.926829268292683,-0.010000000000000231,3.066,9.36,20.0,0.02366431913236875,3.0,True,2,Rowing segment,0.05194805194805186,0.051671732522796505,0.00755667506297222,False,False,0.0,74.02597402597405,74.16413373860169,96.2216624685139,100.0,81.3
482,1452.1,4704.8,3.02,20.0,8.7,3.0,-0.029999999999999805,3.0620000000000003,9.319999999999999,20.0,0.027808871486126055,3.0,True,2,Rowing segment,0.05318491032776725,0.05572441742654533,0.00755667506297222,False,False,0.0,73.40754483611633,72.1377912867273,96.2216624685139,100.0,80.4
483,1454.9,4713.1,2.96,20.5,8.3,2.926829268292683,-0.06000000000000005,3.052,9.25,20.05,0.0426354052141666,2.800000000000182,True,2,Rowing segment,0.05627705627705613,0.06281661600810547,0.010075566750629686,False,False,0.0,71.8614718614719,68.59169199594722,94.96221662468515,100.0,78.4
484,1458.1,4722.4,2.96,19.5,9.3,3.076923076923077,0.0,3.045,9.21,20.05,0.05147815070491857,3.199999999999818,True,2,Rowing segment,0.05844155844155833,0.06686930091185411,0.010075566750629686,False,False,0.0,70.77922077922082,66.56534954407294,94.96221662468515,100.0,77.3
485,1461.1,4731.5,2.96,20.0,9.1,3.0,0.0,3.0330000000000004,9.16,20.05,0.0561842207978789,3.0,True,2,Rowing segment,0.06215213358070477,0.0719351570415401,0.010075566750629686,False,False,0.0,68.92393320964757,64.03242147922992,94.96221662468515,100.0,75.8
486,1464.1,4740.3,2.94,20.0,8.8,3.0,-0.020000000000000018,3.0149999999999997,9.11,20.05,0.0540061724867126,3.0,True,2,Rowing segment,0.06771799628942483,0.07700101317122608,0.010075566750629686,False,False,0.0,66.14100185528753,61.499493414386926,94.96221662468515,100.0,73.9
487,1467.1,4749.4,2.97,20.5,9.1,2.926829268292683,0.03000000000000025,3.006,9.15,20.05,0.0531664054329839,3.0,True,2,Rowing segment,0.07050092764378472,0.07294832826747726,0.010075566750629686,False,False,0.0,64.74953617810763,63.52583586626137,94.96221662468515,100.0,74.1
488,1470.1,4758.4,2.98,19.5,9.0,3.076923076923077,0.009999999999999787,2.998,9.040000000000001,20.05,0.050066622281359316,3.0,True,2,Rowing segment,0.07297464440321563,0.08409321175278622,0.010075566750629686,False,False,0.0,63.51267779839214,57.9533941236069,94.96221662468515,100.0,71.8
489,1473.1,4767.2,3.01,19.5,8.8,3.076923076923077,0.029999999999999805,2.991,8.97,20.0,0.04148627617789584,3.0,True,2,Rowing segment,0.07513914656771783,0.09118541033434653,0.00755667506297222,False,False,0.0,62.43042671614107,54.407294832826686,96.2216624685139,100.0,70.3
490,1476.3,4776.5,2.98,19.5,9.3,3.076923076923077,-0.029999999999999805,2.9829999999999997,8.989999999999998,19.95,0.033681514877479335,3.2000000000000455,True,2,Rowing segment,0.07761286332714902,0.08915906788247238,0.005037783375314754,False,False,0.0,61.19356833642547,55.42046605876377,97.48110831234263,100.0,70.4
491,1479.3,4785.4,2.97,19.5,8.9,3.076923076923077,-0.009999999999999787,2.975,8.930000000000001,19.85,0.024152294576926556,3.0,True,2,Rowing segment,0.08008658008657993,0.09523809523809518,0.0,True,False,0.0,59.956709956709986,52.38095238095236,100.0,100.0,69.3
492,1482.5,4795.0,3.0,19.5,9.6,3.076923076923077,0.029999999999999805,2.973,9.02,19.8,0.02057506581594837,3.2000000000000455,True,2,Rowing segment,0.08070500927643776,0.08611955420466072,0.0025188916876574662,True,False,0.0,59.6474953617811,56.94022289766959,98.74055415617127,100.0,70.6
493,1485.5,4804.4,2.99,20.0,9.4,3.0,-0.009999999999999787,2.976,9.13,19.75,0.020655911179708008,3.0,True,2,Rowing segment,0.07977736549165108,0.07497467071935159,0.0050377833753149324,False,False,0.0,60.11131725417446,62.512664640324175,97.48110831234254,100.0,72.5
494,1488.5,4812.7,2.97,19.5,8.3,3.076923076923077,-0.020000000000000018,2.977,9.03,19.75,0.020027758514333176,3.0,True,2,Rowing segment,0.07946815089672224,0.08510638297872355,0.0050377833753149324,False,False,0.0,60.26592455163887,57.446808510638206,97.48110831234254,100.0,70.8
495,1491.5,4821.6,2.99,20.5,8.9,2.926829268292683,0.020000000000000018,2.98,9.010000000000002,19.8,0.019436506316083617,3.0,True,2,Rowing segment,0.07854050711193555,0.0871327254305977,0.0025188916876574662,False,False,0.0,60.72974644403217,56.433637284701135,98.74055415617127,100.0,70.8
496,1494.5,4830.5,2.98,19.5,8.8,3.076923076923077,-0.010000000000000231,2.984,9.010000000000002,19.75,0.01349897115411634,3.0,True,2,Rowing segment,0.07730364873222004,0.0871327254305977,0.0050377833753149324,False,False,0.0,61.34817563388994,56.433637284701135,97.48110831234254,100.0,70.8
497,1497.5,4839.6,2.97,20.5,9.1,2.926829268292683,-0.009999999999999787,2.984,9.01,19.75,0.01349897115411634,3.0,True,2,Rowing segment,0.07730364873222004,0.08713272543059788,0.0050377833753149324,False,False,0.0,61.34817563388994,56.433637284701014,97.48110831234254,100.0,70.8
498,1500.3,4848.1,3.02,20.5,8.5,2.926829268292683,0.04999999999999982,2.988,8.959999999999999,19.85,0.017511900715347042,2.7999999999999545,True,2,Rowing segment,0.0760667903525045,0.09219858156028388,0.0,False,False,0.0,61.966604823747716,53.900709219858065,100.0,100.0,70.6
499,1503.3,4857.1,2.99,20.5,9.0,2.926829268292683,-0.029999999999999805,2.986,8.98,19.95,0.01577621275485229,3.0,True,2,Rowing segment,0.07668521954236221,0.09017223910840937,0.005037783375314754,False,False,0.0,61.65739022881888,54.913880445795314,97.48110831234263,100.0,70.4
500,1506.3,4866.1,2.94,20.5,9.0,2.926829268292683,-0.050000000000000266,2.982,8.95,20.05,0.021499353995402558,3.0,True,2,Rowing segment,0.07792207792207773,0.09321175278622104,0.010075566750629686,False,False,0.0,61.03896103896112,53.394123606889444,94.96221662468515,100.0,69.3
501,1509.3,4874.9,2.98,20.0,8.9,3.0,0.040000000000000036,2.983,8.95,20.1,0.021108186931922464,3.0,True,2,Rowing segment,0.07761286332714888,0.09321175278622104,0.012594458438287152,False,False,0.0,61.19356833642553,53.394123606889444,93.70277078085643,100.0,69.2
502,1512.3,4883.9,3.03,20.5,9.0,2.926829268292683,0.04999999999999982,2.9859999999999998,8.89,20.2,0.025473297566007483,3.0,True,2,Rowing segment,0.07668521954236233,0.099290780141844,0.017632241813601908,False,False,0.0,61.657390228818834,50.354609929077974,91.18387909319905,100.0,67.9
503,1515.3,4892.5,2.95,20.0,8.6,3.0,-0.07999999999999963,2.982,8.809999999999999,20.2,0.02780887148610567,3.0,True,2,Rowing segment,0.07792207792207773,0.10739614994934166,0.017632241813601908,False,False,0.0,61.03896103896112,46.30192502532915,91.18387909319905,100.0,66.2
504,1518.3,4901.6,2.92,20.0,9.1,3.0,-0.03000000000000025,2.9770000000000003,8.89,20.25,0.034009802508453216,3.0,True,2,Rowing segment,0.0794681508967221,0.099290780141844,0.020151133501259372,False,False,0.0,60.26592455163893,50.354609929077974,89.92443324937031,100.0,67.2
505,1521.3,4910.8,3.03,20.0,9.3,3.0,0.10999999999999988,2.981,8.93,20.2,0.03784471194525878,3.0,True,2,Rowing segment,0.07823129251700671,0.09523809523809536,0.017632241813601908,False,False,0.0,60.884353741496646,52.3809523809523,91.18387909319905,100.0,68.3
506,1524.3,4920.1,3.09,20.0,9.3,3.0,0.06000000000000005,2.992,8.98,20.25,0.05116422361157607,3.0,True,2,Rowing segment,0.07482993197278899,0.09017223910840937,0.020151133501259372,False,False,0.0,62.585034013605494,54.913880445795314,89.92443324937031,100.0,69.6
507,1527.3,4929.4,3.07,20.0,9.2,3.0,-0.020000000000000018,3.002,8.99,20.2,0.05593647190238805,3.0,True,2,Rowing segment,0.07173778602350024,0.08915906788247221,0.017632241813601908,False,False,0.0,64.13110698824987,55.42046605876388,91.18387909319905,100.0,70.5
508,1530.1,4937.8,3.04,20.5,8.4,2.926829268292683,-0.029999999999999805,3.004,8.98,20.2,0.056999025332778154,2.7999999999999545,True,2,Rowing segment,0.07111935683364241,0.09017223910840937,0.017632241813601908,False,False,0.0,64.44032158317874,54.913880445795314,91.18387909319905,100.0,70.5
509,1533.1,4946.9,3.02,21.0,9.1,2.857142857142857,-0.020000000000000018,3.007,8.99,20.25,0.05696977756278682,3.0,True,2,Rowing segment,0.07019171304885574,0.08915906788247221,0.020151133501259372,False,False,0.0,64.9041434755721,55.42046605876388,89.92443324937031,100.0,70.6
510,1535.9,4955.6,3.04,21.0,8.7,2.857142857142857,0.020000000000000018,3.0170000000000003,8.96,20.3,0.05250396810398911,2.800000000000182,True,2,Rowing segment,0.06709956709956685,0.0921985815602837,0.02267002518891684,False,False,0.0,66.45021645021653,53.900709219858115,88.66498740554158,100.0,70.4
511,1538.7,4963.8,3.03,21.5,8.2,2.7906976744186047,-0.010000000000000231,3.022,8.89,20.45,0.05094659513209582,2.7999999999999545,True,2,Rowing segment,0.06555349412492263,0.099290780141844,0.03022670025188906,False,False,0.0,67.22325293753866,50.354609929077974,84.88664987405548,100.0,68.9
512,1541.5,4972.1,2.97,21.0,8.3,2.857142857142857,-0.05999999999999961,3.016,8.82,20.5,0.053374983736643025,2.7999999999999545,True,2,Rowing segment,0.06740878169449584,0.10638297872340431,0.03274559193954653,False,False,0.0,66.29560915275206,46.808510638297825,83.62720403022675,100.0,67.1
513,1544.5,4981.4,3.04,20.5,9.3,2.926829268292683,0.06999999999999984,3.025,8.89,20.55,0.048362060428470965,3.0,True,2,Rowing segment,0.06462585034013595,0.099290780141844,0.03526448362720399,False,False,0.0,67.68707482993203,50.354609929077974,82.367758186398,100.0,68.7
514,1547.3,4989.9,3.11,20.5,8.6,2.926829268292683,0.06999999999999984,3.0439999999999996,8.84,20.6,0.03893013685506509,2.7999999999999545,True,2,Rowing segment,0.05875077303648731,0.10435663627153,0.03778337531486146,False,False,0.0,70.6246134817563,47.82168186423496,81.10831234256928,100.0,68.6
515,1550.5,4999.9,3.09,20.0,10.0,3.0,-0.020000000000000018,3.05,8.91,20.6,0.04109609335311009,3.2000000000000455,True,2,Rowing segment,0.05689548546691396,0.09726443768996969,0.03778337531486146,False,False,0.0,71.55225726654301,51.36778115501511,81.10831234256928,100.0,70.2
516,1553.3,5009.0,3.16,20.5,9.0,2.926829268292683,0.07000000000000028,3.057,8.879999999999999,20.65,0.05292552419305727,2.7999999999999545,True,2,Rowing segment,0.05473098330241176,0.10030395136778135,0.040302267002518745,False,False,0.0,72.63450834879409,49.84802431610929,79.84886649874063,100.0,69.8
517,1556.2,5017.2,3.12,21.0,8.2,2.857142857142857,-0.040000000000000036,3.0620000000000003,8.78,20.75,0.056529245135190226,2.900000000000091,True,2,Rowing segment,0.05318491032776725,0.11043566362715314,0.04534005037783368,False,False,0.0,73.40754483611633,44.782168186423384,77.32997481108316,100.0,68.0
518,1559.1,5025.7,3.0,20.5,8.5,2.926829268292683,-0.1200000000000001,3.0580000000000003,8.79,20.75,0.059591199946887385,2.8999999999998636,True,2,Rowing segment,0.054421768707482776,0.10942249240121599,0.04534005037783368,False,False,0.0,72.78911564625861,45.28875379939201,77.32997481108316,100.0,67.9
519,1561.9,5033.7,2.92,20.5,8.0,2.926829268292683,-0.08000000000000007,3.048,8.68,20.7,0.07345444544446701,2.800000000000182,True,2,Rowing segment,0.05751391465677165,0.12056737588652494,0.04282115869017621,False,False,0.0,71.24304267161413,39.716312056737536,78.5894206549119,88.87280213970958,64.0
520,1564.9,5042.4,2.87,20.5,8.7,2.926829268292683,-0.04999999999999982,3.0309999999999997,8.68,20.65,0.09267026371914619,3.0,True,2,Rowing segment,0.06277056277056273,0.12056737588652494,0.040302267002518745,False,False,0.0,68.61471861471863,39.716312056737536,79.84886649874063,72.88181454711076,60.8
521,1567.9,5051.2,2.97,20.5,8.9,2.926829268292683,0.10000000000000009,3.025,8.75,20.55,0.09466314547441008,3.0,True,2,Rowing segment,0.06462585034013595,0.11347517730496463,0.03526448362720399,False,False,0.0,67.68707482993203,43.262411347517684,82.367758186398,71.22338153289276,61.9
522,1570.9,5058.7,2.9,20.5,7.5,2.926829268292683,-0.07000000000000028,3.018,8.669999999999998,20.5,0.10152175464729103,3.0,True,2,Rowing segment,0.06679035250463815,0.12158054711246229,0.03274559193954653,False,False,0.0,66.6048237476809,39.20972644376885,83.62720403022675,65.51579559414851,59.4
523,1573.9,5064.0,2.38,20.5,5.2,2.926829268292683,-0.52,2.952,8.26,20.5,0.2250333308645564,3.0,True,2,Rowing segment,0.08719851576994422,0.16312056737588662,0.03274559193954653,True,False,0.0,56.400742115027874,18.439716312056653,83.62720403022675,0.0,38.7
524,1576.9,5071.9,2.21,20.0,7.9,3.0,-0.16999999999999993,2.862,8.190000000000001,20.45,0.3162910052467432,3.0,True,2,Rowing segment,0.11502782931354344,0.17021276595744675,0.03022670025188906,True,False,0.0,42.48608534322823,14.893617021276617,84.88664987405548,0.0,32.8
525,1579.9,5081.7,2.66,19.5,9.8,3.076923076923077,0.4500000000000002,2.819,8.17,20.4,0.3110359036081332,3.0,True,2,Rowing segment,0.12832405689548537,0.17223910840932127,0.027707808564231592,True,False,0.0,35.837971552257315,13.880445795339368,86.14609571788421,0.0,30.3
526,1582.9,5091.4,2.95,21.0,9.7,2.857142857142857,0.29000000000000004,2.798,8.24,20.45,0.29195890121726764,3.0,True,2,Rowing segment,0.1348175633889918,0.16514690982776095,0.03022670025188906,True,False,0.0,32.59121830550404,17.426545086119514,84.88664987405548,0.0,30.2
527,1585.9,5101.1,3.11,20.5,9.7,2.926829268292683,0.1599999999999997,2.7969999999999997,8.39,20.4,0.29074807728416474,3.0,True,2,Rowing segment,0.1351267779839208,0.14994934143870317,0.027707808564231592,True,False,0.0,32.43661100803957,25.02532928064838,86.14609571788421,0.0,33.0
528,1589.0,5111.2,3.17,20.5,10.1,2.926829268292683,0.06000000000000005,2.814,8.55,20.4,0.3083720696388177,3.099999999999909,True,2,Rowing segment,0.12987012987012972,0.13373860182370823,0.027707808564231592,True,False,0.0,35.06493506493513,33.13069908814587,86.14609571788421,0.0,36.8
529,1591.5,5120.5,3.16,20.5,9.3,2.926829268292683,-0.009999999999999787,2.838,8.68,20.4,0.32635359147198234,2.5,True,2,Rowing segment,0.1224489795918366,0.12056737588652494,0.027707808564231592,True,False,0.0,38.775510204081705,39.716312056737536,86.14609571788421,0.0,40.4
530,1594.3,5130.2,3.29,21.0,9.8,2.857142857142857,0.1299999999999999,2.88,8.790000000000001,20.45,0.3565576157275692,2.7999999999999545,True,2,Rowing segment,0.10946196660482366,0.1094224924012158,0.03022670025188906,True,True,0.6840139343938734,45.26901669758815,45.28875379939206,84.88664987405548,0.0,44.4
531,1597.3,5140.0,3.31,20.5,9.7,2.926829268292683,0.020000000000000018,2.9139999999999997,8.87,20.45,0.3814358836466876,3.0,True,2,Rowing segment,0.09894867037724177,0.10131712259371851,0.03022670025188906,True,True,0.6258306030342509,50.5256648113791,49.341438703140724,84.88664987405548,0.0,47.7
532,1600.3,5149.8,3.26,20.0,9.9,3.0,-0.050000000000000266,2.95,9.11,20.4,0.3966526608171562,3.0,True,2,Rowing segment,0.08781694495980191,0.07700101317122608,0.027707808564231592,False,False,0.0,56.09152752009899,61.499493414386926,86.14609571788421,0.0,54.1
533,1603.1,5159.0,3.22,20.5,9.1,2.926829268292683,-0.03999999999999959,3.034,9.5,20.4,0.3485589381056398,2.7999999999999545,True,2,Rowing segment,0.061842918985776055,0.03748733535967588,0.027707808564231592,False,False,0.0,69.07854050711192,81.25633232016206,86.14609571788421,0.0,65.5
534,1606.1,5168.8,3.19,20.0,9.9,3.0,-0.03000000000000025,3.132,9.7,20.4,0.19515236212878345,3.0,True,2,Rowing segment,0.031539888682745654,0.017223910840932288,0.027707808564231592,False,False,0.0,84.23005565862718,91.3880445795338,86.14609571788421,0.0,74.4
535,1609.1,5179.2,3.27,20.0,10.3,3.0,0.08000000000000007,3.193,9.75,20.45,0.10635893108819075,3.0,True,2,Rowing segment,0.012677798392083947,0.0121580547112463,0.03022670025188906,False,False,0.0,93.661100803958,93.92097264437682,84.88664987405548,61.490402173793115,87.6
536,1612.1,5189.1,3.28,20.5,10.0,2.926829268292683,0.009999999999999787,3.226,9.78,20.4,0.06619835513230674,3.0,True,2,Rowing segment,0.0024737167594309105,0.009118541033434815,0.027707808564231592,False,False,0.0,98.76314162028453,95.44072948328258,86.14609571788421,94.91116326979102,95.1
537,1615.1,5199.3,3.26,20.0,10.2,3.0,-0.020000000000000018,3.2410000000000005,9.83,20.35,0.052588549662037215,3.0,True,2,Rowing segment,-0.002164502164502476,0.004052684903748827,0.025188916876574305,False,False,0.0,100.0,97.97365754812553,87.40554156171285,100.0,97.4
538,1618.1,5209.1,3.27,20.0,9.7,3.0,0.010000000000000231,3.251,9.790000000000001,20.3,0.04677368680977502,3.0,True,2,Rowing segment,-0.005256648113791079,0.008105369807497473,0.02267002518891684,False,False,0.0,100.0,95.94731509625124,88.66498740554158,100.0,96.9
539,1621.1,5219.2,3.3,20.5,10.1,2.926829268292683,0.029999999999999805,3.2649999999999997,9.870000000000001,20.3,0.036285901761814114,3.0,True,2,Rowing segment,-0.009585652442795344,0.0,0.02267002518891684,False,False,0.0,100.0,99.99999999999997,88.66498740554158,100.0,98.3
540,1624.1,5229.5,3.34,19.5,10.3,3.076923076923077,0.040000000000000036,3.2700000000000005,9.919999999999998,20.15,0.04294699575576712,3.0,True,2,Rowing segment,-0.011131725417439989,-0.005065856129685628,0.01511335012594444,False,False,0.0,100.0,100.0,92.44332493702778,100.0,98.9
541,1627.3,5239.7,3.29,19.5,10.2,3.076923076923077,-0.04999999999999982,3.268,9.97,20.05,0.04131182235956275,3.2000000000000455,True,2,Rowing segment,-0.010513296227582021,-0.010131712259371798,0.010075566750629686,False,False,0.0,100.0,100.0,94.96221662468515,100.0,99.2
542,1630.3,5249.0,3.23,19.5,9.3,3.076923076923077,-0.06000000000000005,3.2649999999999997,9.91,20.0,0.04301162633522889,3.0,True,2,Rowing segment,-0.009585652442795344,-0.004052684903748647,0.00755667506297222,False,False,0.0,100.0,100.0,96.2216624685139,100.0,99.4
543,1633.5,5258.6,3.17,19.5,9.6,3.076923076923077,-0.06000000000000005,3.2600000000000002,9.96,19.9,0.050990195135940365,3.2000000000000455,True,2,Rowing segment,-0.008039579468151111,-0.009118541033434634,0.0025188916876572875,False,False,0.0,100.0,100.0,98.74055415617136,100.0,99.8
544,1636.5,5268.3,3.14,19.5,9.6,3.076923076923077,-0.029999999999999805,3.255,9.93,19.85,0.06023103666531868,3.0,True,2,Rowing segment,-0.006493506493506603,-0.00607902735562297,0.0,False,False,0.0,100.0,100.0,100.0,99.87703639591399,100.0
545,1639.5,5278.6,3.24,19.5,10.3,3.076923076923077,0.10000000000000009,3.252,9.93,19.8,0.06014796569942255,3.0,True,2,Rowing segment,-0.005565862708719926,-0.00607902735562297,0.0025188916876574662,False,False,0.0,100.0,100.0,98.74055415617127,99.94616625371975,99.8
546,1642.5,5288.5,3.34,20.0,9.9,3.0,0.09999999999999964,3.258,9.92,19.75,0.06596295256515086,3.0,True,2,Rowing segment,-0.00742115027829328,-0.005065856129685809,0.0050377833753149324,False,False,0.0,100.0,100.0,97.48110831234254,95.10706018538664,98.9
547,1645.5,5299.2,3.37,20.5,10.7,2.926829268292683,0.03000000000000025,3.2689999999999997,9.97,19.8,0.07489993324430554,3.0,True,2,Rowing segment,-0.010822510822510867,-0.010131712259371798,0.0025188916876574662,False,False,0.0,100.0,100.0,98.74055415617127,87.66989851405815,98.0
548,1648.5,5309.3,3.49,20.0,10.1,3.0,0.1200000000000001,3.2910000000000004,10.01,19.8,0.10246408584909496,3.0,True,2,Rowing segment,-0.017625231910946455,-0.014184397163120444,0.0025188916876574662,False,False,0.0,100.0,100.0,98.74055415617127,64.73160798679476,94.5
549,1651.5,5319.7,3.52,20.0,10.4,3.0,0.029999999999999805,3.313,10.040000000000001,19.75,0.125614047339026,3.0,True,2,Rowing segment,-0.024427952999381768,-0.017223910840932107,0.0050377833753149324,False,False,0.0,100.0,100.0,97.48110831234254,45.46671165696055,91.4
550,1655.0,5330.7,3.41,19.5,11.1,3.076923076923077,-0.10999999999999988,3.3200000000000003,10.120000000000001,19.75,0.12918548250051626,3.5,True,2,Rowing segment,-0.02659245516388397,-0.025329280648429583,0.0050377833753149324,False,False,0.0,100.0,100.0,97.48110831234254,42.494640702770845,91.0
551,1657.9,5341.1,3.4,20.0,10.3,3.0,-0.010000000000000231,3.3310000000000004,10.129999999999999,19.8,0.1310173864628586,2.900000000000091,True,2,Rowing segment,-0.029993815708101692,-0.026342451874366565,0.0025188916876574662,False,False,0.0,100.0,100.0,98.74055415617127,40.97016991969471,91.0
552,1660.5,5350.6,3.39,21.0,9.6,2.857142857142857,-0.009999999999999787,3.347,10.16,19.95,0.12702143301209917,2.599999999999909,True,2,Rowing segment,-0.03494124922696365,-0.02938196555217823,0.005037783375314754,False,False,0.0,100.0,100.0,97.48110831234263,44.29551579559201,91.3
553,1663.3,5359.9,3.33,21.0,9.3,2.857142857142857,-0.06000000000000005,3.3630000000000004,10.129999999999999,20.1,0.11136027618102486,2.7999999999999545,True,2,Rowing segment,-0.03988868274582588,-0.026342451874366565,0.012594458438287152,False,False,0.0,100.0,100.0,93.70277078085643,57.328391158566106,92.7
554,1666.3,5370.0,3.36,20.5,10.1,2.926829268292683,0.029999999999999805,3.3850000000000002,10.18,20.2,0.07961713941666256,3.0,True,2,Rowing segment,-0.046691403834261194,-0.03140830800405255,0.017632241813601908,False,False,0.0,100.0,100.0,91.18387909319905,83.744341751623,96.2
555,1669.1,5379.7,3.38,21.0,9.7,2.857142857142857,0.020000000000000018,3.399,10.120000000000001,20.35,0.061544924874285194,2.7999999999999545,True,2,Rowing segment,-0.05102040816326546,-0.025329280648429583,0.025188916876574305,False,False,0.0,100.0,100.0,87.40554156171285,98.78364709823671,97.9
556,1672.1,5390.2,3.36,20.0,10.5,3.0,-0.020000000000000018,3.401,10.18,20.35,0.05971227307312307,3.0,True,2,Rowing segment,-0.051638837353123156,-0.03140830800405255,0.025188916876574305,False,False,0.0,100.0,100.0,87.40554156171285,100.0,98.1
557,1675.1,5399.9,3.34,20.5,9.7,2.926829268292683,-0.020000000000000018,3.3979999999999997,10.08,20.35,0.06214677966094329,3.0,True,2,Rowing segment,-0.05071119356833648,-0.021276595744680757,0.025188916876574305,False,False,0.0,100.0,100.0,87.40554156171285,98.2827965859961,97.9
558,1678.1,5409.5,3.3,20.5,9.6,2.926829268292683,-0.040000000000000036,3.379,10.03,20.4,0.059898061552783634,3.0,True,2,Rowing segment,-0.04483611626468784,-0.016210739614994765,0.027707808564231592,False,False,0.0,100.0,100.0,86.14609571788421,100.0,97.9
559,1680.9,5419.0,3.3,20.5,9.5,2.926829268292683,0.0,3.357,9.94,20.45,0.0391719854544971,2.800000000000182,True,2,Rowing segment,-0.03803339517625253,-0.007092198581560132,0.03022670025188906,False,False,0.0,100.0,100.0,84.88664987405548,100.0,97.7
560,1683.9,5428.9,3.34,20.5,9.9,2.926829268292683,0.040000000000000036,3.35,9.82,20.55,0.03464101615141737,3.0,True,2,Rowing segment,-0.03586889301175033,0.005065856129685988,0.03526448362720399,False,False,0.0,100.0,97.46707193515697,82.367758186398,100.0,96.5
561,1686.9,5439.5,3.42,20.0,10.6,3.0,0.08000000000000007,3.3519999999999994,9.85,20.55,0.0382390143992365,3.0,True,2,Rowing segment,-0.036487322201607886,0.0020263424518745035,0.03526448362720399,False,False,0.0,100.0,98.98682877406273,82.367758186398,100.0,97.0
562,1689.9,5450.4,3.58,20.5,10.9,2.926829268292683,0.16000000000000014,3.371,9.98,20.5,0.08171087238960197,3.0,True,2,Rowing segment,-0.0423623995052568,-0.01114488348530896,0.03274559193954653,False,False,0.0,100.0,100.0,83.62720403022675,82.0019825393376,94.8
563,1692.7,5460.2,3.59,20.0,9.8,3.0,0.009999999999999787,3.397,10.03,20.4,0.10520350648995214,2.7999999999999545,True,2,Rowing segment,-0.05040197897340763,-0.016210739614994765,0.027707808564231592,False,False,0.0,100.0,100.0,86.14609571788421,62.451921488271836,92.3
564,1695.7,5470.4,3.46,20.5,10.2,2.926829268292683,-0.1299999999999999,3.407,10.040000000000001,20.4,0.10604506379629068,3.0,True,2,Rowing segment,-0.05349412492269651,-0.017223910840932107,0.027707808564231592,False,False,0.0,100.0,100.0,86.14609571788421,61.751595733117625,92.2
565,1698.7,5480.4,3.36,20.5,10.0,2.926829268292683,-0.10000000000000009,3.405,10.07,20.35,0.10679679562402294,3.0,True,2,Rowing segment,-0.05287569573283868,-0.020263424518743595,0.025188916876574305,False,False,0.0,100.0,100.0,87.40554156171285,61.12602079488727,92.3
566,1701.7,5490.6,3.36,20.5,10.2,2.926829268292683,0.0,3.405,10.040000000000001,20.4,0.10679679562402294,3.0,True,2,Rowing segment,-0.05287569573283868,-0.017223910840932107,0.027707808564231592,False,False,0.0,100.0,100.0,86.14609571788421,61.12602079488727,92.1
567,1704.7,5500.2,3.35,20.0,9.6,3.0,-0.009999999999999787,3.4059999999999997,10.03,20.35,0.1061654892661212,3.0,True,2,Rowing segment,-0.05318491032776752,-0.016210739614994765,0.025188916876574305,False,False,0.0,100.0,100.0,87.40554156171285,61.65138026654912,92.4
568,1707.5,5509.5,3.23,20.5,9.3,2.926829268292683,-0.1200000000000001,3.399,10.0,20.35,0.11580155439372845,2.7999999999999545,True,2,Rowing segment,-0.05102040816326546,-0.013171225937183282,0.025188916876574305,False,False,0.0,100.0,100.0,87.40554156171285,53.63245566524356,91.2
569,1710.5,5519.4,3.22,20.0,9.9,3.0,-0.009999999999999787,3.3909999999999996,10.040000000000001,20.3,0.12573782247201312,3.0,True,2,Rowing segment,-0.048546691403834275,-0.017223910840932107,0.02267002518891684,False,False,0.0,100.0,100.0,88.66498740554158,45.36370867329489,90.1
570,1713.5,5528.8,3.25,20.5,9.4,2.926829268292683,0.029999999999999805,3.382,9.99,20.3,0.13281566172708442,3.0,True,2,Rowing segment,-0.04576376004947452,-0.01215805471124612,0.02267002518891684,False,False,0.0,100.0,100.0,88.66498740554158,39.47368421051183,89.2
571,1716.5,5538.5,3.19,20.5,9.7,2.926829268292683,-0.06000000000000005,3.3589999999999995,9.9,20.35,0.1448715906511027,3.0,True,2,Rowing segment,-0.03865182436611009,-0.003039513677811485,0.025188916876574305,False,False,0.0,100.0,100.0,87.40554156171285,29.44100139235337,87.5
572,1719.3,5547.5,3.23,20.5,9.0,2.926829268292683,0.040000000000000036,3.3240000000000003,9.709999999999999,20.35,0.1266842093115441,2.7999999999999545,True,2,Rowing segment,-0.027829313543599493,0.016210739614995126,0.025188916876574305,False,False,0.0,100.0,91.89463019250243,87.40554156171285,44.57614605210378,87.0
573,1722.3,5557.7,3.34,20.0,10.2,3.0,0.10999999999999988,3.2990000000000004,9.75,20.35,0.08672433978481972,3.0,True,2,Rowing segment,-0.020098948670377502,0.0121580547112463,0.025188916876574305,False,False,0.0,100.0,93.92097264437682,87.40554156171285,77.82988360673755,92.7
574,1725.3,5568.1,3.36,20.5,10.4,2.926829268292683,0.020000000000000018,3.289,9.77,20.35,0.07030884249747607,3.0,True,2,Rowing segment,-0.017006802721088624,0.010131712259371976,0.025188916876574305,False,False,0.0,100.0,94.93414387031402,87.40554156171285,91.4905047520858,95.1
575,1728.3,5578.5,3.41,20.0,10.4,3.0,0.050000000000000266,3.2939999999999996,9.809999999999999,20.3,0.07734482673213436,3.0,True,2,Rowing segment,-0.018552875695732857,0.00607902735562333,0.02267002518891684,False,False,0.0,100.0,96.96048632218829,88.66498740554158,85.63531113036011,95.1
576,1731.3,5588.6,3.48,20.0,10.2,3.0,0.06999999999999984,3.306,9.809999999999999,20.25,0.09582391258044158,3.0,True,2,Rowing segment,-0.022263450834879565,0.00607902735562333,0.020151133501259372,False,False,0.0,100.0,96.96048632218829,89.92443324937031,70.25741629919227,93.0
577,1734.3,5599.1,3.48,20.0,10.4,3.0,0.0,3.319,9.89,20.25,0.11019679366177342,3.0,True,2,Rowing segment,-0.026283240568954983,-0.0020263424518743235,0.020151133501259372,False,False,0.0,100.0,100.0,89.92443324937031,58.29661610030963,92.2
578,1737.3,5608.7,3.37,19.5,9.6,3.076923076923077,-0.10999999999999988,3.3329999999999997,9.92,20.15,0.1064633478923467,3.0,True,2,Rowing segment,-0.03061224489795925,-0.005065856129685809,0.01511335012594444,False,False,0.0,100.0,100.0,92.44332493702778,61.40350877191718,93.1
579,1740.3,5618.5,3.34,20.5,9.9,2.926829268292683,-0.03000000000000025,3.345,9.92,20.2,0.09879833556853952,3.0,True,2,Rowing segment,-0.03432282003710596,-0.005065856129685809,0.017632241813601908,False,False,0.0,100.0,100.0,91.18387909319905,67.78216593941498,93.8
580,1743.3,5628.1,3.32,20.0,9.6,3.0,-0.020000000000000018,3.3519999999999994,9.940000000000001,20.15,0.09366607354499334,3.0,True,2,Rowing segment,-0.036487322201607886,-0.007092198581560312,0.01511335012594444,False,False,0.0,100.0,100.0,92.44332493702778,72.0531231876232,94.7
581,1746.3,5638.5,3.34,20.0,10.3,3.0,0.020000000000000018,3.367,10.0,20.1,0.07498888806574203,3.0,True,2,Rowing segment,-0.04112554112554127,-0.013171225937183282,0.012594458438287152,False,False,0.0,100.0,100.0,93.70277078085643,87.59587223916527,97.2
582,1749.3,5648.5,3.38,20.0,10.0,3.0,0.040000000000000036,3.382,10.1,20.05,0.05750362307429,3.0,True,2,Rowing segment,-0.04576376004947452,-0.02330293819655508,0.010075566750629686,False,False,0.0,100.0,100.0,94.96221662468515,100.0,99.2
583,1752.3,5658.6,3.43,20.5,10.2,2.926829268292683,0.050000000000000266,3.3909999999999996,10.1,20.1,0.05724217559343985,3.0,True,2,Rowing segment,-0.048546691403834275,-0.02330293819655508,0.012594458438287152,False,False,0.0,100.0,100.0,93.70277078085643,100.0,99.1
584,1755.3,5668.2,3.41,20.5,9.6,2.926829268292683,-0.020000000000000018,3.396,10.02,20.1,0.05641118880351539,3.0,True,2,Rowing segment,-0.05009276437847878,-0.015197568389057605,0.012594458438287152,False,False,0.0,100.0,100.0,93.70277078085643,100.0,99.1
585,1758.3,5678.2,3.28,20.5,10.0,2.926829268292683,-0.13000000000000034,3.383,9.98,20.15,0.06684143758015047,3.0,True,2,Rowing segment,-0.04607297464440337,-0.01114488348530896,0.01511335012594444,False,False,0.0,100.0,100.0,92.44332493702778,94.3760039912482,98.0
586,1761.3,5687.1,3.25,20.0,8.9,3.0,-0.029999999999999805,3.3600000000000003,9.85,20.15,0.06928203230277606,3.0,True,2,Rowing segment,-0.03896103896103921,0.0020263424518745035,0.01511335012594444,False,False,0.0,100.0,98.98682877406273,92.44332493702778,92.34499394680505,97.4
587,1764.3,5696.7,3.13,19.5,9.6,3.076923076923077,-0.1200000000000001,3.325,9.77,20.1,0.08784455968737544,3.0,True,2,Rowing segment,-0.028138528138528338,0.010131712259371976,0.012594458438287152,False,False,0.0,100.0,94.93414387031402,93.70277078085643,76.89766087717751,93.8
588,1767.3,5707.0,3.21,20.0,10.3,3.0,0.08000000000000007,3.309,9.84,20.15,0.09314862675675116,3.0,True,2,Rowing segment,-0.023191094619666244,0.003039513677811665,0.01511335012594444,False,False,0.0,100.0,98.48024316109417,92.44332493702778,72.48373119256641,94.2
589,1770.3,5716.7,3.35,20.0,9.6,3.0,0.14000000000000012,3.31,9.809999999999999,20.1,0.0935711256507981,3.0,True,2,Rowing segment,-0.02350030921459509,0.00607902735562333,0.012594458438287152,False,False,0.0,100.0,96.96048632218829,93.70277078085643,72.13213676780575,93.8
590,1773.1,5726.0,3.34,21.0,9.3,2.857142857142857,-0.010000000000000231,3.312,9.78,20.2,0.09402127418835553,2.7999999999999545,True,2,Rowing segment,-0.024118738404452784,0.009118541033434815,0.017632241813601908,False,False,0.0,100.0,95.44072948328258,91.18387909319905,71.75753290883854,92.8
591,1776.1,5735.3,3.27,20.5,9.3,2.926829268292683,-0.06999999999999984,3.3049999999999997,9.680000000000001,20.25,0.09431036233864357,3.0,True,2,Rowing segment,-0.021954236239950582,0.01925025329280643,0.020151133501259372,False,False,0.0,100.0,90.37487335359678,89.92443324937031,71.51696001423977,90.8
592,1779.1,5744.7,3.16,20.5,9.5,2.926829268292683,-0.10999999999999988,3.283,9.63,20.3,0.10033831659829233,3.0,True,2,Rowing segment,-0.01515151515151527,0.024316109422492422,0.02267002518891684,False,False,0.0,100.0,87.84194528875378,88.66498740554158,66.50062709534377,89.0
593,1782.1,5754.3,3.17,20.0,9.5,3.0,0.009999999999999787,3.257,9.559999999999999,20.25,0.0912931785208803,3.0,True,2,Rowing segment,-0.007111935683364433,0.031408308004052914,0.020151133501259372,False,False,0.0,100.0,84.29584599797352,89.92443324937031,74.0277950099068,89.1
594,1784.9,5763.6,3.26,20.5,9.3,2.926829268292683,0.08999999999999986,3.242,9.530000000000001,20.25,0.07405703507733104,2.800000000000182,True,2,Rowing segment,-0.002473716759431185,0.034447821681864214,0.020151133501259372,False,False,0.0,100.0,82.77608915906785,89.92443324937031,88.3713401043793,90.7
595,1788.1,5773.3,3.18,20.0,9.8,3.0,-0.07999999999999963,3.232,9.510000000000002,20.2,0.07509993342207712,3.199999999999818,True,2,Rowing segment,0.000618429189857556,0.03647416413373854,0.017632241813601908,False,False,0.0,99.6907854050712,81.76291793313072,91.18387909319905,87.50346269979582,90.3
596,1790.9,5781.6,3.04,20.0,8.3,3.0,-0.14000000000000012,3.211,9.45,20.2,0.09596874491208071,2.800000000000182,True,2,Rowing segment,0.007111935683364159,0.04255319148936187,0.017632241813601908,False,False,0.0,96.44403215831787,78.72340425531904,91.18387909319905,70.13688997108372,85.5
597,1793.9,5792.1,3.1,20.5,10.4,2.926829268292683,0.06000000000000005,3.2079999999999997,9.530000000000001,20.3,0.09919677414109773,3.0,True,2,Rowing segment,0.008039579468150836,0.034447821681864214,0.02267002518891684,False,False,0.0,95.98021026592457,82.77608915906785,88.66498740554158,67.45059399284912,86.0
598,1796.9,5801.7,3.33,20.5,9.7,2.926829268292683,0.22999999999999998,3.22,9.47,20.35,0.10645812948447629,3.0,True,2,Rowing segment,0.004329004329004128,0.040526849037487364,0.025188916876574305,False,False,0.0,97.83549783549789,79.73657548125628,87.40554156171285,61.40785141787251,84.5
599,1799.7,5810.4,3.32,20.5,8.7,2.926829268292683,-0.010000000000000231,3.217,9.379999999999999,20.4,0.10274564062122923,2.7999999999999545,True,2,Rowing segment,0.005256648113790805,0.04964539007092218,0.027707808564231592,False,False,0.0,97.37167594310458,75.17730496453889,86.14609571788421,64.49730420625947,83.0
600,1802.7,5819.9,3.14,20.0,9.5,3.0,-0.17999999999999972,3.197,9.4,20.3,0.09534149149242283,3.0,True,2,Rowing segment,0.011440940012368424,0.04761904761904768,0.02267002518891684,False,False,0.0,94.27952999381577,76.19047619047613,88.66498740554158,70.65887667535962,83.6
601,1805.7,5829.3,3.14,20.5,9.4,2.926829268292683,0.0,3.184,9.41,20.3,0.09311880106138923,3.0,True,2,Rowing segment,0.015460729746443842,0.04660587639311052,0.02267002518891684,False,False,0.0,92.26963512677806,76.69706180344471,88.66498740554158,72.5085514899722,83.3
602,1808.7,5838.8,3.21,20.0,9.5,3.0,0.06999999999999984,3.189,9.41,20.25,0.09302926660166692,3.0,True,2,Rowing segment,0.01391465677179947,0.04660587639311052,0.020151133501259372,False,False,0.0,93.04267161410024,76.69706180344471,89.92443324937031,72.5830601272867,83.8
603,1811.7,5849.0,3.31,20.5,10.2,2.926829268292683,0.10000000000000009,3.2030000000000003,9.48,20.3,0.10011659869039297,3.0,True,2,Rowing segment,0.00958565244279507,0.039513677811550206,0.02267002518891684,False,False,0.0,95.20717377860244,80.24316109422486,88.66498740554158,66.68513593403047,84.7
604,1814.5,5857.4,3.23,20.5,8.4,2.926829268292683,-0.08000000000000007,3.2,9.389999999999999,20.3,0.09865765724632396,2.7999999999999545,True,2,Rowing segment,0.010513296227581747,0.04863221884498502,0.02267002518891684,False,False,0.0,94.74335188620908,75.68389057750746,88.66498740554158,67.89923539089189,83.1
605,1817.7,5867.7,3.18,20.0,10.3,3.0,-0.04999999999999982,3.2,9.440000000000001,20.3,0.09865765724632396,3.2000000000000455,True,2,Rowing segment,0.010513296227581747,0.04356636271529885,0.02267002518891684,False,False,0.0,94.74335188620908,78.21681864235053,88.66498740554158,67.89923539089189,84.0
606,1820.5,5876.7,3.27,20.5,9.0,2.926829268292683,0.08999999999999986,3.2230000000000003,9.510000000000002,20.35,0.08273787255879761,2.7999999999999545,True,2,Rowing segment,0.00340136054421745,0.03647416413373854,0.025188916876574305,False,False,0.0,98.29931972789123,81.76291793313072,87.40554156171285,81.14733525195955,88.3
607,1823.3,5885.2,3.27,21.0,8.5,2.857142857142857,0.0,3.2399999999999998,9.32,20.4,0.07133644853011346,2.7999999999999545,True,2,Rowing segment,-0.0018552875695733544,0.05572441742654515,0.027707808564231592,False,False,0.0,100.0,72.13779128672742,86.14609571788421,90.63535327827958,86.8
608,1826.2,5894.2,3.22,21.0,9.0,2.857142857142857,-0.04999999999999982,3.229,9.25,20.45,0.06402256546632049,2.900000000000091,True,2,Rowing segment,0.001546072974644233,0.06281661600810547,0.03022670025188906,False,False,0.0,99.22696351267784,68.59169199594722,84.88664987405548,96.72180828399465,86.0
609,1829.1,5902.4,3.14,21.0,8.2,2.857142857142857,-0.08000000000000007,3.211,9.2,20.5,0.060818491340125416,2.8999999999998636,True,2,Rowing segment,0.007111935683364159,0.06788247213779146,0.03274559193954653,False,False,0.0,96.44403215831787,66.05876393110427,83.62720403022675,99.38816934472902,84.3
610,1832.0,5910.7,3.05,21.0,8.3,2.857142857142857,-0.0900000000000003,3.2020000000000004,9.080000000000002,20.6,0.0769992784958971,2.900000000000091,True,2,Rowing segment,0.009894867037723916,0.0800405268490374,0.03778337531486146,False,False,0.0,95.05256648113802,59.979736575481276,81.10831234256928,85.92286888508738,79.3
611,1835.0,5920.2,3.11,21.0,9.6,2.857142857142857,0.06000000000000005,3.199,9.1,20.65,0.08020113604071948,3.0,True,2,Rowing segment,0.01082251082251073,0.07801418439716325,0.040302267002518745,False,False,0.0,94.58874458874462,60.99290780141836,79.84886649874063,83.25835241534168,78.9
612,1838.0,5930.4,3.31,21.0,10.1,2.857142857142857,0.20000000000000018,3.2089999999999996,9.16,20.75,0.08761658899242,3.0,True,2,Rowing segment,0.0077303648732219895,0.0719351570415401,0.04534005037783368,False,False,0.0,96.13481756338899,64.03242147922992,77.32997481108316,77.08737314976453,79.2
613,1847.7,5951.5,2.0,25.0,21.1,2.4,-1.31,3.0780000000000003,10.25,21.2,0.3871491242976556,9.700000000000045,True,3,Short rowing segment,,,,False,False,0.0,75.88126159554741,100.0,65.99496221662476,0.0,71.5
614,1848.5,5952.9,1.27,44.5,1.5,1.348314606741573,-0.73,2.882,9.56,23.6,0.6839883039935645,0.7999999999999545,True,3,Short rowing segment,,,,False,False,0.0,45.57823129251709,84.29584599797361,5.541561712846366,0.0,46.3
615,1851.9,5960.4,2.08,19.5,7.5,3.076923076923077,0.81,2.772,9.28,23.55,0.718328306246904,3.400000000000091,True,3,Short rowing segment,,,,False,False,0.0,28.57142857142858,70.11144883485298,6.801007556675087,0.0,35.6
616,1854.9,5970.1,2.69,20.0,9.7,3.0,0.6099999999999999,2.714,9.35,23.5,0.6967416227618946,3.0,True,3,Short rowing segment,,,,False,False,0.0,19.60420531849105,73.65754812563313,8.06045340050382,0.0,33.9
617,1857.9,5979.0,3.06,20.5,8.9,2.926829268292683,0.3700000000000001,2.693,9.389999999999999,23.45,0.6811110204821319,3.0,True,3,Short rowing segment,,,,False,False,0.0,16.357452071737832,75.68389057750746,9.319899244332564,0.0,33.6
618,1860.9,5989.4,3.23,20.0,10.3,3.0,0.16999999999999993,2.694,9.52,23.35,0.6819775167359421,3.0,True,3,Short rowing segment,,,,False,False,0.0,16.512059369202248,82.26950354609919,11.838790931989928,0.0,36.3
619,1863.9,5999.4,3.38,20.5,10.0,2.926829268292683,0.1499999999999999,2.718,9.700000000000001,23.3,0.7033064765804373,3.0,True,3,Short rowing segment,,,,False,False,0.0,20.222634508348822,91.38804457953393,13.098236775818673,0.0,41.0
620,1866.5,6009.0,3.35,20.5,9.6,2.926829268292683,-0.029999999999999805,2.748,9.83,23.25,0.7251022916343067,2.599999999999909,True,3,Short rowing segment,,,,False,False,0.0,24.86085343228206,97.97365754812553,14.357682619647393,0.0,45.1
621,1869.5,6019.6,3.35,20.5,10.6,2.926829268292683,0.0,2.7720000000000002,9.93,23.2,0.7421859605247128,3.0,True,3,Short rowing segment,,,,False,False,0.0,28.571428571428637,100.0,15.617128463476138,0.0,47.3
622,1872.5,6030.3,3.45,20.5,10.7,2.926829268292683,0.10000000000000009,2.786,9.99,23.15,0.7546772672989219,3.0,True,3,Short rowing segment,,,,False,False,0.0,30.73593073593078,100.0,16.87657430730487,0.0,48.3
623,1875.3,6040.0,3.52,20.5,9.7,2.926829268292683,0.06999999999999984,2.9379999999999997,8.85,22.7,0.7314946646725718,2.7999999999999545,True,3,Short rowing segment,,,,False,False,0.0,54.23623995052567,48.32826747720354,28.211586901763287,0.0,40.1
624,1878.3,6050.1,3.36,20.5,10.1,2.926829268292683,-0.16000000000000014,3.147,9.709999999999999,20.3,0.4440733172699179,3.0,True,3,Short rowing segment,,,,False,False,0.0,86.54916512059368,91.89463019250243,88.66498740554158,0.0,75.8
625,1881.3,6060.3,3.31,20.0,10.2,3.0,-0.04999999999999982,3.2700000000000005,9.98,20.35,0.2384207298966366,3.0,True,3,Short rowing segment,,,,False,False,0.0,100.0,100.0,87.40554156171285,0.0,83.1
626,1884.3,6070.7,3.32,19.5,10.3,3.076923076923077,0.009999999999999787,3.3329999999999997,10.04,20.3,0.12383232390796106,3.0,True,3,Short rowing segment,,,,False,False,0.0,100.0,100.0,88.66498740554158,46.949423289238304,90.3
627,1887.5,6082.0,3.39,20.0,11.3,3.0,0.07000000000000028,3.3660000000000005,10.280000000000001,20.25,0.07876829593463877,3.2000000000000455,True,3,Short rowing segment,,,,False,False,0.0,100.0,100.0,89.92443324937031,84.45073090430284,96.2
628,1890.5,6092.6,3.53,20.0,10.6,3.0,0.13999999999999968,3.396,10.309999999999999,20.25,0.07834397090893941,3.0,True,3,Short rowing segment,,,,False,False,0.0,100.0,100.0,89.92443324937031,84.80384499625535,96.2
629,1893.3,6102.3,3.41,20.5,9.7,2.926829268292683,-0.11999999999999966,3.3989999999999996,10.28,20.25,0.07823753006782702,2.7999999999999545,True,3,Short rowing segment,,,,False,False,0.0,100.0,100.0,89.92443324937031,84.89242275782884,96.2
630,1896.3,6112.2,3.36,20.5,10.0,2.926829268292683,-0.050000000000000266,3.4,10.32,20.25,0.0776029781788384,3.0,True,3,Short rowing segment,,,,False,False,0.0,100.0,100.0,89.92443324937031,85.42048309013579,96.3
631,1899.1,6122.7,3.47,20.5,10.5,2.926829268292683,0.11000000000000032,3.412,10.31,20.25,0.07828722046983261,2.7999999999999545,True,3,Short rowing segment,,,,False,False,0.0,100.0,100.0,89.92443324937031,84.85107148199013,96.2
632,1902.1,6133.3,3.54,20.5,10.6,2.926829268292683,0.06999999999999984,3.4210000000000003,10.3,20.25,0.08774331250239165,3.0,True,3,Short rowing segment,,,,False,False,0.0,100.0,100.0,89.92443324937031,76.9819165906589,95.0
633,1904.9,6143.3,3.57,21.0,10.0,2.857142857142857,0.029999999999999805,3.4259999999999997,10.33,20.3,0.09512564790261592,2.800000000000182,True,3,Short rowing segment,,,,False,False,0.0,100.0,100.0,88.66498740554158,70.83849703381672,93.9
634,1907.9,6154.3,3.63,21.0,11.0,2.857142857142857,0.06000000000000005,3.4530000000000003,10.42,20.35,0.11126045518913263,3.0,True,3,Short rowing segment,,,,False,False,0.0,100.0,100.0,87.40554156171285,57.41146002505996,91.7
635,1910.7,6164.2,3.59,21.0,10.0,2.857142857142857,-0.040000000000000036,3.4809999999999994,10.4,20.45,0.10640071010625717,2.7999999999999545,True,3,Short rowing segment,,,,False,False,0.0,100.0,100.0,84.88664987405548,61.45563458024175,92.0
636,1913.5,6174.1,3.48,21.0,9.8,2.857142857142857,-0.10999999999999988,3.497,10.35,20.6,0.09031426613039406,2.7999999999999545,True,3,Short rowing segment,,,,False,False,0.0,100.0,100.0,81.10831234256928,74.842424689827,93.4
637,1916.5,6184.0,3.38,20.5,9.9,2.926829268292683,-0.10000000000000009,3.496,10.209999999999999,20.65,0.09167575712504045,3.0,True,3,Short rowing segment,,,,False,False,0.0,100.0,100.0,79.84886649874063,73.70942138538203,93.0
638,1919.3,6193.4,3.35,21.0,9.4,2.857142857142857,-0.029999999999999805,3.478,10.09,20.75,0.10141224997232347,2.7999999999999545,True,3,Short rowing segment,,,,False,False,0.0,100.0,100.0,77.32997481108316,65.60692301186796,91.4
639,1922.3,6203.7,3.37,21.0,10.4,2.857142857142857,0.020000000000000018,3.474,10.16,20.8,0.10511369505870002,3.0,True,3,Short rowing segment,,,,False,False,0.0,100.0,100.0,76.07052896725443,62.52666061529191,90.8
640,1925.1,6212.9,3.31,21.0,9.2,2.857142857142857,-0.06000000000000005,3.469,10.08,20.85,0.11209618885385862,2.7999999999999545,True,3,Short rowing segment,,,,False,False,0.0,100.0,100.0,74.8110831234257,56.715980578266866,89.7
641,1927.9,6221.9,3.29,20.5,9.0,2.926829268292683,-0.020000000000000018,3.4510000000000005,9.93,20.85,0.12556096350203574,2.800000000000182,True,3,Short rowing segment,,,,False,False,0.0,100.0,100.0,74.8110831234257,45.510886875863264,88.0
642,1930.9,6231.5,3.28,21.0,9.6,2.857142857142857,-0.010000000000000231,3.425,9.83,20.9,0.13184586961045372,3.0,True,3,Short rowing segment,,,,False,False,0.0,100.0,97.97365754812553,73.55163727959706,40.280724196150985,86.4
643,1933.7,6241.1,3.29,20.0,9.6,3.0,0.010000000000000231,3.397,9.790000000000001,20.8,0.12728358539542295,2.7999999999999545,True,3,Short rowing segment,,,,False,False,0.0,100.0,95.94731509625124,76.07052896725443,44.077358262606566,86.6
644,1936.7,6251.0,3.35,20.5,9.9,2.926829268292683,0.06000000000000005,3.3689999999999998,9.68,20.75,0.09768998583957071,3.0,True,3,Short rowing segment,,,,False,False,0.0,100.0,90.37487335359667,77.32997481108316,68.70451056772336,88.5
645,1939.7,6260.9,3.3,20.5,9.9,2.926829268292683,-0.050000000000000266,3.34,9.67,20.7,0.06091888960833636,3.0,True,3,Short rowing segment,,,,False,False,0.0,100.0,89.8682877406281,78.5894206549119,99.30462008139136,93.1
646,1942.7,6269.1,3.04,20.0,8.2,3.0,-0.2599999999999998,3.2960000000000003,9.510000000000002,20.6,0.0968618718703227,3.0,True,3,Short rowing segment,,,,False,False,0.0,100.0,81.76291793313072,81.10831234256928,69.39364906904612,86.2
647,1945.7,6278.9,3.02,20.5,9.7,2.926829268292683,-0.020000000000000018,3.2600000000000002,9.489999999999998,20.6,0.124988888395017,3.0,True,3,Short rowing segment,,,,False,False,0.0,100.0,80.74974670719337,81.10831234256928,45.98695538398536,82.3
648,1948.7,6288.6,3.22,20.0,9.7,3.0,0.20000000000000018,3.247,9.52,20.5,0.12129394965216411,3.0,True,3,Short rowing segment,,,,False,False,0.0,100.0,82.26950354609919,83.62720403022675,49.06180334246291,83.7
649,1951.7,6296.8,2.9,20.0,8.2,3.0,-0.3200000000000003,3.2,9.3,20.4,0.1547758235499137,3.0,True,3,Short rowing segment,,,,False,False,0.0,94.74335188620908,71.12462006079024,86.14609571788421,21.19891338261233,74.2
650,1954.7,6306.7,2.84,20.0,9.9,3.0,-0.06000000000000005,3.1529999999999996,9.37,20.3,0.18589423516253561,3.0,True,3,Short rowing segment,,,,False,False,0.0,87.47680890538035,74.67071935157033,88.66498740554158,0.0,70.1
651,1957.7,6315.7,3.06,20.5,9.0,2.926829268292683,0.2200000000000002,3.13,9.37,20.3,0.1812303629209006,3.0,True,3,Short rowing segment,,,,False,False,0.0,83.92084106369823,74.67071935157033,88.66498740554158,0.0,68.8
652,1960.5,6324.6,3.09,20.5,9.0,2.926829268292683,0.029999999999999805,3.1109999999999998,9.309999999999999,20.25,0.17355434627547528,2.7999999999999545,True,3,Short rowing segment,,,,False,False,0.0,80.98330241187385,71.63120567375874,89.92443324937031,5.571833670504489,67.7
653,1963.5,6334.4,3.12,20.0,9.8,3.0,0.03000000000000025,3.094,9.33,20.25,0.1620150884605658,3.0,True,3,Short rowing segment,,,,False,False,0.0,78.3549783549784,72.644376899696,89.92443324937031,15.174553987086847,68.6
654,1966.5,6344.7,3.24,20.5,10.3,2.926829268292683,0.1200000000000001,3.0829999999999997,9.370000000000001,20.25,0.14560601330682377,3.0,True,3,Short rowing segment,,,,False,False,0.0,76.65429808286949,74.67071935157037,89.92443324937031,28.829830772009046,70.8
655,1969.5,6354.8,3.37,20.5,10.1,2.926829268292683,0.1299999999999999,3.0900000000000003,9.389999999999999,20.25,0.15832456116049295,3.0,True,3,Short rowing segment,,,,False,False,0.0,77.73654916512068,75.68389057750746,89.92443324937031,18.245730838471673,69.9
656,1972.5,6365.1,3.34,20.0,10.4,3.0,-0.03000000000000025,3.12,9.61,20.25,0.17530925056405333,3.0,True,3,Short rowing segment,,,,False,False,0.0,82.37476808905386,86.82877406281652,89.92443324937031,4.111440347477058,73.3
657,1975.3,6374.5,3.31,20.5,9.4,2.926829268292683,-0.029999999999999805,3.149,9.580000000000002,20.25,0.18082834094490355,2.7999999999999545,True,3,Short rowing segment,,,,False,False,0.0,86.85837971552262,85.30901722391087,89.92443324937031,0.0,73.7
658,1978.3,6384.0,3.25,20.0,9.5,3.0,-0.06000000000000005,3.152,9.56,20.25,0.18237933606146195,3.0,True,3,Short rowing segment,,,,False,False,0.0,87.32220160791599,84.29584599797361,89.92443324937031,0.0,73.6
659,1981.3,6394.3,3.28,20.0,10.4,3.0,0.029999999999999805,3.1900000000000004,9.78,20.25,0.16254913786981634,3.0,True,3,Short rowing segment,,,,False,False,0.0,93.19727891156471,95.44072948328258,89.92443324937031,14.730129640692336,81.7
660,1984.5,6404.9,3.36,19.5,10.7,3.076923076923077,0.08000000000000007,3.242,9.860000000000001,20.2,0.11409547658771284,3.2000000000000455,True,3,Short rowing segment,,,,False,False,0.0,100.0,99.4934143870314,91.18387909319905,55.05221664747316,91.8
661,1987.3,6414.0,3.29,20.5,9.1,2.926829268292683,-0.06999999999999984,3.2649999999999997,9.87,20.2,0.09489760563657892,2.7999999999999545,True,3,Short rowing segment,,,,False,False,0.0,100.0,99.99999999999986,91.18387909319905,71.02826886630697,94.3
662,1990.5,6424.1,3.15,19.5,10.1,3.076923076923077,-0.14000000000000012,3.271,9.98,20.1,0.0838583461691349,3.2000000000000455,True,3,Short rowing segment,,,,False,False,0.0,100.0,100.0,93.70277078085643,80.21490139228113,96.1
663,1993.3,6432.8,3.08,20.5,8.8,2.926829268292683,-0.06999999999999984,3.2670000000000003,9.879999999999999,20.15,0.09238205693988738,2.7999999999999545,True,3,Short rowing segment,,,,False,False,0.0,100.0,100.0,92.44332493702778,73.12165398383688,94.8
664,1996.3,6443.4,3.18,20.5,10.5,2.926829268292683,0.10000000000000009,3.261,9.9,20.15,0.09620002310002036,3.0,True,3,Short rowing segment,,,,False,False,0.0,100.0,100.0,92.44332493702778,69.94442527450325,94.4
665,1999.1,6453.3,3.43,20.5,9.9,2.926829268292683,0.25,3.2670000000000003,9.88,20.15,0.10520350648993561,2.7999999999999545,True,3,Short rowing segment,,,,False,False,0.0,100.0,100.0,92.44332493702778,62.45192148828558,93.2
666,2002.2,6463.5,3.46,20.5,10.3,2.926829268292683,0.029999999999999805,3.279,9.870000000000001,20.2,0.1202266378322411,3.1000000000001364,True,3,Short rowing segment,,,,False,False,0.0,100.0,99.99999999999997,91.18387909319905,49.949997112088255,91.2
667,2005.2,6473.7,3.36,20.0,10.2,3.0,-0.10000000000000009,3.2840000000000003,9.95,20.15,0.12267391282945786,3.0,True,3,Short rowing segment,,,,False,False,0.0,100.0,100.0,92.44332493702778,47.91342788788104,91.1
668,2008.2,6483.1,3.24,20.0,9.4,3.0,-0.11999999999999966,3.283,9.94,20.15,0.12302212989720572,3.0,True,3,Short rowing segment,,,,False,False,0.0,100.0,100.0,92.44332493702778,47.62364918939988,91.0
669,2011.1,6492.0,3.12,20.5,8.9,2.926829268292683,-0.1200000000000001,3.2670000000000003,9.790000000000001,20.2,0.1334208046412225,2.8999999999998636,True,3,Short rowing segment,,,,False,False,0.0,100.0,95.94731509625124,91.18387909319905,38.97009738983075,88.1
670,2014.2,6502.3,3.14,20.0,10.2,3.0,0.020000000000000018,3.245,9.74,20.25,0.1345155918265392,3.1000000000001364,True,3,Short rowing segment,,,,False,False,0.0,100.0,93.41438703140825,89.92443324937031,38.059039216471355,86.9
671,2017.1,6511.4,3.19,20.5,9.1,2.926829268292683,0.04999999999999982,3.2350000000000003,9.74,20.25,0.13451559182653833,2.8999999999998636,True,3,Short rowing segment,,,,False,False,0.0,100.0,93.41438703140825,89.92443324937031,38.059039216472065,86.9
672,2019.9,6520.8,3.3,20.5,9.5,2.926829268292683,0.10999999999999988,3.25,9.68,20.35,0.1323295549418605,2.800000000000182,True,3,Short rowing segment,,,,False,False,0.0,100.0,90.37487335359667,87.40554156171285,39.87821174403023,85.7
673,2022.9,6530.0,3.28,20.5,9.2,2.926829268292683,-0.020000000000000018,3.2700000000000005,9.72,20.35,0.11813363431112993,3.0,True,3,Short rowing segment,,,,False,False,0.0,100.0,92.40121580547105,87.40554156171285,51.69174929036823,88.2
674,2025.9,6538.8,3.07,21.0,8.8,2.857142857142857,-0.20999999999999996,3.2590000000000003,9.55,20.4,0.131778433575284,3.0,True,3,Short rowing segment,,,,False,False,0.0,100.0,83.789260385005,86.14609571788421,40.33684300338982,83.3
675,2029.0,6548.7,3.11,19.5,9.9,3.076923076923077,0.040000000000000036,3.2270000000000003,9.55,20.3,0.12428014948315277,3.099999999999909,True,3,Short rowing segment,,,,False,False,0.0,98.91774891774901,83.789260385005,88.66498740554158,46.57675254921703,84.2
676,2031.9,6557.9,3.16,20.5,9.2,2.926829268292683,0.050000000000000266,3.197,9.44,20.3,0.09440456674452127,2.900000000000091,True,3,Short rowing segment,,,,False,False,0.0,94.27952999381577,78.21681864235046,88.66498740554158,71.43856514892491,84.4
677,2035.0,6567.3,3.12,21.0,9.3,2.857142857142857,-0.040000000000000036,3.173,9.35,20.4,0.07732327520796621,3.099999999999909,True,3,Short rowing segment,,,,False,False,0.0,90.5689548546692,73.65754812563313,86.14609571788421,85.6532458417863,83.2
678,2046.5,6586.7,3.12,15.0,19.4,4.0,0.0,3.161,10.35,19.9,0.07504813270308547,11.5,True,4,Short rowing segment,,,,False,False,0.0,88.71366728509588,100.0,98.74055415617136,87.54657013570318,94.0
679,2049.9,6595.4,1.77,18.0,8.8,3.3333333333333335,-1.35,3.0260000000000002,10.34,19.65,0.4474172797537179,3.400000000000091,True,4,Short rowing segment,,,,False,False,0.0,67.84168212739648,100.0,94.96221662468507,0.0,73.0
680,2053.1,6605.3,2.68,18.5,9.9,3.2432432432432434,0.9100000000000001,2.98,10.309999999999999,19.5,0.4579179936286433,3.199999999999818,True,4,Short rowing segment,,,,False,False,0.0,60.72974644403217,100.0,91.18387909319895,0.0,69.9
681,2056.3,6615.8,3.11,19.5,10.5,3.076923076923077,0.4299999999999997,2.972,10.45,19.4,0.4545278380424555,3.200000000000273,True,4,Short rowing segment,,,,False,False,0.0,59.49288806431668,100.0,88.6649874055415,0.0,69.1
682,2059.3,6626.0,3.33,19.5,10.2,3.076923076923077,0.2200000000000002,2.975,10.52,19.3,0.45702540653908447,3.0,True,4,Short rowing segment,,,,False,False,0.0,59.956709956709986,100.0,86.14609571788412,0.0,68.9
683,2062.3,6636.5,3.43,20.0,10.4,3.0,0.10000000000000009,2.99,10.639999999999999,19.25,0.4704135296618098,3.0,True,4,Short rowing segment,,,,False,False,0.0,62.275819418676654,100.0,84.8866498740554,0.0,69.5
684,2065.3,6646.2,3.42,20.0,9.8,3.0,-0.010000000000000231,3.025,10.74,19.15,0.48965407290362195,3.0,True,4,Short rowing segment,,,,False,False,0.0,67.68707482993203,100.0,82.36775818639792,0.0,71.0
685,2068.3,6656.4,3.38,20.0,10.2,3.0,-0.040000000000000036,3.0520000000000005,10.77,19.2,0.5021465036332585,3.0,True,4,Short rowing segment,,,,False,False,0.0,71.86147186147195,100.0,83.62720403022665,0.0,72.7
686,2071.4,6665.7,3.28,20.5,9.2,2.926829268292683,-0.10000000000000009,3.064,10.77,19.2,0.506429769179406,3.099999999999909,True,4,Short rowing segment,,,,False,False,0.0,73.71675943104522,100.0,83.62720403022665,0.0,73.3
687,2074.1,6675.6,3.25,20.5,9.9,2.926829268292683,-0.029999999999999805,3.077,10.83,19.15,0.5096850879600898,2.699999999999818,True,4,Short rowing segment,,,,False,False,0.0,75.72665429808289,100.0,82.36775818639792,0.0,73.9
688,2077.1,6685.9,3.41,20.5,10.3,2.926829268292683,0.16000000000000014,3.106,9.92,19.7,0.5205381830375139,3.0,True,4,Short rowing segment,,,,False,False,0.0,80.21026592455166,100.0,96.2216624685138,0.0,77.5
689,2080.1,6695.7,3.36,20.0,9.8,3.0,-0.050000000000000266,3.2649999999999997,10.02,19.9,0.22741298702287616,3.0,True,4,Short rowing segment,,,,False,False,0.0,100.0,100.0,98.74055415617136,0.0,84.8
690,2083.1,6705.5,3.24,20.5,9.8,2.926829268292683,-0.11999999999999966,3.321,10.01,20.1,0.10137389539061936,3.0,True,4,Short rowing segment,,,,False,False,0.0,100.0,100.0,93.70277078085643,65.6388408636806,93.9
691,2086.1,6714.8,3.22,20.0,9.3,3.0,-0.020000000000000018,3.332,9.89,20.15,0.07955431408095172,3.0,True,4,Short rowing segment,,,,False,False,0.0,100.0,100.0,92.44332493702778,83.79662363467851,96.4
692,2089.1,6724.6,3.19,20.0,9.7,3.0,-0.03000000000000025,3.318,9.84,20.2,0.09138441393975556,3.0,True,4,Short rowing segment,,,,False,False,0.0,100.0,98.48024316109417,91.18387909319905,73.95187087124224,94.2
693,2092.1,6734.7,3.23,20.5,10.1,2.926829268292683,0.040000000000000036,3.2979999999999996,9.81,20.25,0.08586811592980434,3.0,True,4,Short rowing segment,,,,False,False,0.0,100.0,96.9604863221884,89.92443324937031,78.54241454590031,94.2
694,2094.9,6743.6,3.22,20.0,8.9,3.0,-0.009999999999999787,3.278,9.72,20.25,0.07714344503009703,2.800000000000182,True,4,Short rowing segment,,,,False,False,0.0,100.0,92.40121580547105,89.92443324937031,85.80289661918098,93.7
695,2098.1,6754.8,3.3,20.0,11.1,3.0,0.07999999999999963,3.2699999999999996,9.81,20.25,0.0691214711777612,3.199999999999818,True,4,Short rowing segment,,,,False,False,0.0,100.0,96.9604863221884,89.92443324937031,92.47860943594345,96.3
696,2101.1,6764.1,3.31,20.0,9.3,3.0,0.010000000000000231,3.2730000000000006,9.82,20.2,0.07024560089033911,3.0,True,4,Short rowing segment,,,,False,False,0.0,100.0,97.46707193515697,91.18387909319905,91.5431330472022,96.5
697,2104.2,6774.1,3.24,20.0,10.0,3.0,-0.06999999999999984,3.272,9.83,20.15,0.07067924416372813,3.099999999999909,True,4,Short rowing segment,,,,False,False,0.0,100.0,97.97365754812553,92.44332493702778,91.18226451143367,96.8
698,2107.1,6784.3,3.3,20.0,10.2,3.0,0.05999999999999961,3.261,9.82,20.1,0.05321862664727728,2.900000000000091,True,4,Short rowing segment,,,,False,False,0.0,100.0,97.46707193515697,93.70277078085643,100.0,98.2
699,2110.2,6794.2,3.4,19.5,9.9,3.076923076923077,0.10000000000000009,3.2649999999999997,9.83,20.05,0.06222718234198289,3.099999999999909,True,4,Short rowing segment,,,,False,False,0.0,100.0,97.97365754812553,94.96221662468515,98.21588721703051,98.3
700,2113.3,6804.7,3.37,19.5,10.5,3.076923076923077,-0.029999999999999805,3.278,9.9,19.95,0.06957010852370786,3.100000000000364,True,4,Short rowing segment,,,,False,False,0.0,100.0,100.0,97.48110831234263,92.10526315788967,98.4
701,2116.2,6814.4,3.35,20.0,9.8,3.0,-0.020000000000000018,3.2910000000000004,9.95,19.95,0.0696738433305158,2.899999999999636,True,4,Short rowing segment,,,,False,False,0.0,100.0,100.0,97.48110831234263,92.01893729942898,98.4
702,2119.3,6825.6,3.46,20.0,11.1,3.0,0.10999999999999988,3.318,10.09,19.95,0.0780028489508295,3.100000000000364,True,4,Short rowing segment,,,,False,False,0.0,100.0,100.0,97.48110831234263,85.08771929823533,97.4
703,2122.3,6835.3,3.41,19.5,9.7,3.076923076923077,-0.04999999999999982,3.336,10.05,19.85,0.0761869046782081,3.0,True,4,Short rowing segment,,,,False,False,0.0,100.0,100.0,100.0,86.59890877334627,98.0
704,2125.3,6844.4,3.28,20.0,9.2,3.0,-0.13000000000000034,3.342,10.080000000000002,19.85,0.06795423296439934,3.0,True,4,Short rowing segment,,,,False,False,0.0,100.0,100.0,100.0,93.44995978494588,99.0
705,2128.4,6853.9,3.24,20.5,9.4,2.926829268292683,-0.03999999999999959,3.336,9.91,19.9,0.07441624673268395,3.099999999999909,True,4,Short rowing segment,,,,False,False,0.0,100.0,100.0,98.74055415617136,88.07241194832808,98.0
706,2131.4,6863.9,3.32,20.5,10.0,2.926829268292683,0.07999999999999963,3.3369999999999997,9.98,19.95,0.07409453421138393,3.0,True,4,Short rowing segment,,,,False,False,0.0,100.0,100.0,97.48110831234263,88.34013413756585,97.9
707,2134.1,6873.3,3.41,20.5,9.4,2.926829268292683,0.0900000000000003,3.354,9.92,20.0,0.06866990283638061,2.699999999999818,True,4,Short rowing segment,,,,False,False,0.0,100.0,100.0,96.2216624685139,92.85439482488745,98.4
708,2137.1,6883.4,3.39,20.5,10.1,2.926829268292683,-0.020000000000000018,3.3630000000000004,9.91,20.05,0.06667499947925148,3.0,True,4,Short rowing segment,,,,False,False,0.0,100.0,100.0,94.96221662468515,94.51451017237287,98.4
709,2140.1,6893.1,3.38,20.0,9.8,3.0,-0.010000000000000231,3.3609999999999998,9.9,20.1,0.06573515886581313,3.0,True,4,Short rowing segment,,,,False,False,0.0,100.0,100.0,93.70277078085643,95.2966251660558,98.3
710,2143.2,6903.8,3.41,20.0,10.7,3.0,0.03000000000000025,3.3650000000000007,9.92,20.15,0.06753599863120255,3.099999999999909,True,4,Short rowing segment,,,,False,False,0.0,100.0,100.0,92.44332493702778,93.79800533457316,97.9
711,2146.1,6913.6,3.43,20.5,9.8,2.926829268292683,0.020000000000000018,3.373,9.919999999999998,20.2,0.07024560089035703,2.900000000000091,True,4,Short rowing segment,,,,False,False,0.0,100.0,100.0,91.18387909319905,91.5431330471873,97.4
712,2149.0,6922.3,3.31,20.5,8.7,2.926829268292683,-0.1200000000000001,3.3579999999999997,9.68,20.25,0.06545566777939825,2.900000000000091,True,4,Short rowing segment,,,,False,False,0.0,100.0,90.37487335359667,89.92443324937031,95.52921159205212,94.4
713,2151.9,6932.0,3.2,20.0,9.7,3.0,-0.10999999999999988,3.3369999999999997,9.68,20.3,0.07916929820188982,2.900000000000091,True,4,Short rowing segment,,,,False,False,0.0,100.0,90.37487335359667,88.66498740554158,84.11702550656472,92.5
714,2154.9,6941.9,3.3,20.0,9.8,3.0,0.09999999999999964,3.339,9.739999999999998,20.3,0.07781031065640641,3.0,True,4,Short rowing segment,,,,False,False,0.0,100.0,93.41438703140813,88.66498740554158,85.24794549486194,93.8
715,2157.9,6950.9,3.28,20.5,9.0,2.926829268292683,-0.020000000000000018,3.343,9.7,20.3,0.07303728119560982,3.0,True,4,Short rowing segment,,,,False,False,0.0,100.0,91.3880445795338,88.66498740554158,89.21995718833644,93.7
716,2161.0,6960.1,3.17,20.0,9.2,3.0,-0.10999999999999988,3.3280000000000003,9.620000000000001,20.25,0.09138441393975717,3.099999999999909,True,4,Short rowing segment,,,,False,False,0.0,100.0,87.3353596757852,89.92443324937031,73.95187087124089,90.1
717,2163.9,6968.9,3.14,20.5,8.8,2.926829268292683,-0.029999999999999805,3.3009999999999997,9.559999999999999,20.25,0.10354279845123099,2.900000000000091,True,4,Short rowing segment,,,,False,False,0.0,100.0,84.29584599797352,89.92443324937031,63.833926733248184,87.6
718,2167.0,6978.0,3.04,20.0,9.1,3.0,-0.10000000000000009,3.2659999999999996,9.459999999999999,20.2,0.12668420931153648,3.099999999999909,True,4,Short rowing segment,,,,False,False,0.0,100.0,79.2299898682876,91.18387909319905,44.57614605211011,83.1
719,2169.8,6986.0,2.99,21.5,8.0,2.7906976744186047,-0.04999999999999982,3.2270000000000003,9.280000000000001,20.35,0.14621521428664067,2.800000000000182,True,4,Short rowing segment,,,,False,False,0.0,98.91774891774901,70.11144883485309,87.40554156171285,28.322866917001765,76.5
720,2172.5,6994.5,3.0,21.0,8.5,2.857142857142857,0.009999999999999787,3.186,9.059999999999999,20.45,0.14668181739927388,2.699999999999818,True,4,Short rowing segment,,,,False,False,0.0,92.57884972170687,58.96656534954392,84.88664987405548,27.934569917200403,70.0
721,2175.4,7003.1,3.07,21.0,8.6,2.857142857142857,0.06999999999999984,3.15,8.940000000000001,20.5,0.12229290885228404,2.900000000000091,True,4,Short rowing segment,,,,False,False,0.0,87.01298701298704,52.887537993920986,83.62720403022675,48.230491141947375,68.7
722,2178.1,7011.0,3.08,21.5,7.9,2.7906976744186047,0.010000000000000231,3.127,8.86,20.6,0.10985343771486958,2.699999999999818,True,4,Short rowing segment,,,,False,False,0.0,83.45701917130486,48.83485309017215,81.10831234256928,58.582349479357,67.3
723,2181.0,7019.1,3.02,23.5,8.2,2.5531914893617023,-0.06000000000000005,3.109,8.709999999999999,20.95,0.11130039432892548,2.900000000000091,True,4,Short rowing segment,,,,False,False,0.0,80.674087816945,41.236068895643236,72.29219143576833,57.37822353834068,62.1
724,2182.7,7026.5,3.25,28.0,7.3,2.142857142857143,0.22999999999999998,3.104,8.459999999999999,21.75,0.10254538290704257,1.699999999999818,True,4,Short rowing segment,,,,False,False,0.0,79.90105132962282,28.57142857142847,52.14105793450886,64.66395433674603,55.5
725,2184.7,7034.2,3.59,31.5,7.7,1.9047619047619047,0.33999999999999986,3.1350000000000002,8.33,22.85,0.1795828499606718,2.0,True,4,Short rowing segment,,,,False,False,0.0,84.69387755102048,21.985815602836798,24.43324937027709,0.5550435315727853,41.1
726,2186.3,7041.2,3.86,36.0,6.9,1.6666666666666667,0.27,3.2039999999999997,8.1,24.45,0.2919360660601315,1.6000000000003638,True,4,Short rowing segment,,,,False,False,0.0,95.3617810760668,10.334346504559166,0.0,0.0,37.0
727,2188.2,7049.0,4.18,34.5,7.9,1.7391304347826086,0.31999999999999984,3.308,8.01,25.85,0.4226056738326603,1.8999999999996362,True,4,Short rowing segment,,,,False,False,0.0,100.0,5.775075987841882,0.0,0.0,37.0
728,2190.0,7056.5,4.39,36.0,7.5,1.6666666666666667,0.20999999999999996,3.443,7.85,27.45,0.5295711052876282,1.800000000000182,True,4,Short rowing segment,,,,False,False,0.0,100.0,0.0,0.0,0.0,35.0
729,2191.5,7064.8,4.56,34.0,8.3,1.7647058823529411,0.16999999999999993,3.6,7.880000000000001,28.7,0.6073622386096268,1.5,True,4,Short rowing segment,,,,False,False,0.0,100.0,0.0,0.0,0.0,35.0
730,2193.2,7072.2,4.61,36.0,7.4,1.6666666666666667,0.05000000000000071,3.761,7.7700000000000005,30.2,0.6429869533841527,1.699999999999818,True,4,Short rowing segment,,,,False,False,0.0,100.0,0.0,0.0,0.0,35.0
731,2195.0,7080.2,4.62,34.5,8.0,1.7391304347826086,0.009999999999999787,3.9159999999999995,7.709999999999999,31.55,0.6447256091634078,1.800000000000182,True,4,Short rowing segment,,,,False,False,0.0,100.0,0.0,0.0,0.0,35.0
732,2196.5,7087.6,4.52,34.5,7.3,1.7391304347826086,-0.10000000000000053,4.0600000000000005,7.65,32.85,0.5962475250356438,1.5,True,4,Short rowing segment,,,,False,False,0.0,100.0,0.0,0.0,0.0,35.0
733,2198.3,7095.5,4.51,35.5,8.0,1.6901408450704225,-0.009999999999999787,4.209,7.630000000000001,34.05,0.48287219381072133,1.800000000000182,True,4,Short rowing segment,,,,False,False,0.0,100.0,0.0,0.0,0.0,35.0
734,2200.2,7103.9,4.59,34.5,8.4,1.7391304347826086,0.08000000000000007,4.343,7.74,34.7,0.3565903345110368,1.8999999999996362,True,4,Short rowing segment,,,,False,False,0.0,100.0,0.0,0.0,0.0,35.0
735,2202.0,7111.1,4.54,33.0,7.2,1.8181818181818181,-0.04999999999999982,4.438000000000001,7.69,34.85,0.24174366589432836,1.800000000000182,True,4,Short rowing segment,,,,False,False,0.0,100.0,0.0,0.0,0.0,35.0
736,2203.7,7120.0,4.57,34.5,8.9,1.7391304347826086,0.03000000000000025,4.509,7.890000000000001,34.7,0.13287002839043377,1.699999999999818,True,4,Short rowing segment,,,,False,False,0.0,100.0,0.0,0.0,39.42844145130986,40.9
737,2205.3,7127.6,4.62,33.0,7.6,1.8181818181818181,0.04999999999999982,4.552999999999999,7.859999999999999,34.55,0.069610024821047,1.6000000000003638,True,4,Short rowing segment,,,,False,False,0.0,100.0,0.0,0.0,92.0720456801654,48.8
738,2207.2,7135.9,4.65,34.0,8.3,1.7647058823529411,0.03000000000000025,4.579000000000001,7.9399999999999995,34.35,0.04677368681010317,1.8999999999996362,True,4,Short rowing segment,,,,False,False,0.0,100.0,2.2289766970617353,0.0,100.0,50.8
739,2209.0,7144.1,4.67,33.0,8.3,1.8181818181818181,0.019999999999999574,4.59,7.94,34.25,0.05416025603120278,1.800000000000182,True,4,Short rowing segment,,,,False,False,0.0,100.0,2.2289766970617353,0.0,100.0,50.8
740,2211.0,7151.8,4.57,34.0,7.7,1.7647058823529411,-0.09999999999999964,4.586,7.970000000000001,34.05,0.05399588461714061,2.0,True,4,Short rowing segment,,,,False,False,0.0,100.0,3.748733535967552,0.0,100.0,51.3
741,2222.8,7180.7,1.77,14.0,28.8,4.285714285714286,-2.8000000000000003,4.301,10.05,32.0,0.8908603831253514,11.800000000000182,True,,Transition/Cooldown,,,,False,False,0.0,100.0,100.0,0.0,0.0,70.0
742,2226.4,7187.2,1.31,17.5,6.5,3.4285714285714284,-0.45999999999999996,3.9799999999999995,9.97,30.3,1.2914419159305,3.599999999999909,True,,Transition/Cooldown,,,,False,False,0.0,100.0,100.0,0.0,0.0,70.0
743,2229.4,7193.2,1.85,19.0,6.1,3.1578947368421053,0.54,3.714,9.78,28.65,1.4359990714945976,3.0,True,,Transition/Cooldown,,,,False,False,0.0,100.0,95.44072948328258,0.0,0.0,68.4
744,2232.6,7200.3,2.08,19.5,7.1,3.076923076923077,0.22999999999999998,3.463,9.65,27.15,1.4844157099680695,3.199999999999818,True,,Transition/Cooldown,,,,False,False,0.0,100.0,88.8551165146909,0.0,0.0,66.1
745,2235.6,7207.1,2.19,20.0,6.8,3.0,0.10999999999999988,3.228,9.610000000000001,25.85,1.4809816564247746,3.0,True,,Transition/Cooldown,,,,False,False,0.0,99.07235621521342,86.82877406281658,0.0,0.0,65.1
746,2238.6,7213.7,2.19,20.5,6.6,2.926829268292683,0.0,2.9899999999999998,9.379999999999999,24.45,1.4317743459699839,3.0,True,,Transition/Cooldown,,,,False,False,0.0,62.27581941867655,75.17730496453889,0.0,0.0,48.1
747,2241.4,7221.0,2.34,20.5,7.3,2.926829268292683,0.1499999999999999,2.762,9.35,23.2,1.3205874113859724,2.800000000000182,True,,Transition/Cooldown,,,,False,False,0.0,27.025355596784205,73.65754812563313,15.617128463476138,0.0,37.6
748,2244.4,7229.1,2.55,20.0,8.1,3.0,0.20999999999999996,2.552,9.330000000000002,21.8,1.1418775960865646,3.0,True,,Transition/Cooldown,,,,False,False,0.0,0.0,72.64437689969604,50.88161209068013,0.0,33.1
749,2247.4,7237.3,2.71,20.5,8.3,2.926829268292683,0.16000000000000014,2.3560000000000003,9.33,20.55,0.8749501573105526,3.0,True,,Transition/Cooldown,,,,False,False,0.0,0.0,72.644376899696,82.367758186398,0.0,37.8
750,2258.5,7259.3,1.01,18.0,21.9,3.3333333333333335,-1.7,2.0,10.75,18.95,0.5304505422541788,11.099999999999909,True,,Transition/Cooldown,,,,False,False,0.0,0.0,100.0,77.32997481108308,0.0,46.6
754,2275.7,7269.9,0.29,8.0,0.2,7.5,-0.72,1.8519999999999999,7.889999999999999,18.35,0.758987629821589,17.199999999999818,False,,Transition/Cooldown,,,,False,False,0.0,0.0,0.0,62.21662468513854,0.0,9.3
756,2286.1,7270.9,0.17,37.0,0.6,1.6216216216216217,-0.11999999999999997,1.738,7.3,20.3,0.9183294010804933,10.400000000000091,False,,Transition/Cooldown,,,,False,False,0.0,0.0,0.0,88.66498740554158,0.0,13.3
